rank,headword,pos,en,ex_fr,ex_en,dispersion,freq
1,le,"det, pro","the; him, her, it, them","vive la politique, vive l’amour –","long live politics, long live love",89,2359662
2,de,"det, prep","of, from, some, any",il ne rêve que d’argent et de plaisirs –,he only dreams of money and pleasure,88,1665907
3,un,"adj, det, nm, pro","a, an, one",je me suis cassé un ongle –,I broke one of my fingernails,95,421500
4,à,prep,"to, at, in",ils restent à l’école le plus longtemps possible –,they remain at school as long as possible,93,557546
5,être,"nm, v",to be; being,tout le monde veut être beau –,everybody wants to be beautiful,91,514562
6,et,conj,and,et les larmes se remirent à couler –,and the tears started flowing again,93,364443
7,en,"adv, prep, pro","in, by",je suis retournée en Espagne en septembre,–I returned to Spain in September,94,242952
8,avoir,"nm, v",to have,on était six donc tu peux pas avoir une conversation –,there were six of us so you can’t have a conversation,89,405020
9,que,"adv, conj, pro","that, which, who, whom",c’est un soldat. mais que fait-il ici? –,it’s a soldier. but what’s he doing here?,88,348428
10,pour,prep,"for, in order to",elle jouait pour gagner –,she played to win,93,151709
11,dans,prep,"in, into, from",je reviendrai dans dix minutes –,I will return in 10 minutes,93,161033
12,ce,"det, pro","this, that",je ne déteste pas cet homme –,I do not detest this man,87,307421
13,il,pro,"he, it",allez voir s’il est blessé –,go see if he is injured,86,251585
14,qui,pro,"who, whom",je ne sais pas à qui m’adresser –,I don’t know who to talk to,89,160867
15,ne,adv,not,nous ne faisons pas du très bon travail –,we are not doing very good work,86,195309
16,sur,"adj, prep","on, upon",t’avais une chance sur un million –,you had one chance in a million,92,97798
17,se,pro,"oneself, himself, herself, itself, themselves","avec ce traité, le Japon se rapproche des Etats-Unis –","with this treaty, Japan brings itself closer to the U.S.",88,144707
18,pas,"adv, nm(pl)","not, n’t; footstep","non, ne touchez pas! –","no, don’t touch it!",83,161746
19,plus,adv,"more, no more",il est considérablement plus jeune que moi –,he’s considerably younger than I am,90,85987
20,pouvoir,"nm, v","can, to be able to",tu peux jouer de la guitare électrique –,you can play electric guitar,90,78074
21,par,prep,by,il s’y trouvait par hasard –,he found himself there by accident,87,99628
22,je,pro,I,je suis contente de vous revoir –,I am happy to see you again,73,227259
23,avec,prep,with,vous voulez aller au ciné avec moi? –,do you want to go to a movie with me?,91,66056
24,tout,"adv, det, nadj, pro","all, very","comme vous voyez, tout est propre –","as you see, everything is clean",86,95071
25,faire,"nm, v","to do, make",qu’est-ce qu’il fait? –,what’s he doing?,85,99587
26,son,"det, nm","his, her, its; sound; bran",un ami ingénieur du son m’aide pour les arrangements –,a sound engineer friend of mine helped me with the arrangements,81,116681
27,mettre,v,"to put, place",je peux me mettre à votre table? –,may I sit at your table?,96,19654
28,autre,"det, nadj(f), pro",other,il y a un autre problème –,there’s another problem,91,40519
29,on,pro,"one, we",on tire et on pose les questions ensuite –,we shoot first and ask questions later,80,87982
30,mais,"adv, conj, intj",but,"je ne suis pas riche, mais je connais la vérité –","I’m not rich, but I know the truth",83,69661
31,nous,pro,"we, us",nous devons nous défendre nous-mêmes –,we must defend ourselves,78,89100
32,comme,"adv, conj","like, as","Tony et moi, on est comme des frères –","Tony and I, we’re like brothers",87,49608
33,ou,conj,or,il en reste du café ou pas? –,is there some coffee left or not?,86,49714
34,si,"adv, conj, nmi","if, whether","aujourd’hui, notre économie va si mal –",today our economy is going so poorly,87,46439
35,leur,"det, adj(f), pro","them, their, theirs",l’énergie solaire assurait leur survie –,solar energy assured their survival,87,39904
36,y,"adv, nmi, pro",there,c’est certain qu’on va y aller –,it’s for certain that we’ll be going there,83,55889
37,dire,"nm, v",to say,je décrochais le téléphone sans rien dire à personne –,I picked up the telephone receiver without saying anything to anyone,77,66657
38,elle,pro,"she, her",j’étais fou amoureux. elle m’aimait bien,– I was head-over-heels in love. she loved me a lot,78,66136
39,devoir,"nm, v","to have to, owe; duty",je dois travailler sans la moindre entrave –,I must work without the least bit of hindrance,83,46491
40,avant,"adji, adv, nm, prep",before,tu vas te pencher en avant –,you’re going to lean forward,94,14109
41,deux,"det, nmi",two,il prend le train deux fois par semaine pour affaires –,he takes the train on business twice per week,87,31727
42,même,"adj(f), adv, pro","same, even, self",ils ne s’excusent même pas –,they don’t even excuse themselves,85,37784
43,prendre,v,to take,elle lui prit la main –,she took him by the hand,90,24323
44,aussi,"adv, conj","too, also, as",je rêvais aussi de beaucoup voyager –,I also dreamed of traveling a lot,88,26219
45,celui,pro,"that, the one, he, him",tu es celui que je respecte le plus –,you’re the one I respect the most,87,28015
46,donner,v,to give,j’aurais donné ma vie pour lui –,I would have given my life for him,90,19581
47,bien,"adji, adv, nm",well,tout va bien maintenant –,everything’s going well now,81,39477
48,où,"adv, pro",where,on ne dit pas où il vit –,they aren’t saying where he lives,87,27126
49,fois,nf(pl),"time, times",lève la main une fois –,raise your hand one time,92,15724
50,vous,pro,you,"ici, vous avez une personnalité publique –","here, you are a public personality",65,77127
51,encore,adv,"again, yet",tu as encore menti à ta femme –,you lied once again to your wife,89,19772
52,nouveau,"adj, nm",new,il a construit une nouvelle vie ici –,he made a new life for himself here,88,22005
53,aller,"nm, v",to go,"tu devrais aller te coucher, tu as l’air vanné –","you should go to bed, you look wiped out",73,50452
54,cela,pro,"that, it",cela demande de l’intégrité et du courage –,that requires integrity and courage,73,50891
55,entre,prep,between,je marche entre les maisons –,I’m walking between the houses,86,23028
56,premier,"det, nadj",first,"est-elle la première épouse, la deuxième? –","is she the first wife, the second one?",84,27061
57,vouloir,"nm, v",to want,tu veux faire ton chemin. c’est bien –,you want to continue on your way. that’s OK,79,36467
58,déjà,adv,already,les rues étaient déjà pleines de monde –,the streets were already full of people,93,11298
59,grand,"adv, nadj","great, big, tall",tu es plus grand que je pensais –,you’re taller than I thought,87,21583
60,mon,det,my,t’aurais pu rencontrer mon copain –,you could’ve met my buddy,70,55084
61,me,pro,"me, to me, myself",reviens me voir dans cinq ou six ans –,come back to see me in five or six years,65,63357
62,moins,"adji(pl), adv, nm(pl), prep",less,il avait moins d’excuses encore que ses complices –,he had even less excuses than his accomplices did,90,14730
63,aucun,"det, adj, pro","none, either, neither, not any",trop d’argent et aucun goût –,too much money and no taste,93,9641
64,lui,pro,"him, her",mais j’ai confiance qu’en lui –,but I have confidence in him,75,38286
65,temps,nm(pl),time,"sur le plan spirituel, le temps n’existe pas –","on the spiritual level, time does not exist",86,20420
66,très,adv,very,"j’ai été bonne? très, très bonne –","was I good? very, very good",82,26324
67,savoir,"nm, v",to know,je ne savais plus quoi dire –,I didn’t know what to say any more,78,32739
68,falloir,v,"to take, require, need","il ne faut pas être raciste, point –","there’s no need to be a racist, at all",84,22844
69,voir,v,to see,je tenais seulement à te voir pour te dire … bonne chance –,I just wanted to see you to say … good luck,78,30907
70,quelque,"adv, adj, det",some,il restera pour quelques mois –,he will stay for a few months,86,18939
71,sans,prep,without,je fais plus jeune sans maquillage –,I look younger without makeup,81,25099
72,raison,nf,reason,"elle a raison, tu sais –","she’s right, you know",92,9506
73,notre,det,our,notre ville a le sens de la communauté –,our city has a sense of community,78,29713
74,dont,pro,"whose, of which",on a tout ce dont tu rêvais en ville –,everything you dreamed about is available in town,86,17841
75,non,"adv, nmi","no, not","non, je ne peux pas parler maintenant –","no, I can’t talk now",81,24848
76,an,nm,year,j’avais un an à la mort de mon père –,I was one year old when my father died,82,22241
77,monde,nm,"world, people",notre ultime but est de reconstruire le monde –,our ultimate goal is to remake the world,87,15475
78,jour,nm,day,"un jour, je retrouverais mes vrais parents","one day, I would find my real parents",86,17641
79,monsieur,nm,"mister, sir, gentleman","comment allez-vous , monsieur?","how are you, sir?",67,45411
80,demander,v,to ask for,j’ai un service à vous demander,I would like to ask you to do something for me,86,16076
81,alors,adv,"then, so",et alors? vous revenez quand? –,so? when are you coming back ?,84,18443
82,après,"adv, prep",after,il a succombé à ses blessures peu après –,he shortly thereafter succumbed to his wounds,83,17733
83,trouver,v,to find,j’ai trouvé du sang. sur le siège avant –,I found some blood. on the front seat,85,16036
84,personne,"nf, pro","person, people, anybody, anyone, nobody",il ne parlait à personne en particulier –,he was speaking to nobody in particular,84,16218
85,rendre,v,"to render, return, yield, give up",je m’y rendis à 4 heures du matin –,I went there at 4 o’clock in the morning,90,10226
86,part,nf,share,je voudrais vous faire part de quelques données –,I want to share some data with you,91,8971
87,dernier,nadj,last,c’est le dernier endroit où vous auriez dû vous rencontrer –,that’s the last place you should have met,83,17524
88,venir,v,to come,venez rencontrer les autres –,come meet the others,81,19776
89,pendant,"adj, prep, nm",during; pendant,où t’étais pendant tout ce temps? –,where were you all of this time?,91,8413
90,passer,v,to pass,nous sommes passées devant la maison de ma grand-mère –,we went past the front of my grandmother’s place,83,17070
91,peu,adv,little,un secret se dévoile peu à peu –,a secret unfolds little by little,81,18830
92,lequel,pro,"who, whom, which",il y a bien des points sur lesquels je voudrais faire des commentaires –,there are many points on which I would like to comment,87,12507
93,suite,nf,"result, follow-up, rest","deux, trois et ainsi de suite –","two, three, and so on",93,5964
94,bon,"adj, adv, intj, nm",good,ce n’est pas le bon moment –,it’s not a good time,81,18375
95,comprendre,v,to understand,je comprends que vous soyez fâché –,I understand that you’re upset,87,12482
96,depuis,"adv, prep","since, for",je le connais depuis le lycée –,I have known him since high school,83,16243
97,point,"adv, nm",point; at all,je suis d’accord avec ce point de vue –,I’m in agreement with that point of view,85,13938
98,ainsi,adv,thus,qu’est-ce qui le pousse à agir ainsi? –,what drives him to act that way?,86,12358
99,heure,nf,hour,a quelle heure sont-ils partis? –,at what time did they leave?,85,13215
100,rester,v,to stay,"le temps qu’il te reste, trouve une solution –","in the remaining time, find a solution",86,11942
101,seul,adj,"alone, only",parler tout seul était signe d’aliénation –,talking to oneself was a sign of loneliness,84,13542
102,année,nf,year,il devait se présenter l’année suivante –,he had to show up the next year,81,16316
103,toujours,adv,always,tu es toujours en retard –,you’re always late,81,15106
104,tenir,v,to hold,c’est une porte de sécurité. tiens ça –,it’s a security door. hold this,85,12229
105,porter,"nm, v","to wear, carry",il a porté le maillot jaune un jour –,he wore the yellow jersey one day,89,8044
106,parler,"nm, v",to speak,je sais de quoi je parle –,I know what I’m talking about,77,18598
107,fort,"adv, adj, nm",strong,c’est une femme forte –,she is a strong woman,90,6811
108,montrer,v,to show,c’est une étrange façon de montrer votre reconnaissance –,that’s a strange way to show your gratitude,92,5634
109,là,"adv, intj","there, here",je n’étais pas passé par là –,I hadn’t passed by there,73,21735
110,certain,"adj, det, nm, pro","certain, sure",certains ont affirmé que le gouvernement était trop faible –,some contend that the government was too weak,79,16317
111,fin,"adj, adv, nf, nm",end; gist; clever person,la fin est importante en toutes choses –,the ending is important in everything,85,10595
112,tu,pro,you,"a ma place, tu ne le ferais pas –","in my position, you would not do it",54,42483
113,continuer,v,to continue,tu continues de m’impressionner –,you continue to impress me,91,6377
114,pays,nm(pl),country,ils vivent dans ce beau pays –,they live in this beautiful country,74,19496
115,trois,"det, nmi",three,les trois chasseurs étaient en pleine lumière,the three hunters were directly in the light,83,12562
116,penser,"nm, v",to think,je pense que vous le connaissez bien –,I think you know him very well,78,16338
117,lieu,nm,place,je suis né dans un lieu public –,I was born in a public place,89,7344
118,partie,nf,part,il garde la majeure partie de cet argent –,he’s keeping most of that money,85,10177
119,quand,"adv, conj",when,tu aurais dû me tuer quand tu en as eu l’occasion –,you should have killed me when you had the chance,75,18704
120,suivre,v,to follow,"les autres, suivez-moi! –","everybody else, follow me!",89,7251
121,contre,"adv, nm, prep",against,"je vois, tu es en colère contre moi –",I see you’re angry with me,78,15564
122,sous,prep,under,juste sous ton nez –,right under your nose,84,10840
123,côté,nm,side,il s’arrête à côté du fauteuil –,he stops beside the armchair,89,7002
124,ensemble,"adv, nm",together,on n’a jamais été si bien ensemble –,we’ve never gotten along so well together,90,6055
125,chose,"adj(f), nf",thing,les choses pourraient bien changer à l’avenir –,things could change in the future,75,18086
126,enfant,"nm, nf, adj(f)",child,mes enfants sont en vie –,my children are alive,85,9836
127,cause,nf,cause,ces hallucinations ont une cause –,these hallucinations have a cause,91,5353
128,politique,nadj(f),politics; political,elle se spécialise en sciences politiques –,her specialty is political science,77,15972
129,place,nf,"room, space, square, place",je n’aimerais pas être à votre place –,I wouldn’t want to be in your stead,87,8092
130,seulement,adv,only,"on va seulement rester quelques jours, ma chérie –","we’re only going to stay a few days, my dear",88,7546
131,moi,"nm, pro",me,tu sors avec moi ce soir? –,are you going out with me tonight?,63,27118
132,vie,nf,life,je suis sûr qu’elle est en vie –,I’m sure she’s alive,80,13285
133,connaître,v,to know,je le connaissais depuis vingt ans –,I had known him for twenty years,83,10612
134,jusque,"adv, prep","to, up to, until",ils me poursuivirent jusque dans la rue –,they followed me right into the street,85,9482
135,croire,v,to believe,je n’arrive pas à y croire –,I just can’t believe it,77,15044
136,homme,nm,man,l’homme est plus important que l’État –,man is more important than country,76,15266
137,cas,nm(pl),case,"en tout cas, moi, je ne l’ai pas –","in any case, I don’t have it",80,12096
138,petit,nadj,"small, little",ce petit drogué n’a pas tort –,this little drug addict isn’t wrong,76,15029
139,commencer,v,"to begin, start",il est important que ces entretiens commencent immédiatement –,it’s important that these meetings start immediately,88,6996
140,compter,v,to count,je peux compter sur toi –,I can count on you,89,6072
141,fait,"adj, nm","done, fact","dans les faits, il a raison –","factually, he is correct",80,12241
142,tel,"adj, det, pro",such,je vais m’abstenir d’employer un tel langage,I’m going to refrain from using such language,84,9491
143,droit,"adj, adv, nm",right,elle a le droit de tout savoir –,she has the right to know everything,78,13566
144,question,nf,question,je suis gêné de répondre à cette question –,I’m embarrassed to answer this question,68,20584
145,donc,conj,"so, then, therefore, thus",nous avons donc dû faire les calculs nous-mêmes –,we had to do the calculations ourselves,74,15588
146,quel,"det, adj, pro","which, what",quel livre cherchiez-vous? –,which book are you looking for?,80,11958
147,général,nadj,general,voici quelques conseils généraux –,here are a few general pieces of advice,82,10245
148,moment,nm,moment,arrête de parler pour un moment –,stop talking for a moment,82,10053
149,entendre,v,to hear,j’ai entendu la nouvelle –,I heard the news,81,10290
150,beaucoup,adv,"much, a lot of, many",il est en mesure de révéler beaucoup de choses –,he’s in a position to reveal many things,78,12421
151,chaque,"det, adj",each,chaque entreprise doit avoir sa propre organisation –,every company must have its own organization,86,7202
152,jeune,nadj(f),young,le gouvernement cherche à exploiter les jeunes –,the government is trying to exploit young people,83,9357
153,travail,nm,work,je ne prenais pas mon travail au sérieux –,I wasn’t taking my work seriously,78,11952
154,femme,nf,"woman, wife",je vous déclare maintenant mari et femme,I now declare you husband and wife,78,12016
155,attendre,v,to wait,ma mère m’attend dans la grande salle –,my mother awaits me in the large room,82,9327
156,remettre,v,"to deliver, replace, set, put",on s’est remis à marcher –,we resumed walking,93,3181
157,appeler,v,to call,comment s’appelle-t-il? –,what’s his name?,83,8899
158,permettre,v,to allow,vous permettez que j’utilise votre téléphone?,would you allow me to use your telephone?,78,11760
159,occuper,v,to occupy,sa main droite était occupée à tenir la petite valise –,his right hand was busy holding the small suitcase,92,3921
160,gouvernement,nm,government,le gouvernement a augmenté les impôts –,the government increased taxes,58,25743
161,eux,pro,them,c’est eux qui comptent –,they are the ones who matter,87,6631
162,devenir,"nm, v",to become,je suis très heureux que vous deveniez ma voisine –,I’m very happy you’ve become my neighbor,82,8933
163,partir,v,to leave,il est parti à présent –,he is gone for the moment,83,8299
164,plan,"adj, nm",plan,achetez donc un plan de la ville –,so buy a map of the city,87,5978
165,décider,v,to decide,j’ai décidé d’écrire un roman –,I decided to write a novel,88,5533
166,soit,"adv, conj",either…or,il a pas le choix: soit il est une star soit il est rien –,he doesn’t have a choice: either he’s a star or he’s nothing,84,7623
167,ici,adv,here,moi je reste ici –,I’m going to stay here,77,11898
168,rien,"adv, nm, pro",nothing,"moi, je n’en sais rien –",I don’t know anything about it,69,16549
169,cours,"nfpl, nm(pl)",course,ils organisaient des petits cours et des séminaires –,they organized short courses and seminars,82,8559
170,affaire,nf,"business, matter",occupe-toi de tes affaires –,mind your own business,80,9899
171,nom,nm,name,quel est son nom? –,what is his name?,85,6836
172,famille,nf,family,il provient sûrement d’une excellente famille –,he surely comes from an excellent family,87,5986
173,effet,nm,effect,"il s’agit, en effet, d’une question cruciale –","it is, indeed, a crucial question",83,8142
174,arriver,v,"to arrive, happen",cela ne m’était pas arrivé depuis –,that hasn’t happened to me since,79,10070
175,possible,adj(f),possible,nous avons donc deux scénarios possibles –,so we have two possible scenarios,86,6178
176,car,"conj, nm",because; bus,"c’est dommage, car tu vas perdre un gros client –","it’s too bad, because you’re going to lose a major customer",81,8864
177,servir,v,to serve,il m’a servi une coupe de champagne –,he served me a glass of champagne,89,4942
178,mois,nm(pl),month,il a écrit ce livre en deux mois –,he wrote this book in two months,82,8318
179,jamais,adv,never,je jure de ne plus jamais te contacter –,I swear I will never contact you again,73,12997
180,sembler,v,to seem,le processus semble irréversible –,the process seems irreversible,83,7471
181,tant,adv,"so much, so many",mais vous avez tant à enseigner –,but you have so much to teach,84,7284
182,vers,"nm(pl), prep",toward; verse,un tram se dirige vers toi. monte dedans –,a tram is approaching you. get on it,77,10203
183,besoin,nm,need,nous avons vraiment besoin d’aide –,we really need some help,82,7899
184,revenir,v,to come back,je sais qu’elle ne reviendra jamais –,I know she will never return,85,6514
185,dès,prep,"from, as soon",on me fera signe dès que vous descendrez –,they’ll wave to me as soon as you get down there,89,4537
186,moyen,"adj, nm","means, way; medium",il songeait aux moyens de profiter de sa victoire –,he was dreaming of a way to profit from his victory,81,8104
187,groupe,nm,group,on va commencer avec le premier groupe –,we’ll start with the first group,76,10535
188,problème,nm,problem,nous avons osé soulever le problème –,we dared raise the problem,76,10795
189,rapport,nm,"relationship, report",je propose que le rapport du comité soit adopté –,I move that the committee’s report be adopted,75,11146
190,peut-être,adv,"perhaps, maybe",j’ai peut-être une idée –,I might have an idea,79,9067
191,vue,nf,view,"la vue est belle, de cette fenêtre –",the view from this window is pretty,87,5172
192,maintenant,adv,now,je ne peux pas partir maintenant –,I can’t leave now,78,9309
193,pourquoi,"adv, conj, nmi",why,pourquoi tu ne m’invites pas? –,why don’t you invite me?,74,11128
194,meilleur,nadj,"better, best",j’apprends à être un meilleur mari –,I’m learning to be a better husband,87,5030
195,trop,adv,"too much, too many",la vie est trop courte. essayez d’être heureuse –,life is too short. try to be happy,78,9356
196,laisser,v,to leave,il va nous laisser tranquilles –,he’ll leave us alone,77,9854
197,ordre,nm,order,ce sont des scientifiques de premier ordre –,they are first-rate scientists,86,5610
198,devant,"adv, nm, prep","in front, ahead",une fumée montait devant nous sur l’horizon –,smoke billowed ahead of us on the horizon,81,7783
199,recevoir,v,to receive,il n’a plus reçu de lettres de moi –,he didn’t receive any more letters from me,82,7201
200,répondre,v,to answer,j’aimerais y répondre par une autre question –,I would like to respond to it with another question,83,6672
201,vivre,"nm, v",to live,aucune Marocaine ne vit seule dans le quartier –,no Moroccan woman lives alone in the neighborhood,80,8023
202,long,"adv, nadj","long, lengthy","l’éducation sur le long terme paiera, j’en suis convaincu –","long-term education pays off, I’m convinced of that",82,6947
203,service,nm,service,je faisais mon service militaire –,I was doing my military service,75,10131
204,ministre,"nm, nf",minister,les ministres se sont réunis dans la nuit –,the ministers met during the night,57,20107
205,face,nf,"front, side, face",,,,
206,chez,prep,"at, with",elle ira peut être vivre définitivement chez lui –,she might go live with him permanently,78,8646
207,te,pro,"you, to you, from you",je vais t’emmener chez un médecin –,I’m going to take you to a doctor,51,23312
208,rappeler,v,"to recall, call back",je ne me rappelle pas avoir été aussi heureux –,I don’t remember having been that happy,86,4966
209,présenter,v,to present,papa je te présente Claire –,"daddy, this is Claire",79,8243
210,accepter,v,to accept,j’accepte avec plaisir votre aimable invitation –,I accept with pleasure your kind invitation,87,4705
211,agir,v,to act,c’est le moment d’agir –,now is the time to act,78,8418
212,simple,nadj(f),simple,on préférerait une réponse simple –,we would prefer a simple answer,90,3579
213,plusieurs,"det, adj, pro",several,il y a plusieurs formes d’humour –,there are several types of humor,80,7714
214,votre,det,your,permettez-moi de vous parler dans votre langue –,allow me to speak to you in your language,64,15483
215,important,nadj,important,c’est une question extrêmement importante –,it’s an extremely important question,75,9564
216,présent,nadj,present,il est trop tard pour dîner à présent –,it’s too late to have supper now,86,5151
217,mieux,"adji(pl), adv, nm",better,je ne vous ai jamais mieux aimée –,I have never loved you more,82,6736
218,poser,v,"to put, pose, ask",je ne me posais plus de questions –,I didn’t ask myself any more questions,84,5949
219,jouer,v,to play,les enfants jouent dehors –,the children are playing outside,83,6092
220,mot,nm,word,je ne crois pas un mot sorti de ta petite bouche –,I don’t believe a single word from your little mouth,81,7191
221,reconnaître,v,to recognize,Joseph reconnut le chant de la grive –,Joseph recognized the thrush’s song,85,5513
222,force,nf,force,parle-moi de ces forces surnaturelles –,talk to me of these supernatural forces,80,7546
223,situation,nf,situation,"dans des situations aussi difficiles, il faut trancher –","in such difficult situations, drastic measures must be taken",79,7616
224,offrir,v,to offer,"alors, je vous offre la vie éternelle –",so I offer you eternal life,87,4365
225,près,"adv, prep","near, nearby, close by",il y a un siège vide près de vous –,there’s an empty seat near you,81,6660
226,choisir,v,to choose,c’est maintenant le moment de choisir –,now is the moment to choose,89,3731
227,national,nadj,national,il y avait l’intérêt national français –,the national interests of the French were involved,74,9570
228,projet,nm,project,le gouvernement ne financerait aucun projet touchant cette pratique –,the government would not fund any project involving this practice,60,16661
229,ni,conj,nor,"je ne mange pas de viandes, ni de produits laitiers –",I don’t eat meat or dairy products,77,8528
230,puis,adv,"then, so","elle a tenté de me tuer, puis elle m’a chassée –","she tried to kill me, then she chased me",72,10366
231,toucher,"nm, v",to touch,il lui touche l’épaule –,he touches her shoulder,88,4032
232,train,nm,train,je pris le train pour un aller-retour vers la mer –,I took the train on a round-trip outing to the sea,90,3198
233,aujourd’hui,adv,today,"je peux, aujourd’hui encore, en réciter –",even today I can still recite some of them,73,9905
234,comment,"adv, conj, intj, nmi",how,voyons un peu comment les choses se sont passées –,let’s take a look at how things unfolded,72,10133
235,surtout,"adv, nm","especially, above all",j’ai surtout besoin d’argent –,what I need above all is money,83,5548
236,gens,nmpl,people,des gens sont venus me voir –,people came to see me,70,11090
237,propre,nadj(f),"clean, proper","la pétasse était propre, mec –","the woman was clean, man",85,5012
238,grâce,nf,"thanks, grace, favour",je ne vous demande aucune grâce –,I’m not asking you for any favors,90,3271
239,idée,nf,idea,que pensez-vous de cette idée? –,what do you think of this idea?,81,6128
240,selon,prep,according to,tout est prêt selon vos désirs –,everything’s ready according to your wishes,68,11561
241,région,nf,region,la région a connu une cinquantaine de massacres –,the region has experienced some fifty massacres,78,7352
242,aimer,v,"to like, love",tu sais que je t’aime –,you know I love you,71,10085
243,sens,nm(pl),"sense, meaning",il manquait un sens à donner à ma vie –,there was a lack of meaning in my life,82,5836
244,retrouver,v,"to find, recall",je te retrouve dehors –,I’ll find you outside,84,5166
245,semaine,nf,week,ma pièce se jouait cette semaine –,my play was showing that week,79,6831
246,également,adv,"also, too, as well, equally",reculer est également hors de question –,backing down is also not an option,74,9011
247,ci,"adv, pro","this one, here","et celui-ci? oui, il est vraiment super –","and this one here? yes, he’s really great",83,5303
248,façon,nf,"way, manner","c’est une façon de voir, je suppose –","it’s a way of looking at it, I guess",75,8326
249,nombre,nm,number,il existe un nombre infini de réponses possibles –,there are an infinite number of possible answers,78,7158
250,perdre,v,to lose,"vous avez perdu votre mère, mademoiselle? –","did you lose your mother, miss?",82,5728
251,français,nadj(pl),French,il faut leur parler en français –,you need to speak to them in French,71,9969
252,expliquer,v,to explain,"je vous en prie, expliquez-moi tout –","I beg you, explain everything to me",82,5749
253,quatre,"det, nmi",four,nous sommes quatre étudiants dans la maison –,we’re four students sharing a house,80,6272
254,compte,nm,"account, count",cette ville a eu son compte de désastres –,this city has had its fair share of disasters,81,5923
255,considérer,v,to consider,la présidence considère cela comme une priorité majeure –,the presidency considers that a major priority,85,4591
256,lorsque,conj,when,que se passe-t-il lorsque nous manquons de sucre? –,what happens when we lack sugar?,74,8682
257,ouvrir,v,to open,"s’il vous plaît, ouvrez les yeux –",please open your eyes,83,5254
258,gagner,v,"to win, earn",que le meilleur gagne –,may the best man win,88,3492
259,exemple,nm,example,ces exemples sont encore bien pauvres –,these examples are still very weak,73,8876
260,ville,nf,city,nous étions de la même ville –,we were from the same city,81,5914
261,économique,nadj(f),"economic, economical",le rétablissement économique de l’Asie est plus rapide que prévu –,Asian economic recovery is faster than projected,77,7421
262,mesure,nf,measure,écrire me libère dans une certaine mesure –,writing liberates me to a certain extent,70,9966
263,histoire,nf,"history, story",on a raconté d’amusantes histoires –,we told funny stories,80,6193
264,haut,"adv, nadj","top, high",voilà qui vous lancera dans la haute société –,that’s who will launch you into high society,84,4897
265,ensuite,adv,next,ensuite il va au restaurant –,then he’s going to the restaurant,88,3533
266,guerre,nf,war,"c’est nul, la guerre! –",war is nothing!,77,6897
267,loi,nf,law,je vais voter contre le projet de loi –,I’m going to vote against the bill,53,17361
268,président,nm,president,j’ai rencontré le président des Etats-Unis –,I met the president of the U.S.,63,12235
269,exister,v,to exist,le risque n’existe plus –,there is no more risk,83,5074
270,sûr,adj,sure,"tu m’attends? bien sûr, poupée –","will you wait for me? of course, doll",78,6629
271,refuser,v,to refuse,attendez…vous refusez d’obéir? –,wait… you refuse to obey?,87,3714
272,plutôt,adv,rather,ce jet vole plutôt bas –,this jet is flying rather low,83,4794
273,bureau,nm,"office, desk",il veut vous voir dans son bureau immédiatement –,he wants to see you in his office immediately,91,2518
274,mauvais,"adv, nadj(pl)","bad, wrong",il constitue un pas dans la mauvaise direction –,it constitutes a step in the wrong direction,88,3425
275,quant,adv,as for,les vents tempêtueux ont modifié la situation quant aux avalanches –,the stormy winds changed the avalanche situation,89,2911
276,mort,"adj, nf",dead; death,la mort ne m’effraye pas –,death doesn’t frighten me,71,8855
277,mal,"adji, adv, nm",bad,"autrement dit, la journée a plutôt mal commencé –","in other words, the day started out rather badly",77,6809
278,lire,"nf, v",to read; lira,je ne voulais pas lire mes poèmes –,I didn’t want to read my poems,80,5707
279,réussir,v,to succeed,il ne réussit pas à vendre un seul dessin,he can’t manage to sell even one drawing,89,2822
280,marché,nm,market,le marché des maisons est resté stable –,the housing market has remained stable,74,7783
281,condition,nf,condition,l’unité de la condition humaine –,the unity of the human condition,80,5589
282,international,nadj,international,elle jouit également d’une excellente réputation internationale –,she also has an excellent international reputation,70,9001
283,changer,v,to change,"ensemble, ils ont changé beaucoup de choses –","together, they changed many things",82,5082
284,oui,"adv, nmi",yes,"oui, oui, je sais! –","yes, yes, I know",62,12295
285,public,nadj,"public, audience",je dois beaucoup au public –,I owe a lot to the public,78,6074
286,humain,nadj,human,"vous savez, on est humains, nous aussi –","you know, we are also human",81,5151
287,souvent,adv,often,mais alors souvent en fin de soirée c’est la fête –,"well, often the night ends with a party",79,5945
288,cinq,"det, nm(pl)",five,"j’ai cinq minutes, je dois rencontrer quelqu’un à midi –",I have five minutes—I have to meet someone at noon,77,6263
289,système,nm,system,j’ai décrit le système idéal –,I described the ideal system,65,10450
290,travailler,v,to work,nous devons travailler ensemble –,we have to work together,76,6761
291,jeu,nm,game,nous n’entrons pas dans le jeu de la politique –,we don’t enter into the political fray,85,3874
292,vrai,"adv, nadj",true,"ah, oui, c’est vrai –","oh, yes, that’s right",73,7846
293,représenter,v,to represent,il représente bien le sport français –,he represents French sports very well,80,5385
294,madame,nf,"madam, lady",et je suis au service de madame –,"I’m at your service, ma’am",71,8195
295,société,nf,society,on vit dans une société où tout s’accélère –,we live in a society where everything is accelerating,73,7615
296,difficile,nadj(f),difficult,"c’est difficile, monsieur, très difficile d’être un homme –","sir, it’s difficult—very difficult—to be a man",84,4116
297,quoi,pro,what,je ne sais pas de quoi vous parlez –,I don’t know what you’re talking about,63,10985
298,entreprise,nf,"enterprise, business",j’ai moi-même l’esprit d’entreprise,,,
299,coup,nm,"coup, blow, knock, stroke",je lui donne juste un coup de main. je le lui dois –,I’m just giving him a helping hand. I owe it to him,77,6123
300,or,"conj, nm","gold; hence, thus",je ne suis pas chercheuse d’or –,I’m not a gold-digger,87,3245
301,social,nadj,social,elle a une dimension sociale autant que biologique –,it has a social dimension as much as a biological one,71,8096
302,assurer,v,"to assure, insure",le contrat assure une pension à l’époux survivant –,the contract guarantees a pension to the surviving spouse,77,6044
303,essayer,v,to try,je vais essayer de vous convaincre –,I’ll try to convince you,79,5341
304,juste,"adv, nadj(f)","just, only; fair","vous êtes juste et impartial, comme toujours –","you’re fair and impartial, as always",79,5294
305,étranger,nadj,foreigner; foreign,la situation est bien différente à l’étranger –,the situation is very different abroad,76,6272
306,empêcher,v,to prevent,cela n’aurait évidemment rien empêché –,apparently that wouldn’t have prevented anything,89,2705
307,million,nm,million,un quart de million d’articles ont été distribués –,a quarter million articles were distributed,69,8380
308,manière,nf,"manner, way","de cette manière, nous serons ensemble –","this way, we will be together",80,5094
309,sortir,v,"to go out, leave",sortez ou j’appelle la police –,get out of here or I’ll call the police,73,7005
310,prix,nm(pl),price; prize,il y a un prix pour les gagnants –,there is a prize for the winners,78,5543
311,terme,nm,"term, deadline",l’éducation sur le long terme paiera –,education will pay off in the long term,77,5905
312,longtemps,adv,"a long time, a long while",pendant longtemps il ne bougea pas de son lit –,for a long while he didn’t move from his bed,84,3743
313,reprendre,v,"to resume, recover, start again, take back","on peut les arrêter, leur reprendre cette ville","we can arrest them, take back this city from them",84,3867
314,courant,"adj, nm",current,"je suis au courant, il a téléphoné –","I’m aware of it, he telephoned",89,2490
315,intérêt,nm,interest,l’avenir ne présente guère d’intérêt –,the future is hardly interesting,77,5773
316,mener,v,to lead,la police mène une enquête pour arrêter les assaillants –,the police are leading an investigation to arrest the attackers,85,3622
317,information,nf,information,ces dirigeants ont décidé de taire ces informations –,these leaders decided to suppress this information,73,6966
318,détail,nm,detail,vous devriez tout me raconter en détails –,you should tell me everything in minute detail,92,1765
319,appartenir,v,to belong,cet argent n’appartient pas au gouvernement –,this money does not belong to the government,91,1920
320,liberté,nf,"liberty, freedom",on se bat pour la liberté d’expression –,we’re fighting for freedom of expression,86,3350
321,assez,adv,enough,les journées ne sont plus assez longues –,the days are no longer long enough,77,5630
322,risquer,v,to risk,un avocat ne viendra pas risquer sa vie –,a lawyer won’t come here to risk his life,88,2752
323,chacun,pro,each,"ils ont chacun leurs intérêts, leurs passions –","they each have their own interests, passions",84,3785
324,concerner,v,to concern,"en ce qui me concerne, je voudrais te féliciter –","for my part, I would like to congratulate you",70,7875
325,maison,nf,house,elle est revenue habiter à la maison –,she came back to live at home,76,5803
326,d’abord,adv,first of all,je voudrais d’abord savoir quel métier tu exerces –,I would first of all like to know what you do for a living,83,3844
327,apprendre,v,to learn,où as-tu appris le métier? –,where did you learn your trade?,83,4035
328,niveau,nm,level,ce niveau de collaboration ne sera pas maintenu –,this level of cooperation will not be maintained,71,7236
329,rencontrer,v,to meet,il rencontrera le pape au Vatican vendredi –,he will meet the Pope at the Vatican on Friday,82,4103
330,ton,"det, nm",your; tone,le ton était donné –,the tone was sounded,57,12083
331,æuvre,nf,"work, task",peu d’auteurs font référence à son æuvre –,few authors cite his work,84,3754
332,créer,v,to create,des malentendus nous créent des problèmes terribles –,misunderstandings create horrible problems for us,77,5446
333,état,nm,state,la police était en état d’alerte maximum –,the police were in a full state of emergency,74,6400
334,obtenir,v,"to get, obtain",j’essaierai d’obtenir la réponse pour demain –,I will try to get the answer for tomorrow,79,5088
335,clair,"adv, nadj",clear,"la nuit était froide et claire, sous la lune –","the night was cold and clear, under the moon",86,3080
336,chercher,v,to look for,je ne cherche pas la richesse –,I am not seeking riches,76,5694
337,entrer,v,"to enter, go in, come in",faut trouver le moyen d’ entrer dans le soussol –,gotta find the way to enter into the basement,83,3800
338,proposer,v,to propose,le jeune Français propose une promenade au parc –,the young Frenchman proposed a stroll through the park,73,6484
339,apporter,v,to bring,je vous ai apportée des fleurs de mon jardin –,I brought you flowers from my garden,84,3624
340,programme,nm,program,• utilisons ce programme comme il se,,,
341,loin,"adv, nm",far,tu es venu de si loin –,you came from so far away,80,4677
342,ligne,nf,line,il ne compte qu’une seule ligne de texte –,it only has a single line of text,80,4557
343,tête,nf,head,ma tête me gratte –,my head is itchy,71,6952
344,libre,adj(f),free,demain je suis libre toute la journée –,tomorrow I’m free all day,87,2703
345,utiliser,v,to use,il utilisait une sorte de rasoir –,he was using some type of razor,68,7709
346,atteindre,v,to reach,leur fortune atteindrait des milliards –,their fortune would reach billions,82,3980
347,tenter,v,"to tempt, try",il tente de sortir de l’Italie –,he tried to leave Italy,85,3186
348,tard,adv,late,"retournez au lit, il est tard –","go back to bed, it’s late",82,3996
349,enfin,adv,"at last, finally",elle avait enfin la réponse –,she finally got the answer,74,5989
350,différent,adj,different,c’est un bruit complètement différent –,it’s a completely different noise,75,5696
351,sorte,nf,"sort, kind",la boisson est une sorte de drogue –,liquor is a kind of drug,79,4741
352,cependant,"adv, conj",however,cette sécurité se trouve cependant menacée –,"this security is, however, threatened",81,4220
353,sujet,nm,"subject, topic",je cherchais un sujet de mémoire –,I was looking for a thesis topic,73,6227
354,importer,v,to import; to be important,il importait de ne pas répéter l’erreur,it’s important to not repeat the mistake,86,3055
355,action,nf,action,le président devrait éviter des actions irréfléchies –,the president should avoid rash actions,78,4997
356,relation,nf,relationship,il y a là une relation intéressante à explorer –,now there is an interesting relationship to explore,81,4222
357,recherche,nf,"research, search",la recherche en santé peut se révéler extrêmement bénéfique –,health research can be extremely beneficial,77,5132
358,livre,"nm, nf",book,je me mis à feuilleter les livres –,I began paging through the books,70,7124
359,ajouter,v,to add,il ajouta à sa lettre une note –,he added a note to his letter,74,5987
360,ailleurs,adv,"elsewhere, somewhere else",les négociations décisives se tiennent ailleurs –,the decisive negotiations are taking place elsewhere,84,3382
361,vraiment,adv,"truly, really, very","très mauvais, c’est pas vraiment sexy –","very bad, it’s not really sexy",70,7077
362,doute,nm,doubt,il n’y a sans doute rien à voir –,"without a doubt, there’s nothing to see",80,4304
363,reste,nm,rest,"c’est tout. le reste, je m’en fous –","that’s all. for the rest, I couldn’t give a sh*t",87,2607
364,début,nm,beginning,je l’ai expliqué au début de mon discours –,I explained it at the beginning of my talk,77,5096
365,présence,nf,presence,j’ai besoin de sa présence; elle est mon ange –,I need to be in her presence; she is my angel,88,2475
366,nombreux,adj(pl),numerous,j’ai participé à de nombreux débats de ce genre –,I have participated in numerous debates of this kind,78,4678
367,produire,v,to product,nous devons produire quelque chose sur les terres en jachère –,we must produce something with the fallow lands,81,4014
368,préparer,v,to prepare,je vous prépare à manger? –,should I prepare you some food?,89,2223
369,forme,nf,form,les électrons ne sont plus sous forme de gaz –,the electrons are no longer in the form of gas,79,4533
370,décision,nf,decision,"parfois, vos décisions nous déçoivent –",sometimes your decisions disappoint us,73,5924
371,rôle,nm,role,il joue un rôle actif sur la scène internationale –,he plays an active role in the international scene,79,4354
372,dix,"det, nmi",ten,je patiente depuis dix minutes –,I have been patiently waiting for ten minutes,81,3871
373,produit,nm,product,de nouveaux marchés s’ouvrent ainsi aux produits français –,new markets are thus opening to French products,79,4492
374,américain,nadj,American,c’est la voie que les Américains ont choisie,it’s the path that the Americans have chosen,60,9762
375,minute,nf,minute,vous ne pouvez pas attendre deux minutes –,you can’t wait two minutes,81,4025
376,relever,v,to raise,elle relevait la tête pour croiser mon regard –,she lifted up her head to catch me looking at her,89,2219
377,autant,adv,"as much, as many",il a une bonne raison pour tarder autant –,he has a good reason for being so late,84,3276
378,peuple,nm,people,ma vengeance va s’abattre sur votre peuple! –,my vengeance will smite your people!,84,3206
379,second,"adj, det, nm",second,j’ai écrit la seconde partie du roman avant la première –,I wrote the second part of the novel before the first,84,3301
380,prochain,nadj,next,je vous offre 50% sur votre billet prochain –,I’ll offer you 50% off your next ticket,76,5091
381,particulier,nadj,"particular, peculiar; person",j’ai un regard un peu particulier –,I have a somewhat peculiar look,78,4643
382,écrire,v,to write,c’est pour cela que j’écris –,that’s why I’m writing,70,6496
383,position,nf,position,ils ne changent pas de position à ce sujet –,they aren’t changing positions on this subject,78,4628
384,développement,nm,development,nous allons poursuivre le développement de nos activités –,we will pursue the development of our activities,74,5540
385,défendre,v,"to defend, forbid",je pensais que je pouvais me défendre –,I thought I could defend myself,87,2412
386,chef,nm,"head, leader, chief",vous surestimez le pouvoir des chefs d’Etat –,you overestimate the power of the heads of state,71,6263
387,économie,nf,economy,les exportations sont le moteur de notre économie –,exports are what drive our economy,76,4973
388,effort,nm,effort,ils doivent faire un effort pour nous comprendre –,they have to make an effort to understand us,83,3239
389,parmi,prep,among,il y en a un parmi vous qui est un démon –,one among you is a demon,84,3165
390,membre,nm,member,j’espère que tous les membres seront présents –,I hope that all the members will be present,67,7128
391,tirer,v,"to pull, fire","à mon ordre, tirez sur ce câble –","when I give the word, pull on this cable",79,4267
392,ancien,"adj, nm",ancient; former,je dis merci à tous les anciens combattants –,I thank all the combat veterans,73,5545
393,beau,"adj, nm","handsome, fine, right","ce sont là de belles paroles, mais des paroles creuses –","those are pretty words, but empty ones",71,6210
394,plein,"adv, nadj, prep",full,l’église est pleine –,the church is full,81,3694
395,juger,v,to judge,ce n’est pas à moi de juger ça –,it’s not my place to judge that,84,3077
396,éviter,v,to avoid,on ne peut évidemment pas l’éviter –,we obviously can’t avoid that,86,2608
397,soir,nm,evening,il est environ neuf heures du soir –,it’s about nine o’clock in the evening,70,6293
398,personnel,nadj,"personnel, personal",vous semblez vous inspirer de votre vie personnelle pour écrire –,you seem to draw inspiration from your own personal life in writing,81,3741
399,titre,nm,title,ils nous accuseront à juste titre –,they are rightly accusing us,79,4197
400,parti,nadj,party,il n’y a qu’un parti à blâmer –,there’s only one party to blame,66,7249
401,objet,nm,objective; object,Mathias remit l’objet dans sa poche –,Mathias returned the object into his pocket,81,3622
402,unique,adj(f),unique,j’ai longtemps cru que tu étais unique –,I have long believed that you were unique,89,1936
403,souhaiter,v,to wish,l’équipage vous souhaite un bon voyage –,the crew wishes you a pleasant voyage,81,3680
404,afin,,,fixer des cordes afin de descendre en rappel –,set some ropes so that you can rappel down,76,4800
405,peine,nf,"effort, trouble",mes jambes ne me soutenaient qu’à peine –,my legs barely kept me standing,78,4273
406,malgré,prep,"despite, in spite of",nous serons bons amis malgré tout –,we will be good friends in spite of it all,85,2886
407,période,"nm, nf",period,j’étais amoureuse pendant une brève période de ma vie –,I was in love for a brief period of my life,79,4114
408,engager,v,"to hire, involve",nous sommes engagés dans un travail de réflexion –,we’re involved in some reflective thinking,83,3182
409,réaliser,v,"to realize, achieve",je réaliserai ton rêve –,I will achieve your dream,82,3399
410,parfois,adv,sometimes,il est parfois sage d’être un peu fou –,sometimes it’s wise to be a little bit crazy,83,3241
411,lors,adv,at the time of,je vous ai vu lors de votre dernière visite –,I saw you at the time of our last visit,69,6429
412,sérieux,nadj(pl),serious,"mon thème est sérieux, mais mon texte est rigolo –","my topic is serious, but my text is comical",89,2052
413,aider,v,"to help, assist","bonjour, je peux vous aider? –","hello, can I help you?",76,4636
414,voix,nf(pl),voice,"viens, me dit-elle d’une voix brève –","come, she said in a curt voice",66,7218
415,terminer,v,"to finish, end,",va terminer ton petit déjeuner –,go finish your breakfast,85,2717
416,base,nf,base,les matériaux de base sont toujours les mêmes –,the basic materials are always the same,78,4223
417,espérer,v,to hope,j’espère obtenir une réponse claire –,I hope to obtain a clear response,80,3893
418,main,nf,hand,nous avons marché main dans la main –,we walked hand-in-hand,67,6915
419,gros,"adv, nadj(pl)",big,ce n’était pas un gros chien –,it wasn’t a large dog,80,3786
420,arrêter,v,"to stop, arrest",les deux dirigeants ont été arrêtés par la police –,the two leaders were arrested by the police,73,5457
421,retour,nm,return,votre retour pose énormément de problèmes –,your return causes huge problems,81,3592
422,prêt,"adj, nm",ready,le dîner est prêt! –,supper is ready!,80,3721
423,occasion,nf,"chance, opportunity","quand l’occasion se présentera, elle reviendra souvent –","when the opportunity arises, she’ll return often",81,3484
424,député,nm,"deputy, parliamentary delegate",j’ai écouté plusieurs interventions des députés –,I heard several deputies’ speeches,48,12395
425,regarder,v,"to look, watch",je regarde les reportages depuis ce matin –,I’ve been watching news reports since this morning,62,7977
426,plupart,,,la plupart des jeux vidéo violents sont japonais –,most violent video games are Japanese,85,2633
427,deuxième,"det, nm, nf",second,tout le monde a besoin d’une deuxième opinion –,everybody needs a second opinion,78,4024
428,résultat,nm,"result, follow-up",nous avons pu constater les résultats hier –,we were able to notice the results yesterday,72,5458
429,écouter,v,to listen to,je pouvais l’écouter pendant des heures –,I could listen to him for hours,78,4164
430,terre,nf,"earth, world, soil, land","que la paix soit sur terre, dès maintenant –",may peace reign on the earth henceforth,78,4037
431,valoir,v,to be worth,c’est fini. ça vaut pas la peine –,it’s over. it’s not worth it,85,2640
432,dollar,nm,dollar,tu veux combien? 10 dollars –,you want how much? 10 dollars,63,7528
433,intérieur,nadj,"interior, inside",je sentais mon cæur battre à l’intérieur –,I felt my heart beating within me,80,3574
434,page,"nm, nf",page,j’écrivis les premières pages d’un roman –,I was writing the first pages of a novel,79,3726
435,confiance,nf,"confidence, trust",je ne peux pas lui faire confiance –,I can’t trust him,86,2373
436,choix,nm(pl),choice,elle n’a pas d’autres choix que de rester –,she has no other choice but to stay,84,2819
437,prévoir,v,"to foresee, anticipate",son mandat présidentiel est prévu pour s’achever en 2007 –,his presidential mandate is due to expire in 2007,71,5428
438,chance,nf,luck; chance,c’est notre dernière chance –,it’s our last chance,82,3195
439,notamment,adv,notably,on ignore notamment si des gendarmes figurent parmi les victimes –,at the moment it’s unsure whether policemen are among the victims,71,5570
440,type,nm,type; guy,ce type de pêche est en cours d’abandon –,this type of fishing is disappearing,72,5213
441,but,nm,"goal, aim, objective, purpose",notre premier but est toujours de respecter l’intégrité de la famille –,our primary objective is to always respect the integrity of the family,84,2734
442,matin,nm,morning,"ce matin, je me suis réveillée tôt –",this morning I woke up early,74,4793
443,grave,"adv, nadj(f), nm","serious, grave",ce n’est peut-être pas si grave que ça –,maybe it’s not quite that serious,85,2606
444,prise,nf,"grip, hold, seizure, catch",il y a souvent des prises de becs entre les deux –,there were frequent squabbles between the two of them,85,2561
445,européen,nadj,European,vous avez fait une tournée européenne –,you toured around Europe,57,9055
446,étude,nf,study,il existe une vie après les études –,there is life after school,72,5119
447,principe,nm,principle,tel est le premier principe de l’existentialisme –,that is the main principle of existentialism,77,4156
448,remplacer,v,to replace,"tu dois être prêt à nous remplacer, le cas échéant –","you must be ready to replace us, if need be",91,1429
449,avancer,v,"to advance, move forward",c’est moi qui ai avancé les fonds –,I’m the one who advanced the funds,88,1999
450,six,"det, nmi",six,elle était enceinte de six mois –,she was six months pregnant,78,3894
451,nécessaire,nadj(f),"necessary, required",je ne pense pas qu’il soit nécessaire de la distribuer –,I don’t think it will be necessary to distribute it,73,4920
452,activité,nf,activity,certains sont impliqués dans des activités terroristes –,some of them are implicated in terrorist activities,78,3850
453,valeur,nf,"value, worth",on a payé dix fois sa valeur –,we paid ten times what it was worth,72,5031
454,marquer,v,to mark,cet épisode tragique marque la fin d’une aventure –,this tragic episode marks the end of an adventure,86,2281
455,entier,nadj,"whole, full",le monde entier est contre nous –,the whole world is against us,86,2212
456,réponse,nf,"answer, response",il donne une réponse claire à cette question –,he gives a clear answer to that question,72,5034
457,aide,"nm, nf","help, assistance",j’ai besoin d’un peu d’aide –,I need a little help,75,4309
458,principal,nadj,principal,trouver le rôle principal s’est révélé assez problématique –,finding the lead role turned out to be a problem,74,4477
459,élever,v,"to grow, lift, raise",des murmures s’élevèrent autour de lui –,murmuring arose all around him,78,3830
460,pourtant,adv,"yet, nonetheless, nevertheless",pourtant cette perspective aussi m’effrayait –,yet this outlook also frightened me,77,4017
461,commission,nf,commission,on a mis cette commission enplace pour revoir cette question importante –,we have set up this commission to review this important question,56,8906
462,cesser,v,"to cease, stop",on ne doit pas cesser de poser des questions –,we should never stop asking questions,83,2712
463,poursuivre,v,to pursue,je poursuis cette criminelle –,I’m pursuing this criminal,78,3625
464,maintenir,v,to maintain,ce principe sera maintenu –,this principle will be maintained,85,2339
465,époque,nf,"era, period",ils ont vécu à la même époque –,they lived in the same time period,81,3128
466,exprimer,v,to express,"encore une fois, j’exprime ma frustration –","once again, I express my frustration",81,3066
467,ami,nadj,friend,je te présente mon ami –,this is my friend,71,5135
468,bas,"adv, nadj(pl), nm(pl)",low; stockings,"elle ajouta presque à voix basse, comme quelqu’un qui parle dans l’obscurité –","she spoke in a low voice, like someone speaking from obscurity",81,3141
469,imposer,v,to impose,on leur impose des changements très rapides –,rapid change is being imposed upon them,78,3668
470,moitié,nf,half,"pendant la moitié de la nuit, je pleurai –","during half the night, I cried",89,1682
471,avenir,nm,future,je me sens très optimiste pour l’avenir –,I feel very optimistic about the future,80,3167
472,argent,nm,money; silver,"bon, c’est son argent que je veux –","well, it’s his money that I want",72,4779
473,mise,nf,"putting, placing",il annonce en effet la mise en place d’ une police fédérale européenne –,he is indeed announcing putting in place a European federal police,79,3412
474,æil,nm,eye,"ferme les yeux, et respire –",close your eyes and breathe,62,7013
475,eau,nf,water,faites chauffer une casserole d’eau –,heat up a pan of water,79,3367
476,sauf,"adj, prep",except; safe,tout le monde rit sauf elle –,everyone’s laughing except her,89,1706
477,école,nf,school,je n’aimais pas aller à l’école –,I didn’t like to go to school,83,2671
478,sécurité,nf,"security, safety",ils se sentaient plus en sécurité dans la rue qu’à la maison –,he felt safer in the streets than at home,67,5670
479,milieu,nm,middle,elle hésita au milieu de la route –,she paused in the middle of the road,78,3571
480,lettre,nf,letter,il écrivit une lettre de neuf pages –,he wrote a nine-page letter,80,3244
481,presque,adv,almost,il y a presque 10 millions de lignes téléphoniques –,there are almost 10 million telephone lines,77,3680
482,attention,nf,attention,il se lève pour attirer notre attention –,he stood up to attract our attention,82,2741
483,cadre,nm,"frame, executive",cette enquête s’inscrit dans le cadre d’une autre –,this inquiry takes place in the framework of another,74,4274
484,futur,nadj,future,"un futur sans guerre, c’est cool, hein? –","a future without wars—-cool, eh?",88,1823
485,mouvement,nm,movement,il me serra la main d’un mouvement presque inconscient –,he shook my hand with an almost unconscious movement,74,4226
486,former,v,to form,ils ne parviennent pas à former un groupe –,they didn’t manage to form a group,85,2331
487,conduire,v,"to lead, drive",conduisons-la à l’hôpital –,let’s drive her to the hospital,84,2505
488,règle,nf,rule,ce jeu fonctionne avec une règle très simple –,this game follows one very simple rule,80,3012
489,poste,"nm, nf","post, position; post office",le chef de poste haussa les épaules –,the station chief shrugged his shoulders,83,2627
490,demande,nf,"request, demand",la demande des consommateurs a créé un marché –,consumer demand has created a market,77,3633
491,centre,nm,center,l’amour et ses conséquences sont au centre de ce roman –,love and its consequences are the focus of this novel,69,5072
492,acte,nm,act,c’était un acte de guerre –,it was an act of war,85,2158
493,disparaître,v,"to disappear, vanish",l’avion a subitement disparu des écrans –,the airplane suddenly disappeared from the screens,84,2444
494,priver,v,to deprive,je ne me serais pas privée de sommeil à cause de vous –,I wouldn’t lose any sleep over you,83,2563
495,constituer,v,to constitute,le djihad et le sacrifice constituent donc un devoir –,jihad and sacrifice are thus a duty,76,3789
496,accord,nm,agreement,le gouvernement fédéral a signé un accord –,the federal government signed an agreement,66,5739
497,milliard,nm,"billion, thousand million","le déficit budgétaire a atteint 226,3 milliards de francs –",the budget deficit reached 226.3 billion francs,61,6724
498,lier,v,"to link, join",c’est le premier décès lié à l’épidémie –,it’s the first death linked to the epidemic,82,2624
499,obliger,v,"to require, force, oblige",tu ne peux pas m’obliger à rester! –,you can’t force me to stay!,88,1707
500,craindre,v,"to fear, be afraid of",il ne craignait rien –,he was afraid of nothing,88,1679
501,passé,"nadj, prep",past,j’étais prisonnier de mon passé –,I was a prisoner of my past,87,1843
502,âge,nm,age,il a simplement demandé mon âge –,he simply asked my age,84,2274
503,déclarer,v,to declare,il déclare que cette méthode était utile à l’époque –,he declared that this method was useful at that time,63,6208
504,oublier,v,to forget,je ne t’oublierai jamais –,I will never forget you,75,3841
505,propos,nm(pl),remark,ces propos ne sont pas les miens –,these are not my own words,77,3535
506,troisième,"det, nm, nf",third,la troisième et dernière tentative fut la bonne –,the third and final attempt succeeded,81,2775
507,quitter,v,to leave,vous êtes priés de quitter l’hôpital sans précipitation –,please leave the hospital immediately,76,3644
508,bout,nm,"bit, tip, end",ils marchèrent en silence jusqu’au bout de la rue –,they walked in silence to the end of the street,79,3216
509,population,nf,population,une partie de la population s’enfonce dans la précarité –,part of the population is sliding into precariousness,73,4303
510,toi,"nm, pro","you, yourself","on est là, toi et moi, deux types ordinaires –","here we are, you and me, two ordinary guys",52,8956
511,responsable,nadj(f),responsible,je ne suis pas le seul responsable –,I’m not the only one responsible,69,4952
512,route,nf,road,le reste de la route était en construction –,the rest of the road was under construction,79,3214
513,tôt,"adji, adv",early,"plus tôt on partira, mieux ce sera –","the sooner we leave, the better it will be",85,2124
514,lancer,"nm, v","to throw, launch",je lance des mots au hasard –,I toss out words at random,76,3557
515,limite,nf,limit,elle atteint les limites de ses possibilités –,she’s reaching the limit of her possibilities,86,1994
516,fonction,nf,function,vous êtes relevé de vos fonctions –,you are relieved of your functions,70,4808
517,emploi,nm,"employment, work, use",leur emploi exige qu’ils fournissent leurs propres outils –,their work requires use of their own tools,66,5590
518,objectif,"adj, nm","objective, aim, goal; lens",je ne me suis jamais fixé d’objectifs précis –,I never set definite goals for myself,74,3962
519,paraître,v,to appear,il paraît qu’il est à la bibliothèque maintenant –,it appears that he’s at the library now,75,3805
520,journal,nm,"newspaper, paper",je vais acheter le journal pour ma mère –,I’m going to buy the newspaper for my mother,78,3296
521,annoncer,v,to announce,l’année 1993 s’annonce donc difficile –,1993 is hence showing to be a difficult year,63,6147
522,lui-même,pro,himself,il ne s’est pas sauvé lui-même –,he didn’t save himself,76,3563
523,tour,"nm, nf",tower; turn; tour,je passais ma vie à faire le tour du monde –,I spent my life touring the world,75,3738
524,voilà,prep,"right, there, here","tiens, c’est pour toi. voilà –","here, this is for you. take it",68,5135
525,volonté,nf,will,"par ta seule volonté, tu peux le faire –","with your willpower alone, you can do it",84,2345
526,envoyer,v,to send,les deux femmes envoyèrent la lettre –,the two women sent the letter,74,3946
527,partager,v,to share,je ne peux pas te partager –,I can’t share you,83,2458
528,puisque,conj,since,je ne lui répondais pas puisque j’étais muet –,I didn’t answer him since I was a mute,82,2615
529,établir,v,to establish,"avant d’attaquer, établissons les règles –","before we attack, let’s establish the ground rules",74,3929
530,changement,nm,change,nous savons qu’il faut effectuer des changements –,we know that changes must be made,79,3154
531,garder,v,to keep,je la gardais dans mes bras –,I held her in my arms,78,3200
532,réalité,nf,reality,c’est un rêve devenu réalité pour plusieurs –,for several it’s a dream come true,79,3021
533,interdire,v,"to forbid, prohibit, ban",je m’interdis d’écrire et de prononcer votre nom –,I forbid myself to write or speak your name,87,1798
534,finir,v,to finish,je dois finir de nettoyer les droïdes –,I have to finish cleaning the droids,71,4563
535,placer,"nm, v",to place,la famille a été placée en détention –,the family was placed in detention,84,2297
536,sentir,v,"to feel, smell",tu ne sens pas son parfum? –,you don’t smell her perfume?,66,5339
537,payer,v,to pay,c’est moi qui paie votre salaire –,I’m the one who pays your salary,74,3957
538,esprit,nm,"mind, spirit","t’as l’esprit vif, toi –",you’ve got a quick mind,76,3547
539,domaine,nm,"domain, field","là, nous sommes dans le domaine de l’expérience mystique –",there we enter the realm of mystical experiences,73,4152
540,diriger,v,"to lead, direct",nous ne sommes dirigés que par nos désirs –,we are only led by our desires,85,2084
541,noter,v,"to note, notice",tu as tout noté? –,did you note everything?,85,2109
542,nature,nf,nature,vous venez de découvrir votre vraie nature –,you have just discovered your true nature,82,2571
543,régime,nm,regime,"Pravda, la voix de l’ancien régime communiste, ferme ses portes –","Pravda, the voice of the former communist regime, is shutting down",66,5302
544,charger,v,"to load, charge",le juge chargé du dossier refuse de convoquer le maire –,the judge assigned to the case refuses to summon the mayor,81,2662
545,court,"adj, adv, nm",short,"j’inscris mes objectifs long terme, court terme –",I wrote my short-term and long-term goals,83,2356
546,parent,nadj,parent,il faudrait que je te présente mes parents –,I will have to introduce you to my parents,82,2454
547,tomber,v,to fall,"il s’arrêta, tomba à genoux pour remercier Dieu –","he stopped, fell to his knees to thank God",73,3963
548,départ,nm,departure,on avait les heures de départ et les heures d’arrivée –,we had the departure and arrival times,77,3382
549,mondial,adj,"world, global",nous vivons dans une économie mondiale qui évolue très rapidement –,we live in a rapidly evolving global economy,72,4138
550,entraîner,v,"to carry along, train",tu es trop jeune pour t’entraîner –,you’re too young to receive training,85,2097
551,disposer,v,"to arrange, set",la France dispose d’unités navales basées à Djibouti –,France has naval units based in Djibouti,80,2817
552,parole,nf,word,"je regrette mes paroles, moi aussi –",I regret my words too,75,3677
553,fond,nm,bottom,le fond des cæurs ne change pas –,the deepest part of the heart doesn’t change,78,3073
554,publique,"adj, nf",public,la morale publique ne peut être sacrifiée au progrès –,public morals can’t be sacrificed for progress,74,3815
555,faux,"adv, adj(pl), nm(pl), nf(pl)",false; scythe,ce ne sont pas là de fausses accusations –,these aren’t false accusations,86,1845
556,genre,nm,"type, kind, sort",je dénonce ce genre de choses –,I denounce this type of thing,76,3469
557,retenir,v,"to retain, hold back, remember","depuis ma blessure, je ne retiens rien –",since my injury I can’t remember anything,86,1781
558,communauté,nf,community,la communauté internationale l’a en grande partie rejeté –,the international community largely rejected it,68,4811
559,intéresser,v,"to interest, involve",leur avis ne m’intéresse pas –,their advice doesn’t interest me,81,2515
560,c’est-à-dire,adv,in other words,"il s’agit de vivre, c’est-à-dire d’avancer –","it’s about living, or in other words about progressing",78,3100
561,corps,nm(pl),body,tout mon corps en était secoué –,my whole body was shaken,76,3472
562,matière,nf,"matter, subject, material",la matière est parfaite pour les peaux sensibles –,the material is perfect for sensitive skin,73,3945
563,sein,nm,"breast, bosom",le cancer du sein est rare chez l’homme –,breast cancer is rare in men,80,2759
564,difficulté,nf,difficulty,j’avais quelque difficulté à lui parler –,it was somewhat difficult for me to talk to him,81,2576
565,parvenir,v,"to reach, achieve",je suis content d’être parvenu au bout –,I am happy to have reached the end,84,2133
566,secteur,nm,sector,la police a décrété le secteur «zone interdite» –,the police declared the area off-limits,67,4928
567,appel,nm,call,il a reçu des appels téléphoniques menaçants –,he received menacing telephone calls,65,5345
568,cæur,nm,heart,j’aimerais vous féliciter du fond du cæur –,I would like to congratulate you from the depths of my heart,72,4042
569,père,nm,father,je suis père célibataire –,I’m an unwed father,65,5263
570,organisation,nf,organisation,"plus grande devient l’organisation, plus il y a de règles –","the bigger the organization grows, the more rules there are",72,4077
571,unité,nf,unity; unit,vous partez inspecter nos unités de désinfection –,you are leaving to inspect our disinfection units,81,2536
572,noir,nadj,black,seule la police roule en noir et blanc? –,only the police drive black-and-white vehicles?,74,3652
573,événement,nm,event,je me souviens de ces événements avec précision –,I remember those events in great detail,83,2300
574,double,nadj(f),double,on parle beaucoup de la double peine pour les délinquants étrangers –,there’s much talk about doubling sentences for foreign delinquents,90,1303
575,convaincre,v,to convince,"c’est bon, tu m’as convaincue –","OK, you convinced me",86,1742
576,nation,nf,nation,elle bouscule sérieusement les droits des nations –,it is seriously undermining the rights of nations,76,3343
577,conseil,nm,"advice, counsel, council",les militaires ont formé un Conseil de salut national –,the military formed a National Salvation Council,76,3399
578,soutenir,v,"to sustain, support",nous avons été nombreux à soutenir son innocence –,many of us supported his innocence,80,2732
579,paix,nf(pl),peace,laissez ma famille en paix –,leave my family in peace,73,3783
580,nuit,nf,night,je n’ai pas dormi cette nuit –,I didn’t sleep last night,67,4874
581,partout,adv,everywhere,je t’ai cherché partout –,I looked everywhere for you,83,2191
582,direction,nf,"direction, management",je n’osais aller dans cette direction –,I didn’t dare go in this direction,79,2847
583,manquer,v,to miss,"la Chine manque d’argent, et manque de savants –",China lacks money and scholars,79,2767
584,actuel,adj,"current, present",les gens ont peur du gouvernement actuel –,people fear the current government,72,3949
585,opposer,v,to oppose,comment peut-il maintenant s’y opposer? –,how could he oppose it now?,80,2654
586,signifier,v,to mean,cela ne signifiait rien pour moi –,that didn’t mean anything to me,87,1615
587,journée,nf,day,j’ai attendu toute la journée pour te voir –,I waited all day to see you,72,3849
588,d’ailleurs,adv,"moreover, besides, for that matter",je n’entends d’ailleurs pas le tenir secret –,"besides, I don’t intend to keep it a secret",77,3086
589,traiter,v,"to treat, handle, deal with","deux chapitres, enfin, traitent de la question –","two chapters, at last, address the issue",78,2860
590,indiquer,v,"to indicate, signal",le contrôleur indique qu’il est prêt –,the controller signals readiness,61,5804
591,tuer,v,to kill,"les fusils, ça tue –",rifles kill,64,5298
592,technique,nadj(f),"technique, technics, technical",parlons un peu de votre technique –,let’s talk a little about your technique,78,2856
593,rapidement,adv,"quickly, rapidly",ils ont passé rapidement dans l’histoire –,they disappeared quickly into history,85,1894
594,autour,"adv, nm",around,je t’emmènerai autour du monde –,I’ll take you around the world,77,3008
595,réduire,v,to reduce,tu réduis les aliments graisseux et le chocolat –,you reduce your intake of fatty foods and chocolate,73,3705
596,d’après,,,qui a bâti les pyramides d’après vous? –,"according to you, who built the pyramids?",90,1183
597,préférer,v,to prefer,préférez-vous que j’appelle la police? –,would you prefer that I call the police?,83,2174
598,rue,nf,street,"je me promenais dans les rues, seule –",I strolled alone down the streets,76,3185
599,riche,nadj(f),rich,"elle est jolie, riche, mince … et amoureuse de mon mari –","she is cute, rich, thin … and in love with my husband",87,1522
600,bref,"adj, adv, nm",brief,le rapport était bref et précis –,the report was brief and precise,87,1603
601,nommer,v,"to call, name, appoint",ses membres sont nommés par le premier ministre –,its members are appointed by the prime minister,86,1644
602,violence,nf,violence,la violence a fait six nouveaux morts –,the violence killed six people,81,2461
603,siècle,nm,century,le XXe siècle a fait plus de martyrs chrétiens –,the 20th century created more Christian martyrs,76,3105
604,article,nm,article,vous m’avez convaincue de finir l’article –,you convinced me to finish the article,65,4867
605,durer,v,to last,voilà quinze jours que ça dure –,this has lasted two weeks,86,1693
606,qualité,nf,quality,Renaud est quelqu’un d’une grande qualité humaine –,Renaud is someone with great human qualities,76,3052
607,gauche,nadj(f),left,elle écrit de gauche à droite –,she writes from left to right,79,2604
608,solution,nf,solution,il n’existe pas de solution miracle –,there’s no miracle solution,76,3043
609,voie,nf,"road, lane, route, track, way","il a toujours suivi sa voie, ton père –",your father has always followed his own way,69,4187
610,capable,adj(f),"able, capable",je ne suis pas capable de répondre à votre question –,I’m not capable of responding to your question,85,1869
611,canadien,nadj,Canadian,75 p. 100 des Canadiens et des Canadiennes sont en bonne santé mentale –,75% of male and female Canadians are in good mental health,47,8624
612,erreur,nf,"mistake, error",certaines erreurs ont été commises –,certain mistakes were made,79,2704
613,livrer,v,to deliver,je pensais te faire livrer un plat chaud –,I thought I would have a hot plate delivered to you,89,1257
614,auprès,adv,"nearby, close to",il avait beaucoup de succès auprès des femmes –,he had much success with women,83,2114
615,simplement,adv,simply,c’est tout simplement inacceptable –,it’s just simply unacceptable,76,3132
616,souvenir,"nm, v",memory; to remember,je ne veux me souvenir de rien –,I don’t remember anything,73,3468
617,conséquence,nf,consequence,il y a donc des conséquences extrêmement sérieuses –,hence there are extremely serious consequences,79,2598
618,large,"adj(f), adv, nm","wide, width",tes yeux sont devenus plus larges –,your eyes got wider,83,2025
619,contraire,nadj(f),"opposite, contrary",mais le contraire est vrai aussi –,but the opposite is also true,80,2529
620,succès,nm(pl),success,le succès prouve que mes livres avaient du mérite –,the success proves that my books were worthwhile,82,2210
621,élément,nm,element,trois éléments d’information présentent un intérêt particulier –,three items of information are particularly interesting,75,3181
622,local,nadj,local,nous respectons l’autonomie de chaque groupe local –,we respect the autonomy of each local group,67,4422
623,été,nm,summer,l’été constitue le pic de la consommation d’essence –,summer is the peak season for gas consumption,89,1233
624,inviter,v,to invite,"un soir, ils m’invitent à dîner –","one night, they invite me to supper",84,1951
625,extérieur,nadj,exterior,la porte extérieure s’ouvre –,the outer door opens,81,2269
626,pied,nm,foot,tu n’iras pas assez vite à pied –,you won’t get there as fast on foot,74,3304
627,mission,nf,mission,"si quelqu’un apprend notre mission, on échoue –","if anyone learns about our mission, we’ll fail",81,2259
628,débat,nm,debate,il voulait simplement contribuer au débat –,he simply wanted to contribute to the debate,61,5373
629,fille,nf,"girl, daughter",c’est une jeune fille de seize ans –,she’s a young girl of sixteen years,65,4669
630,répéter,v,to repeat,ce rêve se répète sans cesse –,this dream keeps repeating,81,2225
631,texte,nm,text,je donne un texte et l’artiste intervient comme il veut –,I give a text and the artist adapts it as necessary,70,3929
632,profiter,v,"to take advantage, profit",je profitais de ces derniers jours de vraies vacances –,I took advantage of these last days of real vacation,84,1822
633,chambre,nf,"bedroom, chamber",avant d’entrer dans la chambre de mon fils j’entrai dans la mienne –,before going into my son’s bedroom I went into my own,73,3447
634,création,nf,creation,nous nous battons depuis la création de notre parti –,we have been fighting since the creation of our party,78,2716
635,prouver,v,to prove,je n’ai rien besoin de prouver à qui que ce soit –,I have no need to prove anything to anybody at all,89,1279
636,acheter,v,to buy,achetez vos billets à un revendeur agréé –,buy your tickets from an approved reseller,83,2047
637,justice,nf,justice,vous rendrez la justice de manière impartiale –,you will render justice in an impartial way,70,3840
638,production,nf,production,ce serait une maison de production plutôt qu’une société –,it would be a factory rather than a company,70,3841
639,ignorer,v,to ignore,j’ignorais pourquoi il jurait comme ça –,I didn’t know why he was swearing like that,85,1706
640,directeur,nadj,director,j’ai recu un mot du directeur –,I received a note from the director,75,3074
641,santé,nf,health,il est en bonne santé –,he’s in good health,62,5116
642,souffrir,v,to suffer,"elle n’a pas souffert, elle s’est endormie –","she didn’t suffer, she fell asleep",83,1934
643,précis,nadj(pl),precise,c’est à cet instant précis que je suis devenu adulte –,at that precise moment I became an adult,85,1684
644,fixer,v,"to fix, arrange, set",nous avons fixé une date limite –,we set a deadline,82,2105
645,mère,"adj, nf",mother,peut-être que tous les enfants déçoivent leur mère –,perhaps all children disappoint their mother,65,4595
646,croissance,nf,growth,les taux de croissance ont été importants –,the growth rates were substantial,78,2657
647,risque,nm,risk,vous prenez de sacrés risques –,you’re taking huge risks,81,2236
648,arme,nf,weapon,je suis un trafiquant d’armes –,I’m an arms dealer,73,3294
649,estimer,v,"to estimate; to consider, deem",j’estime que cela est inadmissible –,I consider this to be inexcusable,65,4560
650,endroit,nm,"place, spot",on aime vraiment cet endroit –,we really like this place,79,2442
651,comité,nm,committee,les délibérations des comités peuvent être enregistrées –,committee deliberations may be recorded,56,6128
652,impossible,nadj(f),impossible,je peux te rendre la vie impossible –,I can make life impossible for you,84,1823
653,preuve,nf,proof,"vous nous donnez les preuves, et nous vous protégeons à vie –","you give us the proof, and we’ll protect you for the rest of your life",79,2495
654,véritable,adj(f),"real, true",les véritables coupables restaient en liberté –,the true guilty parties remained free,81,2210
655,amener,v,to bring,on pourrait les amener à changer leurs habitudes –,we could bring them to change their habits,83,1943
656,viser,v,to aim,quel but visez-vous en thérapie bioénergétique? –,what’s your goal with biofeedback therapy?,70,3695
657,retirer,v,"to remove, withdraw",j’aimerais qu’il retire ce qu’il a dit –,I want him to take back what he said,84,1815
658,total,nadj,total,"Ming, c’est l’anarchiste total –",Ming is the absolute anarchist,76,2793
659,image,nf,"picture, image",certains films contiennent des images fameuses –,some films contain famous images,74,3088
660,date,nf,date,c’est la vraie date de ton anniversaire –,that’s the real date of your birthday,82,1979
661,travers,nm(pl),"breadth, across; fault, amiss",le héros se promenait à travers le monde –,the hero walked across the world,78,2617
662,contrôle,nm,control,la situation est complètement sous contrôle –,the situation is completely under control,71,3598
663,énorme,adj(f),enormous,je pense que c’est un énorme effort –,I think it’s an enormous effort,87,1415
664,conserver,v,"to keep, preserve","cette petite note, je la conserve comme un trésor –",this little note I keep like a treasure,88,1252
665,réel,nadj,real,nous avons toutefois un problème réel –,we still have a real problem,78,2535
666,campagne,nf,countryside,les gens allaient dormir à la campagne –,people were going into the countryside to sleep,80,2229
667,naître,v,to be born,il était né lui-même dans une famille de onze enfants –,he himself was born into a family of eleven children,80,2310
668,accorder,v,to grant,les banques ont cessé d’accorder des prêts –,the banks stopped granting loans,74,3069
669,tourner,v,to turn,je trouvai un commutateur et le tournai –,I found a switch and turned it,74,3100
670,participer,v,to participate,elle a participé à la création du Mouvement –,she participated in creation of the Movement,73,3262
671,vieux,"adj(pl), nm(pl)",old,"ça fait trop longtemps, mon vieil ami –","it has been too long, my old friend",66,4194
672,rapide,nadj(f),"fast, quick",elle parle d’une voix rapide et menue –,she talks in a rapid and small voice,86,1458
673,respecter,v,to respect,j’avais le pouvoir. j’étais respecté –,I had power. I was respected,76,2726
674,passage,nm,"passage, way",je lirai seulement un petit passage –,I will only read a short passage,82,1976
675,essentiel,nadj,essential,ils sont tous désignés comme employés essentiels –,they are all designated essential employees,80,2225
676,adopter,v,to adopt,j’hésite pour ma part à adopter l’idée –,I for one hesitate to adopt the idea,58,5500
677,subir,v,"to undergo, be subjected to, suffer",certaines autres ont subi de terribles ravages –,certain others suffered terrible ravages,86,1533
678,environ,"adv, prep, nm","about, thereabouts, or so",mon père et ma mère sont mariés depuis environ 60 ans –,my father and mother have been married for about 60 years,71,3450
679,expérience,nf,experience,ça va te donner de l’expérience –,this will give you experience,76,2734
680,admettre,v,to admit,je dois admettre que je suis toujours célibataire –,I must admit that I’m still single,85,1565
681,découvrir,v,to discover,la sæur a découvert la fenêtre cassée –,the sister discovered the broken window,78,2535
682,couvrir,v,to cover,il était couvert de taches de sang –,he was covered by blood stains,86,1477
683,assister,v,"to attend; to assist, help",il assista à la dernière répétition –,he attended the last rehearsal,87,1402
684,sénateur,nm,senator,les honorables sénateurs ont été si généreux –,the honorable senators were very generous,44,8224
685,dépasser,v,"to pass, go beyond",,,,
686,affirmer,v,"to affirm, maintain, declare, allege",ce témoin a affirmé avoir vu trois hommes –,this witness alleged to have seen three men,65,4373
687,soumettre,v,to submit,"de retour chez eux, elle l’a soumis à un ultime test –","back at their place, she put him to the final test",83,1905
688,financier,nadj,"financial, financier",j’ai aussi travaillé dans le monde financier –,I also worked in the financial sector,67,3986
689,processus,nm(pl),process,j’ai été renseigné à chaque étape du processus –,I was kept informed at each stage of the process,72,3316
690,militaire,nadj(f),military,la justice militaire me donne le droit à un avocat –,the military code of justice grants me the right to an attorney,65,4334
691,frais,"adj(pl), nm(pl)","cool, fresh; fee, expense",on me paie mes frais de déplacement –,my travel expenses are being covered,85,1563
692,industrie,nf,industry,le tourisme est une industrie saisonnière –,tourism is a seasonal industry,68,3801
693,apparaître,v,to appear,son nom apparaissait dans une autre liste –,her name appeared on another list,79,2342
694,responsabilité,nf,responsibility,il porte la seule responsabilité –,he alone is responsible,74,2969
695,réserver,v,"to reserve, keep",je veux ce que l’avenir me réserve –,I want what the future is keeping from me,88,1222
696,porte,nf,door,veuillez fermer la porte derrière vous –,please close the door after you,68,3897
697,victime,nf,victim,nos prières vont aux victimes –,our prayers go out to the victims,70,3561
698,territoire,nm,territory,c’est eux autres qui occupent le territoire –,they are the ones who are occupying the territory,78,2415
699,pauvre,nadj(f),poor,"vous êtes idiote, ma pauvre femme, comme toujours –","you’re an idiot, my poor woman, as always",78,2485
700,taux,nm(pl),rate,les taux d’intérêt ont notablement haussé –,interest rates have risen appreciably,62,4761
701,organiser,v,to organize,on pensait t’organiser une fête d’anniversaire –,we were thinking of organizing a birthday party for you,77,2578
702,posséder,v,"to possess, own, have",je possède les coupures de presse vous concernant –,I have the press clippings about you,85,1587
703,matériel,nadj,"material, equipment",nous avons déjà du nouveau matériel en chantier –,we already have new equipment on the construction site,88,1241
704,cent,"det, nm","one hundred, cent",aucun des cinq cents voyageurs n’a été blessé –,none of the five hundred travelers was injured,64,4457
705,constater,v,"to note, notice; to establish, certify",je constate de ce fait –,I notice that fact,78,2435
706,prononcer,v,to pronounce,je ne devrais même pas prononcer ces mots –,I should not even pronounce those words,82,1978
707,signe,nm,sign,"cependant, il y a des signes encourageants –",yet there are encouraging signs,84,1723
708,blanc,"adj, nm",white,tu es donc noir à rayures blanches. dilemme résolu –,so you are black with white stripes. dilemma resolved,73,3024
709,origine,nf,"origin, source",la guérilla n’est pas à l’origine de la violence –,the insurgency isn’t the source of the violence,76,2621
710,vendre,v,to sell,"non, vous ne pouvez pas vendre votre bétail –","no, you may not sell your livestock",80,2125
711,vite,adv,"fast, quickly",déployez les sentinelles … vite! –,dispatch the guards … quick!,73,3088
712,langue,nf,"language, tongue",tu maîtrises bien la langue –,you’re mastering the language well,75,2804
713,dangereux,adj(pl),dangerous,ce type est dangereux –,this guy is dangerous,85,1488
714,déplacer,v,"to move, displace",nous nous déplaçons librement entre les deux pays –,we travel freely between the two countries,91,887
715,importance,nf,importance,cela n’a pas d’importance –,that isn’t important,78,2423
716,suffire,v,"to be sufficient, suffice","bon, ça suffit –","OK, that’s enough",78,2401
717,espoir,nm,hope,"hélas, ce n’était qu’un espoir –","alas, it was only a hope",82,1897
718,davantage,adv,more,nous sentons tous que nous devons travailler davantage –,we sense that we must work more,78,2311
719,saisir,v,"to take hold of, grab",le reflet du miroir saisit son regard –,the mirror’s reflection captured her face,80,2177
720,énergie,nf,energy,l’énergie est le pivot de notre économie –,energy is the lynchpin of our society,81,2029
721,réseau,nm,network,ce réseau peut me servir à établir des contacts –,this network might help me establish contacts,59,4984
722,mourir,v,to die,"ma foi, je meurs de faim –","goodness, I’m dying of hunger",68,3726
723,faible,nadj(f),weak,je devenais de plus en plus faible –,I became progressively weaker,75,2665
724,employer,v,"to use, employ","vous en employez beaucoup, de ces intellos gonflants –",you sure employ a lot of these stuffy eggheads,84,1611
725,possibilité,nf,possibility,il va avoir la possibilité d’influencer son passé –,he will be able to influence his past,74,2804
726,spécial,adj,special,je fais rien de spécial –,I’m not doing anything special,79,2201
727,accompagner,v,to accompany,que Dieu vous accompagne –,may God be with you,85,1563
728,actuellement,adv,"at present, at the moment",je suis très seul actuellement –,I’m very alone at the moment,74,2776
729,union,nf,union,cette définition devrait comprendre les unions homosexuelles et lesbiennes –,this definition should include homosexual and lesbian unions,67,3788
730,supposer,v,"to suppose, assume",je suppose qu’ils ont peur –,I imagine they are afraid,82,1878
731,fournir,v,"to provide, supply",elle ne souhaitait fournir aucun effort –,she didn’t want to provide any efforts,74,2815
732,ceci,pro,this,tout ceci est votre création –,this is all your creation,81,1915
733,exiger,v,"to require, demand",une vie publique exige de nombreux sacrifices –,public life requires many sacrifices,81,1958
734,intervenir,v,to intervene,il doit intervenir sur le marché –,he must intervene in the market,75,2734
735,fils,nm(pl),son,votre fils est en entraînement pour devenir soldat –,your son is in training to become a soldier,71,3142
736,d’accord,intj,"okay, alright","je m’en occupe, d’accord? –","I’ll take care of it, OK?",62,4443
737,discuter,v,"to discuss, debate; to question",personne ne discute ses ordres –,nobody questions his orders,80,2088
738,différence,nf,difference,il y a une différence entre les pommes et les hommes –,there’s a difference between men and apples,79,2132
739,protéger,v,to protect,"je suis ici pour te protéger, pas les cookies –","I’m here to protect you, not the cookies",75,2595
740,abandonner,v,"to give up, abandon",la propriété semblait abandonnée –,the property seemed abandoned,83,1726
741,avis,nm(pl),"opinion, mind",j’ai changé d’avis –,I changed my mind,66,3768
742,battre,v,"to beat, hit",ne nous battons pas l’un contre l’autre –,let’s not fight against each other,66,3724
743,pire,nadj(f),"worse, worst",c’est le pire jour de ma vie! –,it’s the worst day of my life!,85,1495
744,adresser,v,to address,ces bourses s’adressent à des étudiants –,these scholarships are intended for students,78,2195
745,préciser,v,"to state, specify, clarify",,,,
746,intervention,nf,intervention; talk,je suis favorable aux interventions extérieures –,I’m in favor of outside intervention,76,2432
747,attirer,v,to attract,les attentats récents ont attiré trop d’attention –,the recent attacks have attracted too much attention,85,1389
748,demeurer,v,"to remain, live",les crimes économiques demeurent largement impunis –,white-collar crimes remain largely unpunished,80,1961
749,chiffre,nm,"figure, number",j’ignore si ce chiffre est exact –,I don’t know if this figure is exact,70,3246
750,consacrer,v,"to devote, consecrate",j’ai consacré beaucoup de temps à la recherche –,I consecrated much time to research,79,2104
751,remplir,v,"to fill, fulfill","une voisine passerait, le panier rempli de poires –","a neighbor would walk by, her basket full of pears",85,1481
752,divers,"adj(pl), det","diverse, various",des formes très diverses surgissent sous vos yeux –,widely varying patterns dance before your eyes,78,2176
753,appliquer,v,to apply,il faut que la loi soit appliquée –,the law must be applied,68,3463
754,frapper,v,"to hit, strike, knock",je n’ai pas frappé vraiment fort –,I didn’t knock very loudly,80,2033
755,peur,nf,fear,"maman, j’ai peur! –","mommy, I’m afraid!",70,3193
756,parlement,nm,parliament,il faut élargir le rôle du Parlement européen –,we need to enlarge the role of the European Parliament,55,5296
757,fermer,v,"to close, shut",je vais fermer les yeux maintenant –,I’m going to close my eyes now,79,2035
758,forcer,v,to force,"on peut me forcer à venir, pas à parler –","I can be forced to come, not to speak",86,1310
759,lutte,nf,"struggle, fight, conflict",tu as mené une lutte acharnée –,you fought an unrelenting battle,80,1962
760,naturel,nadj,natural,c’est un sentiment tout à fait naturel –,it’s a perfectly natural feeling,81,1894
761,air,nm,"air, appearance",tu as l’air fatigué –,you seem tired,61,4450
762,auteur,"nm, nf",author,chez cet auteur schizophrène cohabitent deux personnages –,two personalities live together in this schizophrenic author,73,2737
763,opération,nf,operation,les opérations militaires continuent du côté serbe –,Serbian military operations continue,67,3612
764,heureux,nadj(pl),"happy, lucky, fortunate",je n’étais pas heureuse non plus –,I wasn’t happy either,73,2834
765,crise,nf,crisis,"plus la crise est grande, plus elle est grave –","the bigger the crisis, the worse it is",70,3131
766,numéro,nm,number,donnez votre numéro à mon assistant –,give your number to my assistant,70,3208
767,résoudre,v,"to solve, resolve",ça va résoudre tous nos problèmes –,that will resolve all of our problems,85,1367
768,publier,v,to publish,j’ai publié un livre –,I published a book,71,2987
769,instant,"adj, nm","instant, moment",je suis à vous dans un instant –,I’ll be with you in a moment,69,3227
770,toutefois,"adv, conj",however,"toutefois, l’industrie connaît des problèmes réels –","however, the industry is experiencing real problems",71,3054
771,pousser,v,to push,je ne t’ai jamais poussée à te marier –,I never pushed you to marry me,79,2060
772,quelqu’un,pro,"somebody, someone",il vaudrait mieux le demander au quelqu’un –,it would be better to ask someone about it,71,3014
773,discours,nm(pl),"speech, talk, discourse",j’ai écouté ce discours avec intérêt –,I listened intently to this talk,71,2956
774,banque,nf,bank,j’ai obtenu auprès d’une banque un prêt personnel habitat de 90 000 euros –,"I got a housing loan from a bank for 90,000 euros",68,3437
775,compagnie,nf,company,des compagnies pétrolières russes ont signé plusieurs accords –,Russian oil companies signed several agreements,75,2473
776,reposer,v,to rest,"on peut se reposer, maintenant –","we can rest, now",87,1222
777,opinion,nf,opinion,notre opinion et notre politique doivent être crédibles –,our opinion and our politics must be believable,81,1838
778,classe,nf,class,nous étions dans la même classe d’anglais –,we were in the same English class,78,2115
779,particulièrement,adv,particularly,ce sont là des problèmes particulièrement délicats –,those are particularly delicate questions,76,2401
780,commun,nadj,common,il a quelque chose de commun avec d’autres problèmes que nous vivons –,it has something in common with the other problems we’re experiencing,81,1795
781,satisfaire,v,to satisfy,ils ne satisfont pas aux conditions requises –,they won’t satisfy the required conditions,86,1265
782,intention,nf,intention,je l’ai fait avec les meilleures intentions –,I did it with the best intentions,78,2120
783,autorité,nf,authority,elle prit mon bras avec autorité –,she took my arm with authority,65,3730
784,anglais,nadj(pl),English,où as-tu appris l’anglais? –,where did you learn English?,82,1669
785,échange,nm,exchange,"on discute, on échange des idées –","we discuss, we exchange ideas",82,1741
786,feu,"adj(f), nm",fire,réchauffez-vous près du feu –,warm yourself by the fire,74,2612
787,neuf,"det, adj, nmi",nine; new,on devait avoir des vêtements neufs! –,we should have new clothes!,75,2513
788,observer,v,"to observe, watch","observez votre propre famille, vous serez édifié –",watch your family and you’ll be uplifted,82,1701
789,capacité,nf,"capacity, ability",il ne faut pas sous-estimer la capacité de lecture des jeunes –,one must not underestimate the reading abilities of young people,75,2509
790,désigner,v,to designate,ce mot désigne plusieurs réalités bien distinctes –,this word designates several very distinct realities,85,1413
791,dépendre,v,to depend,les femmes ne dépendent plus autant des hommes –,women don’t depend on men as much any more,81,1772
792,message,nm,message,il me semble que le message est clair –,it seems to me that the message is clear,50,5890
793,construire,v,"to build, construct",nous avons dû construire une digue –,we had to construct a dike,81,1773
794,scène,nf,scene,la scène ressemble à un énorme feu de forêt –,the scene resembled an enormous forest fire,76,2355
795,durant,prep,"during, for",j’ai travaillé sur ce problème durant toute ma carrière –,I have worked on this problem for my entire career,79,2002
796,secret,nadj,secret,j’en connais tous les secrets –,I know all the relevant secrets,80,1867
797,plaisir,nm,pleasure,quel plaisir d’avoir des parents cultivés –,what a pleasure to have cultured relatives,74,2544
798,dossier,nm,"file, record; case",le gouvernement s’occupe activement du dossier des hélicoptères –,the government is actively pursuing the helicopter affair,74,2532
799,proposition,nf,"proposition, proposal",sa proposition soulève certaines questions –,his proposal raises certain issues,63,3905
800,combien,"adv, conj","how much, how many",tu pèses combien maintenant? –,how much do you weigh now?,77,2211
801,nul,"adj, det, pro","nil, null",les préservatifs c’est nul. ils marchent pas –,condoms are crap. they don’t work,82,1649
802,absence,nf,absence,l’absence de punition les pousse au crime –,the absence of punishment pushed them to crime,83,1524
803,cher,"adj, adv",expensive,j’ai payé cher pour le savoir –,I paid dearly to find out about that,77,2163
804,plaire,v,to please,"réponds, s’il te plaît –","answer me, please",72,2758
805,derrière,"adv, nm, prep",last; behind,Mathieu s’abrita derrière le pilier –,Mathieu took shelter behind the pillar,72,2684
806,connaissance,nf,knowledge,nous serons heureux d’en prendre connaissance –,we will be happy to learn about it,79,1969
807,immédiatement,adv,immediately,"les enfants, partez immédiatement –","children, leave immediately",85,1309
808,entrée,nf,entrance,"à l’entrée de son couloir, je me suis arrêté –","at the entrance to the hallway, I stopped",74,2515
809,signer,v,to sign,tu voulais que je signe les papiers –,you wanted me to sign papers,76,2246
810,révéler,v,to reveal,je veux que tu révèles tout ça au monde –,I want you to reveal everything to the world,83,1492
811,couper,v,to cut,je me suis coupé. comment? sur mon couteau –,I cut myself. how? on my knife,80,1839
812,salle,nf,room,"dans la salle, rien de plus qu’un murmure –",in the room there was nothing more than a murmur,79,1970
813,pièce,nf,"piece, part, component; room",ces gens vont vous mettre en pièces –,these people are going to tear you to pieces,77,2159
814,équipe,nf,team,depuis mercredi nos équipes travaillent 24 h sur 24 h –,since Wednesday our teams have been working around the clock,67,3258
815,situer,v,"to situate, locate",je me situe quelque part entre les deux –,I find myself somewhere between the two,76,2260
816,souligner,v,"to underline, stress",j’ai deux points à souligner –,I have two points to stress,65,3574
817,source,nf,"source, spring",un bon journaliste ne révèle jamais ses sources –,a good journalist never reveals his sources,70,2917
818,respect,nm,respect,il salua avec beaucoup de respect –,he saluted with deep respect,80,1802
819,crime,nm,crime,un crime motivé par la haine –,a hate crime,78,1978
820,précédent,nadj,precedent; previous,le manège précédent a été construit en 1950 –,the previous merry-go-round was built in 1950,75,2383
821,installer,v,to install,t’as bien installé son micro? –,did you set up his microphone correctly?,81,1705
822,facile,adj(f),easy,il n’y avait rien de plus facile –,nothing was easier,79,1853
823,augmenter,v,"to increase, raise",les dépenses à la consommation augmentent –,consumer spending is rising,71,2761
824,réunir,v,"to gather, reunite, raise",je sais comment réunir l’argent –,I know how to raise money,78,1998
825,impression,nf,impression,"oui, c’est l’impression que j’ai eue –","yes, that’s the impression I had",82,1549
826,octobre,nm,October,il sortira en français au mois d’octobre –,it will hit the shelves in French in October.,75,2283
827,médecin,nm,"physician, doctor",j’ai besoin d’un médecin –,I need a doctor,82,1614
828,fédéral,nadj,federal,le gouvernement fédéral a contribué au problème –,the federal government contributed to the problem,54,5018
829,police,nf,police,la police poursuit une bande de criminels très dangereux –,the police are pursuing a very dangerous gang of criminals,65,3532
830,coût,nm,cost,les coûts de production seront réduits –,production costs will be reduced,73,2501
831,formation,nf,training,je suis toujours dans ma période de formation –,I’m still in my training stage,72,2632
832,contrat,nm,contract,j’ai rompu le contrat. je l’ai trompé –,I broke the contract. I didn’t honor it,81,1701
833,normal,adj,normal,"j’ai une vie plutôt normale, avec un mari, des enfants –","I have a rather normal life, with a husband, children",77,2091
834,attitude,nf,attitude,il est difficile de changer les attitudes –,it’s difficult to change attitudes,84,1356
835,faute,nf,"mistake, error, fault",vous comprendrez combien vos fautes sont graves –,you will understand how serious your errors are,81,1715
836,série,nf,series,on a interrompu la série pendant 15 ans –,we interrupted the series for 15 years,73,2501
837,lever,v,"to lift, raise","je t’en prie, lève-toi –","please, get up",68,3095
838,proche,"adv, nadj(f), prep","nearby, close",nous n’avions pas de famille proche –,we didn’t have any close relatives,75,2300
839,direct,nadj,direct,on parle toujours des émissions en direct –,they always talk about live broadcasts,79,1885
840,imaginer,v,to imagine,j’imagine qu’elle a des documents –,I imagine she has the documents,77,2042
841,figurer,v,"to represent, appear","parmi les signataires, figurent 42 maires –",among the signatories appeared 42 mayors,72,2602
842,pratique,nadj(f),"practice, practical",les résultats pratiques obtenus sont-ils très probants? –,are the practical results very convincing?,76,2127
843,finalement,adv,"finally, eventually","finalement, la porte s’ouvrit –","finally, the door opened",79,1874
844,allemand,nadj,German,"un type fume une cigarette allemande, l’air pensif –","a guy smokes a German cigarette, with a pensive air",71,2755
845,pression,nf,pressure,cette pression fait partie de la négociation –,this pressure is part of the negotiation,78,1929
846,accès,nm(pl),access,voici les codes d’accès –,there are the access codes,70,2791
847,champ,nm,"field, realm","dans le champ administratif, il peut y avoir des incertitudes –","in the administrative realm, uncertainties can exist",80,1785
848,film,nm,film,j’ai vu tous les films d’action –,I saw all the action films,64,3542
849,charge,nf,"to charge, load",l’arbre plie sous la charge –,the tree collapsed under the weight,77,2039
850,envisager,v,"to view, contemplate",je ne pouvais pas envisager que son état fût grave –,I couldn’t imagine that her condition was serious,80,1721
851,commune,nf,"locality; common, joint",il s’agit là d’une responsabilité commune –,now that’s a joint responsibility,68,3093
852,ressource,nf,resource,le næud intermédiaire dispose des ressources nécessaires –,the intermediate node has the necessary resources,66,3228
853,monter,v,"to go up, rise, assemble",j’ai monté et descendu cinq étages –,I went up and down five floors,71,2707
854,promettre,v,to promise,"s’il promet quelque chose, il tient parole –","if he promises something, he keeps his word",81,1653
855,motion,nf,motion,la motion définitive était validée par Nicolas Sarkozy –,the final motion was ratified by Nicolas Sarkozy,44,6425
856,concentrer,v,to concentrate,je me concentre plus sur ma condition physique –,I’m concentrating on my physical condition,89,867
857,exactement,adv,exactly,la pièce ne paraissait pas exactement sombre –,the room didn’t appear exactly dark,80,1732
858,composer,v,"to compose, dial",il avait juste besoin de composer mon numéro –,all he needed to do was dial my number,83,1482
859,chemin,nm,"path, way",le chemin pour rentrer me semblait interminable –,the road home seemed never-ending,78,1973
860,zone,nf,"zone, area","vous pouvez venir, j’ai sécurisé la zone –",you can come here – I’ve secured the area,70,2805
861,province,nf,province,l’armée française abandonne une de nos provinces –,the French army is abandoning one of our provinces,55,4597
862,élection,nf,election,l’élection présidentielle en Russie est prévue l’été prochain –,the Russian presidential elections are slated for next summer,66,3255
863,usage,nm,"use, usage",il avait perdu l’usage de la mémoire immédiate –,he had lost the use of shortterm memory,85,1230
864,conflit,nm,conflict,ils se préparent à un éventuel conflit –,they’re preparing for a possible conflict,75,2205
865,hors,"adv, prep","except, outside",ils s’installèrent hors de la ville –,they moved in outside the city,80,1716
866,enquête,nf,"inquiry, enquiry, investigation",cela coûte cher de faire enquête sur les activités criminelles –,criminal investigations are costly,71,2658
867,terrain,nm,"ground, terrain",vous combattez sur un terrain qui s’enfonce –,you’re fighting on shaky ground,79,1820
868,mars,nm(pl),March; Mars,la date est fixée au 1er mars 2004 –,"the date is set for March 1, 2004",63,3557
869,tellement,adv,so much,vous êtes tellement différente des autres femelles –,you are so different from other females,77,2006
870,espace,"nm, nf",space,je m’invente un espace magique pour moi tout seul –,I’m inventing a magic space just for myself,78,1864
871,demain,"adv, nm",tomorrow,je te verrai demain matin –,I’ll see you tomorrow morning,71,2586
872,hier,adv,yesterday,"tu nous as manqué, hier soir –",we missed you last night,65,3313
873,confier,v,to entrust,je te confie ce garçon. rends-moi un homme –,I entrust you with this boy. return a man to me,86,1162
874,remarquer,v,"to remark; to notice, point out",ils ont fait remarquer que ces jeunes avaient été pris –,they pointed out that these youths were taken,79,1758
875,égard,nm,"consideration, respect, regard",rien n’est prévu à cet égard –,nothing has been planned in this regard,68,2926
876,supérieur,nadj,superior,je suis votre supérieur ecclésiastique –,I’m your religious superior,74,2307
877,huit,"det, nmi",eight,il a presque huit ans –,he’s almost eight years old,73,2434
878,condamner,v,to condemn,le mousquetaire est seul. et condamné à la solitude –,the musketeer is alone. and condemned to loneliness,76,2091
879,capital,nadj,"major, chief, principal; capital, assets",ils ont pris une décision capitale en renonçant à leur statut –,they took a major decision in renouncing their status,72,2479
880,lien,nm,"link, bond",sachez que nos liens ne sont pas rompus –,understand that our bonds are not broken,80,1705
881,voiture,nf,car,mettez votre voiture dans le parking –,put your car in the parking lot,72,2509
882,discussion,nf,discussion,j’ai eu une discussion avec elle –,I had a discussion with her,75,2161
883,limiter,v,to limit,les freins limitent les transactions informatisées –,the blocking mechanism limits computerized transactions,75,2198
884,justifier,v,to justify,ça ne justifie pas la mesure extrême –,that doesn’t justify the extreme measures taken,83,1418
885,agent,"nm, nf",agent,notre partenaire est un agent immobilier –,our partner is a real estate agent,79,1806
886,sentiment,nm,feeling,elle connaît tes sentiments pour elle? –,does she know your feelings for her?,76,2117
887,tâche,nf,task,nous déciderons à qui reviendra cette tâche agréable –,we will decide who will get this pleasant task,85,1250
888,directement,adv,directly,son action s’exerce directement ou par intermédiaire –,his actions are taken personally or by an intermediary,81,1606
889,euh,intj,"er, um, uh",il faut euh avoir euh une intention particulière –,you um have to have um a particular intention,39,7099
890,raconter,v,to tell,je ne raconte plus de blagues –,I don’t tell jokes any more,71,2555
891,décembre,nm,December,c’était un samedi après-midi de décembre –,it was a Saturday afternoon in December,70,2658
892,développer,v,to develop,"l’embryon vit, grandit et se développe –","the embryo lives, grows, and develops",70,2601
893,honorable,adj(f),honorable,c’est un but honorable –,it’s an honorable goal,46,5863
894,contact,nm,contact,je ne veux plus perdre contact avec toi –,I don’t want to lose contact with you any more,81,1573
895,conclure,v,to conclude,il vous reste une minute pour conclure –,you have one minute to conclude,75,2085
896,fruit,nm,fruit,allez manger des fruits –,go eat fruit,89,844
897,ouvert,adj,open,je suis très ouvert à cette suggestion –,I’m very open to this suggestion,84,1287
898,investissement,nm,investment,ce sont là des investissements importants –,those are important investments,69,2755
899,insister,v,to insist,"elle insistait pour m’accompagner, je refusai –","she insisted on accompanying me, I refused",85,1205
900,avantage,nm,advantage,je désirais cet avantage pour mon fils –,I wanted this advantage for my son,79,1697
901,garde,"nm, nf",guard,on a fait venir le garde du corps –,they had the bodyguard come,76,1991
902,historique,nadj(f),historical,c’est également devenu un lieu historique –,it has also become a historical site,80,1643
903,probablement,adv,probably,il est probablement mort à ce moment-là –,that’s probably when he died,81,1491
904,voyage,nm,"trip, journey",le ferry fera plusieurs voyages –,the ferry will make many trips,79,1681
905,sept,"det, nmi",seven,"il était sept heures, exactement –",it was exactly seven o’clock,66,3077
906,marche,nf,"walk, step, march",mais enfin il arrêta brusquement leur marche –,finally he abruptly stopped their march,77,1916
907,vérité,nf,truth,"provoqué à la vérité, je répondrai au défi –","pushed to the truth, I will answer the challenge",71,2480
908,commercial,nadj,commercial,la Chine est un partenaire commercial important –,China is an important commercial partner,72,2332
909,critique,nadj(f),"criticism, critic, critical",cette critique est légitime –,this criticism is legitimate,75,2028
910,ministère,nm,ministry,des représentants de divers ministères y ont pris part –,representatives from various ministries took part,62,3417
911,baisser,v,"to lower, turn down, bend down",la jeune femme baisse encore un peu plus la tête –,the young woman bows her head a little lower,80,1568
912,somme,"nm, nf","amount, sum; nap",pourquoi n’ont-ils pas mentionné ces sommes? –,why didn’t they mention these sums?,83,1313
913,culture,nf,culture,la culture permet d’ouvrir les esprits –,culture enables the opening of minds,70,2555
914,cacher,v,to hide,je ne vous cache rien du tout –,I am not hiding anything at all from you,76,1970
915,prêter,v,to lend,le gouvernement devrait prêter l’oreille –,the government should pay attention,86,1056
916,définir,v,to define,tout dépend de la manière dont on définit le concept –,everything depends on how we define the concept,70,2551
917,client,nm,client,le client contrôle toujours la destination de la marchandise –,the customer always controls the destination of the goods,80,1600
918,exposer,v,"to display, exhibit, expose","en m’exposant, vous me condamnez! –","by exposing me, you’re condemning me!",85,1119
919,progrès,nm(pl),progress,mes fils font des progrès –,my sons are making progress,80,1545
920,secrétaire,"nm, nf",secretary,"mais voilà, ma secrétaire accouche cet aprèsmidi –","so there you go, my secretary is delivering a baby this afternoon",64,3219
921,mer,nf,sea,il les a laissés en pleine mer –,he left them in the middle of the sea,76,1909
922,rapporter,v,"to bring back, report",je t’ai rapporté ton livre –,I brought back your book,80,1583
923,appuyer,v,"to lean, support",nous avons toujours appuyé l’unité nationale –,we have always supported national unity,65,3090
924,liste,nf,list,j’aimerais avoir une liste de ces témoins –,I’d like to have a list of these witnesses,75,1976
925,rentrer,v,"to go in, come in, come back, return",je ne t’avais pas entendu rentrer –,I hadn’t heard you come in,68,2709
926,mémoire,"nm, nf",memory,cette soirée restera gravée dans nos mémoires –,this evening will remain engraven in our memory,77,1868
927,caractère,nm,"nature, character",mais c’est un caractère difficile –,but he’s a difficult character,69,2630
928,détruire,v,to destroy,la protection des citoyens et des civils est une cause excellente –,the protection of citizens and civilians is an excellent cause,71,2379
929,civil,nadj,civil; civilian,la protection des citoyens et des civils est une cause excellente –,the protection of citizens and civilians is an excellent cause,71,2379
930,nécessité,nf,"necessity, need",nous sommes conscients de la nécessité de réduire ces cotisations –,we’re aware of the need to reduce these subscriptions,80,1517
931,juin,nm,June,deux pays ont signé en juin un accord –,two countries signed an agreement in June,67,2844
932,danger,nm,danger,le cyclisme est en danger de mort –,cycling is in danger of dying out,71,2346
933,complexe,nadj(f),complex,les problèmes et les solutions sont complexes –,the problems and solutions are complex,83,1289
934,commerce,nm,"trade, commerce",nous ne sommes pas contre le commerce équitable –,we aren’t against equitable commerce,70,2479
935,transport,nm,transportation,il nous faut un transport plus rapide –,we need a faster means of transportation,72,2261
936,attente,nf,wait,"six mois d’attente, c’est beaucoup trop long –","six years of waiting, that’s much too long",83,1252
937,institution,nf,institution,nous devons réformer ces institutions –,we must reform these institutions,74,2102
938,défense,nf,defense,je me porte à la défense de la personne responsable –,I’m here to help defend the person responsible,74,2086
939,janvier,nm,January,j’irai en Californie en janvier prochain –,I’ll be going to California next January,66,2908
940,échapper,v,to escape,on ne peut pas y échapper –,you can’t escape it,81,1434
941,négociation,nf,negotiation,il se présente à la table de négociation,he shows up at the negotiation table,65,2961
942,franc,"adj, adv, adj, nm",frank; franc,le vétérinaire avait un regard franc,the veterinarian had a candid look,55,4157
943,mai,nm,May,elle avait disparu le 30 mai dernier,she had disappeared last May 30,68,2694
944,septembre,nm,September,elle est née un 22 septembre,she was born on September 22,69,2515
945,environnement,nm,environment,nous rejetons la nécessité de protéger notre environnement,we reject the need to protect our environment,64,3082
946,séparer,v,to separate,ce sont deux mondes séparés qui ont des interfaces,they are two separate worlds that have interfaces,80,1478
947,réaction,nf,reaction,j’estime que leur réaction est naturelle,I judge their reaction to be normal,82,1383
948,disposition,nf,"arrangement, disposition",elle tenait de notre père une disposition mélancolique,she got a melancholy disposition from our father’s side,64,3055
949,positif,nadj,positive,les réactions des téléspectateurs sont très positives,the reactions of the viewers were very positive,78,1665
950,scientifique,nadj(f),scientific,le nom scientifique de ma maladie ne l’intéressait pas,he wasn’t interested in the scientific name of my disease,75,1986
951,papier,nm,paper,ils veulent juste voir nos papiers,they just wanted to see our papers,74,2030
952,expression,nf,expression,cette expression a un sens extrêmement simple,this expression has an extremely simple meaning,80,1473
953,protection,nf,protection,on voudrait créer des aires de protection marines,they wanted to create marine conservation areas,68,2584
954,indépendant,nadj,independent,"il est indépendant financièrement, cultivé et cinglé","he’s financially independent, cultivated, and nuts",77,1757
955,carte,nf,card,j’ai reçu votre carte,I received your card,81,1401
956,association,nf,association,l’association a vocation à être une entreprise,the association’s goal is to become a company,73,2107
957,régler,v,"to pay, adjust, settle",vous ne réglerez rien avec l’argent,you won’t settle anything with the money,77,1792
958,modèle,nm,model,votre styliste va nous proposer trois modèles,your stylist is going to show us three models,73,2111
959,commander,v,"to order, command",il a commandé plusieurs exemplaires du guide de référence –,he ordered several copies of the reference guide,76,1858
960,étudier,v,to study,j’ai étudié la situation avant de venir ici –,I studied the situation before coming here,73,2094
961,déterminer,v,"to determine, find out, specify",il faut plutôt déterminer si le contrat était juste –,rather we should determine out whether the contract was accurate,72,2240
962,budget,nm,budget,il paraît assez douteux que le budget soit rejeté –,it seems rather unlikely that the budget would be rejected,59,3511
963,fonder,v,"to found, set",il a fondé la société –,he founded the company,80,1449
964,structure,nf,structure,une structure bien déterminée est choisie –,a well specified structure is chosen,74,2034
965,complet,"adj, nm","full, complete; suit","je veux un rapport complet sur mon bureau, demain –",I want a complete report on my desk tomorrow,79,1578
966,exercer,v,"to exercise, exert, practise, carry out",j’ai également exercé diverses fonctions dans ce secteur –,I also carried out various roles in this sector,77,1774
967,amour,nm,love,rien ne pourrait détruire mon amour pour toi –,nothing could destroy my love for you,63,3071
968,manifester,v,"to show, demonstrate, display",il avait manifesté son hostilité contre elle –,he displayed his hostility toward her,82,1310
969,menacer,v,to threaten,ils ont menacé de l’incarcérer et de le torturer –,they threatened to imprison and torture him,75,1903
970,conseiller,"nm, v","adviser, to advise",je lui conseille de consulter le dictionnaire –,I advised her to consult the dictionary,79,1595
971,réunion,nf,meeting,j’ai moi-même participé à diverses réunions de la troïka –,I even attended several of the trilateral meetings,69,2433
972,opposition,nf,opposition,il est membre de l’opposition officielle –,he is a member of the official opposition,62,3175
973,maladie,nf,"illness, disease",ce n’est pas une maladie psychiatrique –,it’s not a psychiatric illness,74,1981
974,outre,"adv, prep",besides,il a en outre publié deux ouvrages –,he also published two works,73,2107
975,tandis,,,il pria tandis que l’océan gelait –,he prayed while the ocean froze over,74,1984
976,construction,nf,"construction, building",son rôle dans la construction du produit final –,his role in building the final product,76,1829
977,bande,nf,"band, strip",Le Chili est une longue et étroite bande de terre –,Chile is a long and narrow strip of land,70,2394
978,signal,nm,signal,on va perdre le signal –,we’re going to lose the signal,42,5779
979,voisin,nadj,neighbor,je l’expédie chez le petit voisin –,I sent him to the little neighbor’s house,79,1560
980,réforme,nf,reform,"les réformes continuent, et ces pays progressent –","the reforms continue, and these countries are progressing",68,2517
981,rejeter,v,to reject,je rejette l’argument invoqué fréquemment aujourd’hui –,I reject the argument invoked often today,72,2132
982,novembre,nm,November,rappelez-vous où vous étiez le 1er novembre? –,do you remember where you were on November 1st?,70,2344
983,fonds,nm(pl),funds,cela vient des fonds publics –,this comes from public funds,62,3199
984,coûter,v,to cost,cette décision va coûter des milliards de dollars –,this decision will cost billions of dollars,81,1334
985,reprise,nf,"resumption, renewal; time",elle l’a prouvé à maintes reprises –,she proved it many times,72,2146
986,presse,nf,press,la presse aime bien les grands titres –,the press really likes dramatic headlines,63,2991
987,rouge,nadj(f),red,"le sang a séché, le rouge est devenu brun –","the blood dried, red turning to brown",75,1898
988,majorité,nf,majority,,,,
989,autoriser,v,to authorize,aucun fait n’autorise cette accusation de jalousie –,no fact licenses this accusation of jealousy,74,1994
990,effectuer,v,"to carry out, undergo",elle avait effectué trois jours de prison –,she had served three days of prison time,71,2238
991,bord,nm,"edge, side",voyant un banc au bord du trottoir je m’y assis –,seeing a bench alongside the sidewalk I sat down,75,1885
992,central,nadj,central,elle habitait dans le quartier central de la ville –,she lived in the city’s central neighborhood,66,2736
993,procédure,nf,procedure,"pour cela, il existe une procédure spéciale –","for that, a special procedure exists",60,3288
994,faveur,nf,favor,je me prononcerai en faveur des amendements –,I will declare myself in favor of the amendments,70,2272
995,éducation,nf,education,l’éducation est devenue obligatoire –,education has become mandatory,74,1954
996,officiel,nadj,official,ils doivent fournir une réponse honnête et officielle –,they have to provide an honest and official response,68,2546
997,document,nm,document,je suis un document vivant! –,I’m a living document!,66,2742
998,aspect,nm,aspect,il a oublié quelques aspects de la gastronomie –,he forgot some aspects of gastronomie,75,1877
999,retourner,v,"to return, go back",je ne retournerai pas sur la Terre –,I will not return to Earth,71,2209
1000,professionnel,nadj,professional,il est entré dans la vie professionnelle voilà huit ans –,he entered professional life eight years ago,73,2067
1001,auparavant,adv,beforehand,je n’ai jamais vu cela auparavant –,I’ve never seen that before,85,1047
1002,animal,nadj,animal,le singe aussi est un animal familier –,the monkey is also a familiar animal,81,1364
1003,utile,adj(f),useful,"l’hypocrisie, pour être utile, doit se cacher –","hypocrisy, to be useful, must be hidden",83,1173
1004,inscrire,v,"to register, write down",j’inscrivis mon nom sur la fiche –,I wrote down my name on the card,78,1595
1005,concurrence,nf,competition,Pékin est en concurrence avec Paris –,Peking is in competition with Paris,77,1713
1006,déclaration,nf,declaration,nous devons répondre à cette déclaration –,we must respond to this declaration,65,2782
1007,rejoindre,v,"to rejoin, reunite","allez, rejoignez votre famille –","go, rejoin your family",81,1321
1008,mille,"det, nm, nmi",a thousand,leur culture a duré quelque vingt mille ans –,their culture lasted some twenty thousand years,59,3431
1009,absolument,adv,absolutely,cela ne veut absolument rien dire –,that means absolutely nothing at all,75,1829
1010,prison,nf,prison,les prisons sont la solution à la délinquance juvénile –,prisons are the solution to juvenile deliquence,73,2014
1011,armée,nf,army,"l’armée fait retraite, sans avoir combattu –","the army retreats, without having fought",63,2921
1012,revenu,nm,income,les hauts revenus ne verront pas la différence –,high-income people will not see the difference,61,3119
1013,complètement,"adv, nm",completely,le ciel est complètement couvert –,the sky is completely overcast,79,1513
1014,confirmer,v,to confirm,cette information n’a pas été confirmée –,this information was not confirmed,71,2163
1015,salaire,nm,"salary, wage",beaucoup de travailleurs gagnent le salaire minimum –,many workers earn minimum wage,80,1390
1016,lecture,nf,reading,elle consacrait son temps à la lecture –,she consecrated her time to reading,70,2252
1017,contribuer,v,to contribute,la consommation de drogues illicites contribue à la criminalité –,illegal drug use contributes to crime,73,1990
1018,attaquer,v,to attack,il est temps d’attaquer le mal à la racine –,it’s time to attack evil at its roots,78,1580
1019,table,nf,table,la bouteille est là sur la table –,the bottle is there on the table,72,2116
1020,remonter,v,to go back up,notre dernière participation remontait au génocide rwandais –,our last participation goes back to the Rwandan genocide,83,1140
1021,certes,adv,"indeed, certainly, of course",le rapport ne fournit certes pas de solution miracle –,the report certainly doesn’t provide the miraculous solution,79,1477
1022,avril,nm,April,je suis né le 10 avril –,I was born on April 10th,68,2434
1023,autrement,adv,"differently, something else, otherwise",les Américains ont décidé d’agir autrement –,the Americans decided to act otherwise,81,1309
1024,ferme,"adj(f), adv, nf",farm; firm,les parents doivent parfois se montrer fermes –,parents should sometimes stand firm,78,1538
1025,désormais,adv,"from now on, henceforth",c’est désormais chose faite –,it’s henceforth a done deal,71,2158
1026,lourd,adj,heavy,nous avons accepté une lourde partie de la responsabilité –,we have accepted a heavy part of the responsibility,79,1502
1027,susciter,v,"to arouse, provoke",une femme qui a étudié la théologie suscite toujours quelque méfiance –,a woman who has studied theology still arouses some suspicion,83,1133
1028,république,nf,republic,"je rêve d’une république indépendante, libre et démocratique –","I dream of an independent, free, democratic republic",69,2278
1029,dur,"adv, nadj",hard,il va traverser des moments très durs –,he will pass through very difficult times,76,1688
1030,application,nf,application,l’accord sera mis en application –,the agreement will be enacted,67,2530
1031,lutter,v,"to struggle, fight",je me préoccupe de lutter contre la pauvreté –,I’m busy fighting against poverty,85,1004
1032,profit,nm,"profit, benefit",j’ai toujours profit à l’écouter –,I always benefit from listening to her,80,1394
1033,contenir,v,to contain,ce livre contient donc un message –,so this book contains a message,70,2243
1034,déposer,v,"to deposit, put down",pourquoi ne dépose-t-il pas ses bagages? –,why doesn’t he set down his luggage?,70,2204
1035,modifier,v,"to modify, adjust",nous pouvons modifier nos paramètres –,we can adjust our parameters,61,3119
1036,communication,nf,communication,aucun moyen de communication n’a été fermé par le gouvernement –,no means of communication was cut off by the government,66,2583
1037,jugement,nm,judgement,il faut que son jugement s’exerce très très très rapidement –,his judgment must be exercised very very very quickly,84,1097
1038,manque,nm,lack,c’est aussi un manque de respect –,it’s also a lack of respect,84,1091
1039,échec,"adji, nm",failure,l’objectif central est de combattre l’échec scolaire –,the main goal is to fight failure in schools,80,1385
1040,traverser,v,"to cross, traverse",c’est suicidaire de traverser seul la galaxie entière –,it’s suicidal to traverse the whole galaxy alone,80,1403
1041,transformer,v,to transform,cela s’est transformé en un match physique –,it was transformed into a physical contest,81,1253
1042,engagement,nm,"agreement, commitment",mon premier engagement fut de nature politique –,my first appointment was political in nature,73,1929
1043,frère,nm,brother,"tu es mon frère, et je t’aime –","you’re my brother, and I love you",73,1973
1044,mardi,nm,Tuesday,des manifestations se sont déroulées mardi –,protests took place Tuesday,53,3902
1045,rencontre,nm,meeting,"le matin, je vais à la rencontre du soleil –",in the morning I go to meet the sun,68,2353
1046,vote,nm,vote,le vote aura lieu aujourd’hui –,the vote will take place today,59,3238
1047,renvoyer,v,"to send back, dismiss",il devrait renvoyer le signal de libération au réseau –,he had to send the liberation signal to the network,81,1315
1048,regretter,v,to regret,tous étaient violents. peu regrettaient leurs actes –,everybody was violent. few regretted their acts,82,1232
1049,espèce,nf,species,c’est une espèce en voie de disparition –,that’s an endangered species,76,1707
1050,recommandation,nf,recommendation,nous avons fait neuf recommandations précises –,we made nine specific recommendations,49,4421
1051,consister,v,to consist,en quoi consiste ton travail? –,what does your job consist of?,78,1488
1052,réagir,v,to react,tu réagis comme une enfant –,you’re reacting like a child,84,1061
1053,surprendre,v,to surprise,"mon garçon, parfois tu me surprends –","my son, sometimes you surprise me",83,1124
1054,circonstance,nf,circumstance,les circonstances ne sont pas idéales –,the circumstances are less than ideal,82,1179
1055,témoin,nm,witness,j’ai des témoins. ma femme a été enlevée –,I have witnesses. my wife was kidnapped,78,1481
1056,améliorer,v,to improve,la situation semblait s’améliorer –,the situation seemed to improve,69,2231
1057,administration,nf,administration,les administrations précédentes ont perdu toute autorité –,the preceding administrations have lost all authority,70,2200
1058,réfléchir,v,to reflect,j’ai réfléchi à la question –,I thought about the question,79,1461
1059,lumière,nf,light,elle était juste heureuse de voir la lumière du jour –,she was happy to see daylight again,68,2304
1060,vert,nadj,green,"il avait 23 ans, des yeux vert émeraude –","he was twenty-three years old, with emerald green eyes",79,1459
1061,apprécier,v,to appreciate,ils n’apprécient pas le spectacle –,they don’t appreciate the show,84,1031
1062,combat,nm,"fight, combat",nous devons nous préparer pour le grand combat –,we must prepare for the big battle,75,1759
1063,sensible,nadj(f),sensitive,je dois avoir touché une corde sensible –,I must have touched a sensitive nerve,83,1121
1064,étudiant,nadj,student,les dames serviront à boire aux étudiants –,the ladies served drinks to the students,69,2237
1065,vitesse,nf,speed,accélérez en vitesse d’attaque –,accelerate to attack speed,84,1027
1066,malade,nadj(f),"ill, sick","ton père est malade, il aimerait te voir –","your father is sick, he wants to see you",78,1478
1067,portée,nf,"range, reach, scope",Linux est à présent à la portée du grand public –,Linux is now within reach of the general public,91,570
1068,élève,"nm, nf","pupil, student",ils ont été mes élèves –,they were my students,82,1167
1069,contrôler,v,"to control, check, inspect, monitor",c’est la volonté du propriétaire de contrôler ce qui se passe chez lui –,it’s up to the owner to decide whether to check up on what’s happening at his house,78,1511
1070,merci,"intj, nm, nf",thank you; favor,merci pour la bière –,thanks for the beer,54,3729
1071,certainement,adv,certainly,ce n’est certainement pas nous qui ferons cela –,we are certainly not the ones to do that,76,1660
1072,visite,nf,visit,"je reviendrais bien ici, en visite –",I would gladly come back here on a visit,69,2229
1073,assemblée,nf,"assembly, meeting",la direction organisa une assemblée générale –,management organized a general meeting,70,2157
1074,émission,nf,"transmission, broadcasting, programme","une émission de télé passe, les écrits restent –","a TV show disappears, but writings persist",59,3210
1075,arrivée,nf,arrival,on annonçait notre arrivée dans le quartier –,our arrival was noised about in the neighborhood,67,2352
1076,puissance,nf,power,la Chine est une puissance importante sur la scène mondiale –,China is an important power on the global scene,67,2340
1077,partenaire,"nm, nf",partner,nous pourrions être amis! partenaires. frères d’arme –,"we could be friends, partners, brothers in arms",77,1552
1078,contenter,v,"to satisfy, please",tu te contenteras d’être le chauffeur –,you will be satisfied to be the driver,86,860
1079,perte,nf,loss,c’était une perte de temps d’aller chez le médecin –,it was a waste of time to go see the doctor,75,1724
1080,libéral,nadj,liberal,nous avons maintenant un gouvernement libéral –,we now have a liberal government,54,3706
1081,citoyen,nadj,citizen,les gouvernements doivent représenter tous les citoyens –,governments must represent every citizen,67,2352
1082,citer,v,to quote,j’aimerais citer quatre paragraphes –,I would like to cite four paragraphs,75,1698
1083,influence,nf,influence,la France perdit de son influence –,France lost her influence,79,1356
1084,camp,nm,camp,on n’a jamais bombardé nos camps –,our camps were never bombed,76,1636
1085,établissement,nm,"establishment, organization",l’établissement de systèmes de contrôle est important –,it’s important to establish verification systems,69,2135
1086,vendredi,nm,Friday,"vendredi en quinze, on prend le train –",two weeks from Friday we take the train,53,3709
1087,avance,nf,advance,j’arrivai au cours en avance –,I arrived to class early,81,1237
1088,destiner,v,"to intend, be used",ce programme n’est pas destiné aux informaticiens –,this program is not meant for computer scientists,75,1692
1089,causer,v,to cause,tout ceci a causé une certaine frustration –,this all caused some frustration,82,1169
1090,nord,"adji, nm",north,les tensions raciales ont explosé dans le nord –,racial tensions have exploded in the north,59,3095
1091,lundi,nm,Monday,il quitte l’hôpital ce lundi –,he leaves the hospital this Monday,53,3736
1092,maître,nm,master,je suis le maître de ta vie et de ta mort –,I am the master of your life and of your death,72,1907
1093,interroger,v,"to question, interrogate",on doit vous interroger sur ces événements –,you should be questioned about these events,74,1726
1094,conférence,nf,conference,un certain nombre de séminaires et de conférences ont été organisés –,several seminars and a conference were organized,71,1953
1095,provoquer,v,to provoke,je ne veux pas provoquer de révolte –,I don’t want to provoke a revolution,70,2066
1096,vente,nf,sale,je m’oppose à la taxe de vente –,I’m opposed to the sales tax,68,2201
1097,ramener,v,"to bring back, return, take back","je me demandais, tu pourrais me ramener chez moi? –","I was wondering, could you take me back home?",79,1389
1098,soldat,nm,soldier,voilà nos petits soldats qui sont venus nous aider –,here come our little soldiers to help us out,67,2339
1099,collègue,"nm, nf",colleague,je remercie mon collègue pour sa contribution d’hier –,I thank my colleague for his contribution yesterday,54,3593
1100,concevoir,v,to conceive,j’ai alors conçu le projet –,then I conceived the project,82,1104
1101,procéder,v,to proceed,j’ai procédé à l’arrestation –,I proceeded with the arrest,76,1578
1102,poids,nm(pl),weight,c’est comme un énorme poids posé sur votre poitrine –,it’s like an enormous weight placed on your chest,83,1075
1103,voici,prep,"here is, here are, this is, these are",voici le résultat de l’essai –,here’s the result of the test,76,1575
1104,acquérir,v,to acquire,ce mot a acquis une connotation très particulière –,this word has acquired a very particular connotation,82,1154
1105,moindre,adj(f),"lesser, least, slightest",il n’avait absolument pas la moindre idée –,he didn’t have the slightest clue,76,1583
1106,convenir,v,"to agree, be suitable",seul un partenaire de même philosophie pourra leur convenir –,only a partner with the same outlook will be agreeable to them,69,2090
1107,logique,nadj(f),"logic, logical",je ne suis pas la logique de l’argument –,I don’t follow the logic behind the argument,77,1464
1108,examiner,v,to examine,ils ont fini d’examiner la maison –,they finished examining the house,65,2430
1109,soin,nm,care,tu peux prendre soin de toi toute seule –,you can take care of yourself alone,64,2549
1110,mesurer,v,to measure,il mesure un mètre soixante-huit –,he’s one meter sixty-eight tall,75,1602
1111,traitement,nm,"treatment, salary, wage",vous acceptez d’être soumis au traitement –,you accept to undergo the treatment,69,2079
1112,jeudi,nm,Thursday,le jugement de jeudi pourrait influencer une autre affaire –,Thursday’s judgment could influence another matter,52,3762
1113,impliquer,v,"to imply, implicate",je suis désolé de t’avoir impliqué –,I’m sorry I had you implicated,77,1482
1114,science,nf,science,la psychanalyse est une science du vivant –,psychoanalysis is one of the life sciences,75,1657
1115,individu,nm,individual,ce type d’individu n’a rien à faire en prison –,this type of individual doesn’t belong in prison,77,1436
1116,donnée,nf,"fact, datum","tout en travaillant, il nota les données sur son carnet –",while working he jotted down data in his notebook,60,2902
1117,demi,"adji, adv, nm",half,rentrer déjeuner à midi et demi tous les jours –,come back for lunch at 12:30 every day,81,1197
1118,combattre,v,to fight,nous avons combattu pour chaque détail –,we fought for every detail,86,849
1119,violent,nadj,violent,évitez de recourir à des moyens trop violents –,avoid relying on overly violent means,82,1100
1120,comporter,v,"to comprise, include; to behave",tâche de bien te comporter –,try to be well-behaved,80,1245
1121,suivant,"nadj, prep",following,"les 20 jours suivants, ils meurent de faim –","in the 20 days that followed, they starve to death",64,2537
1122,mériter,v,"to deserve, merit",tout le monde mérite d’avoir sa chance –,everyone deserves a chance,80,1255
1123,emprunter,v,to borrow,tout ce que tu as emprunté s’évanouira en fumée –,everything you borrowed will vanish in smoke,90,558
1124,conscience,nf,"conscience, consciousness",j’acquérais une conscience plus attentive des autres –,I acquired a more attentive conscience than most,72,1806
1125,traduire,v,to translate,elle peut être traduite dans un langage mathématique précis –,it can be translated into a precise mathematical language,78,1400
1126,sang,nm,blood,il y a du sang dans vos cheveux –,there’s blood in your hair,71,1924
1127,millier,nm,thousand,des milliers d’entre eux refusent de partir –,thousands of them are refusing to leave,71,1873
1128,emporter,v,"to take, remove","il n’emporte rien avec lui, pas même une chemise –","he doesn’t take anything with him, not even a shirt",80,1258
1129,initiative,nf,initiative,nombreuses furent les critiques contre ces initiatives –,numerous criticisms were leveled against these initiatives,64,2461
1130,nucléaire,adj(f),nuclear,une attaque nucléaire? c’est une possibilité –,a nuclear attack? it’s possible,70,1980
1131,industriel,nadj,industrial,les sociétés industrielles de ce temps mobilisent –,industrial societies of this time are mobilizing,66,2296
1132,vif,nadj,lively,les agents du mal étaient brûlés vifs –,the instigators of evil were burned alive,79,1265
1133,exact,adj,"exact, correct",l’histoire est une science exacte –,history is an exact science,84,968
1134,exception,nf,exception,vous ne pouvez pas faire une exception? –,can’t you make an exception?,84,936
1135,doubler,v,"to double, pass; to dub",il essaie de nous doubler –,he’s trying to drive past us,90,589
1136,février,nm,February,nous devons maintenant attendre jusqu’en février –,we must now wait until February,65,2418
1137,mode,"nm, nf","mode, way, fashion",on a souvent critiqué le mode de recrutement des juges –,recruitment methods for judges are often criticized,67,2204
1138,tendre,"nadj(f), v","to tighten; to extend, stretch; tender","il faut parler, tendre la main, dialoguer –","you have to speak, reach out, dialogue",72,1833
1139,musique,nf,music,la musique transforme les gens –,music transforms people,67,2215
1140,gestion,nf,management,et je fournis l’expérience de gestion –,and I have management experience,63,2561
1141,honneur,nm,honor,c’est un grand honneur de vous rencontrer –,it’s a great honor to meet you,68,2111
1142,vaste,adj(f),"vast, immense","c’est très vaste comme sujet, mais c’est fascinant –","it’s a huge subject, but it’s fascinating",82,1051
1143,évoquer,v,"to recall, evoke",on peut l’écouter des heures évoquer des souvenirs –,you could listen to her for hours evoking memories,72,1800
1144,fonctionner,v,"to function, work","le processus fonctionne, et fonctionne bien –","the process works, and works well",73,1748
1145,étape,nf,"stage, step",je vais procéder étape par étape –,I’m going to proceed step by step,71,1850
1146,physique,nadj(f),"physical, physics",j’aime aussi beaucoup l’activité physique –,I also really like physical activity,76,1491
1147,accuser,v,to accuse,de quoi nous accusez-vous? –,what are you accusing us of?,69,2033
1148,parfaitement,adv,perfectly,votre baladeur fonctionne parfaitement –,your Walkman works perfectly,82,1043
1149,méthode,nf,"method, procedure",j’avais deviné la bonne méthode à suivre –,I guessed the right procedure to follow,67,2207
1150,professeur,"nm, nf","professor, teacher",je serais professeur dans un lycée –,I would be a teacher in a high school,74,1655
1151,envers,"nm(pl), prep",towards,nous respectons nos engagements envers les minorités –,we honor commitments to the minorities,79,1256
1152,distribuer,v,"to distribute, give out",ces valeurs se distribuent selon une courbe en cloche –,these values are distributed along a bell curve,89,647
1153,existence,nf,existence,je menais une drôle d’existence –,I led a strange life,74,1643
1154,prétendre,v,to pretend,il prétend avoir un portable –,he claims to have a mobile phone,78,1356
1155,global,adj,global,l’opération peut être locale ou globale –,the operation can be local or global,74,1653
1156,dommage,nm,"damage, harm; too bad",dommage que les choses aient mal tourné –,too bad things turned out as badly as they did,86,806
1157,crédit,nm,credit,le gouvernement socialiste voulait mettre le crédit au service de l’économie –,the socialist government wanted to make credit work for the economy,64,2390
1158,tendance,nf,"tendency, trend",les entreprises creés ont tendance à grossir –,the enterprises that were created tend to grow bigger,74,1599
1159,chaîne,nf,"chain, channel",la chaîne a programmé ce divertissement le mardi soir –,the channel scheduled this entertainment for Tuesday night,72,1794
1160,relatif,nadj,relative,tout est relatif dans la vie –,everything is relative in life,64,2459
1161,note,nf,"note, grade",je prends des notes comme un fou –,I’m taking notes like crazy,86,806
1162,réserve,nf,reserve,toute ma réserve d’énergie va être gaspillée –,all of my spare energy is about to be wasted,69,2007
1163,maximum,nadj,maximum,je vais essayer de faire le maximum –,I will try to do my best,84,926
1164,moteur,nadj,motor,il avait éteint le moteur –,he had stopped the engine,88,695
1165,version,nf,version,vous avez entendu les deux versions de l’incident –,you have heard both versions of the incident,81,1153
1166,règlement,nm,"rule, regulation",il existe déjà des règlements dans ce secteur –,there is already regulation in this sector,54,3303
1167,couple,"nm, nf",couple,le couple qui prie ensemble reste ensemble –,the couple that prays together stays together,84,922
1168,mercredi,nm,Wednesday,je ne serai payée que mercredi –,I won’t be paid until Wednesday,51,3608
1169,régional,nadj,regional,il existe toujours deux taux régionaux –,there have always been two regional rates,68,2092
1170,sinon,conj,"otherwise, or else","mais n’anticipons pas, sinon nous n’arriverons jamais –",let’s not get impatient or we’ll never arrive there,75,1552
1171,entreprendre,v,"to begin, start, undertake",la dame blanche entreprend de monter l’escalier –,the white lady undertook to climb the stairs,82,1056
1172,au-delà,"adv, nmi",beyond,la réalité va au-delà des concepts –,reality surpasses concepts,79,1255
1173,étendre,v,"to spread out, stretch out",je me suis étendue sur le sol de ma chambre –,I stretched out on the floor of my bedroom,79,1264
1174,sortie,nf,exit,il alla chercher Josette à la sortie du théâtre –,he went to look for Josette at the theatre exit,72,1723
1175,profond,"adv, nadj",deep,le ciel était d’un bleu profond –,the sky was a dark blue,76,1486
1176,décrire,v,to describe,je n’aurais qu’à décrire ce que je voyais –,all I had to do was describe what I saw,67,2168
1177,etc,,,"j’ai dormi dans les gares, etc. –","I slept in train stations, etc.",66,2229
1178,récent,adj,recent,quel est votre regard sur les récents déboires? –,what is your opinion of the recent disappointments?,77,1376
1179,télévision,nf,television,elle t’a vu à la télévision –,she saw you on the television,67,2127
1180,retraite,nf,"retirement, pension",c’était un rocker à la retraite –,he’s a retired rock-n-roll artist,69,1943
1181,art,nm,art,j’ai perdu l’art de convaincre –,I lost the art of convincing,74,1565
1182,frontière,nf,border,il essaie d’atteindre la frontière –,he’s trying to reach the border,70,1899
1183,égal,nadj,equal,tout le monde ne sera pas égal devant la loi –,everyone will not be equal before the law,78,1337
1184,promesse,nf,promise,pensez-vous qu’elle va tenir sa promesse? –,do you think she’ll keep her promise?,86,774
1185,entretenir,v,to maintain,je n’ai jamais entretenu de relations amicales avec lui –,I never maintained amical relations with him,82,1052
1186,habiter,v,to live,j’ai habité dix ans la France –,I lived in France for ten years,81,1072
1187,quartier,nm,"district, quarter",ils vivaient dans les quartiers les plus pauvres –,they lived in the poorest neighborhoods,74,1587
1188,avocat,nm,lawyer,j’étais avocat avant de venir ici –,I was a lawyer before coming here,73,1647
1189,accueillir,v,"to welcome, greet, accommodate",on va vers les étrangers pour les accueillir –,we’re going to greet the foreigners,78,1285
1190,libérer,v,"to free, liberate, release",tous les prisonniers furent libérés sans condition –,all the prisoners were freed unconditionally,76,1462
1191,vivant,nadj,"alive, living","si elle est vivante, je te la ramènerai –","if she’s alive, I’ll bring her back to you",75,1542
1192,université,nf,university,la grève se généralise dans les universités –,the strike is widening in the universities,71,1770
1193,rire,"nm, v",to laugh,l’aventure nous fit beaucoup rire –,the adventure made us laugh heartily,60,2664
1194,facilement,adv,easily,j’ai retrouvé facilement le carton –,I easily located the cardboard box,86,801
1195,crainte,nf,fear,je n’ai absolument pas eu de crainte –,I had absolutely no fear,85,831
1196,commettre,v,to commit,vous avez commis presque tous les crimes informatiques –,you have committed almost every computer crime,75,1495
1197,précisément,adv,precisely,pouvez-vous nous parler plus précisément des personnes que vous suivez? –,can you tell us more precisely about the people you track?,80,1126
1198,soutien,nm,support,elle a manifestement bénéficié d’un large soutien –,she clearly enjoyed widespread support,70,1893
1199,urgence,nf,emergency,prépare-toi pour un atterrissage d’urgence –,prepare yourself for an emergency landing,77,1343
1200,clé,nf,key,je ne trouve pas ma clé –,I can’t find my key,85,856
1201,enlever,v,to remove,pouvez-vous enlever votre chapeau? –,can you remove your hat?,78,1251
1202,jeter,v,to throw,c’est moi qui ai jeté le caillou –,I’m the one who threw the stone,64,2304
1203,religieux,nadj(pl),religious,"il a l’âme religieuse, pourtant –","still, he has a religious soul",75,1447
1204,analyse,nf,analysis,je ne veux pas faire d’analyse –,I don’t want to do any analysis,79,1209
1205,disponible,adj(f),available,j’utilise des outils disponibles sans restriction –,I use any available tools without restriction,74,1571
1206,regard,nm,"look, glance",elle ne posera jamais un regard vers moi –,she will never turn her attention to me,63,2377
1207,prévenir,v,"to prevent, warn; to notify",je suis à deux doigts de prévenir la police –,I’m within an inch of notifying the police,81,1056
1208,bientôt,adv,soon,"bientôt, je vous connaîtrai mieux que vousmême –",soon I will know you better than you do,72,1665
1209,analyser,v,to analyse,il analyse aussi les échecs de la politique –,he also analyzes political failures,77,1309
1210,mariage,nm,marriage,le mariage devait avoir lieu à Paris –,the marriage should have taken place in Paris,76,1414
1211,couleur,nf,color,le vert était censé être la couleur préférée du Prophète –,green is supposed to be the favorite colour of the Prophet,74,1509
1212,témoigner,v,to testify,"je pourrai en témoigner, au besoin, dit-elle –","I’ll be able to testify of it, if necessary, she said",82,973
1213,sauver,v,"to rescue, save",tu m’as sauvé la vie –,you saved my life,72,1689
1214,parlementaire,nadj(f),parliamentary; member of parliament,les parlementaires ont été agacés par les réactions israéliennes –,the members of parliament were annoyed by the Israeli reactions,54,3189
1215,conclusion,nf,conclusion,la conclusion du rapporteur semble raisonnable –,the conclusion of the reporter seems reasonable,75,1464
1216,bleu,"adj, nm",blue,le soleil a déchiré le voile bleu de la nuit –,the sun tore through the blue veil of the night,73,1573
1217,dehors,"adv, nm(pl), prep",outside,dehors il fait froid –,it’s cold outside,73,1594
1218,remercier,v,to thank,je vous remercie de m’avoir sauvé la vie –,thank you for saving my life,68,1990
1219,actif,nadj,active,l’Europe doit donc jouer un rôle actif –,Europe must therefore play an active role,75,1423
1220,réclamer,v,"to ask for, call for; to claim",ils ont réclamé leur droit au sens critique –,they reserved the right to be critical,74,1533
1221,habitude,nf,habit,les gens fonctionnent beaucoup par habitude –,people operate a lot through habits,79,1194
1222,récemment,adv,recently,j’ai reçu récemment une lettre –,I recently received a letter,74,1536
1223,fil,nm,"thread, wire",Joseph Glidden fait breveter le fil de fer barbelé –,Joseph Glidden is granted a patent for barbed wire,82,964
1224,collectif,nadj,collective,luttons pour nos buts collectifs…notre indépendance –,"let’s fight for our collective goals, our independance",77,1322
1225,excellent,adj,excellent,le café est excellent ici –,the coffee’s excellent here,78,1266
1226,moral,nadj,"moral, morale",ce dossier implique une question morale –,this affair involves an ethical question,87,695
1227,accident,nm,accident,elle est morte d’un accident –,she died from an accident,75,1436
1228,code,nm,code,composez votre code secret –,punch in your secret code,63,2367
1229,puissant,nadj,powerful,"son effet est très puissant, ça calme et ça soigne –","its effect is very powerful, calming and soothing",81,1071
1230,recueillir,v,"to collect, gather",il a été recueilli par des montagnards –,he was picked up by mountain dwellers,80,1140
1231,fabriquer,v,"to manufacture, invent, make",mon métier consiste à fabriquer des livres –,my job involves manufacturing books,85,817
1232,représentant,nm,representative,nous rencontrerons les représentants de divers pays –,we will meet representatives from various countries,70,1801
1233,rare,adj(f),rare,vous collectionnez les billets particulièrement rares –,you collect particularly rare bills,78,1257
1234,extraordinaire,adj(f),extraordinary,c’est un homme au talent extraordinaire –,he’s a man with an extraordinary talent,83,940
1235,dimanche,nm,Sunday,de fortes pluies sont annoncées pour dimanche –,heavy rains are forecast for Sunday,52,3265
1236,vérifier,v,"to check, verify","appelle ton contrôleur, vérifie –","call your inspector, double-check",77,1280
1237,envie,nf,envy,elle n’avait envie de parler de rien –,she didn’t want to talk about anything,63,2272
1238,enregistrer,v,"to record, check in",le fonds de l’assurance-emploi enregistre un surplus –,unemployment insurance funds have recorded a surplus,74,1518
1239,moderne,nadj(f),modern,on va utiliser un système plus moderne –,we’re going to use a more modern system,77,1266
1240,parc,nm,park,Disney va créer un parc à thèmes à Hong Kong –,Disney will create a theme park in Hong Kong,87,690
1241,impôt,nm,tax,"ils travaillent, ils payent des impôts –","they work, they pay taxes",54,3088
1242,sud,"adji, nm",south,va faire une tentative au pôle sud –,go try to reach the south pole,58,2672
1243,efficace,adj(f),"efficient, effective",mon équipe est compacte et efficace –,my team is small and efficient,74,1454
1244,intéressant,adj,interesting,"moi, je vous trouve intéressante –","me, I find you interesting",71,1692
1245,île,nf,island,c’est une île qui ne peut être trouvée –,it’s an island that no one can find,75,1431
1246,cité,nf,city,la cité était gouvernée par les poètes et les philosophes –,the city was ruled by poets and philosophers,80,1109
1247,carrière,nf,career,je vous souhaite une longue carrière à ce poste –,I wish you a long career in this position,78,1210
1248,voter,v,to vote,nous serions encore à voter ce soir –,we would still be here tonight voting,63,2260
1249,traité,nm,treaty,il s’agit d’élaborer des traités internationaux –,it involves setting up international treaties,69,1824
1250,libération,nf,liberation,nous exigeons la libération de nos camarades –,we demand the release of our comrades,63,2254
1251,nourrir,v,"to feed, nourish",l’inégalité nourrit l’injustice –,inequality feeds injustice,84,810
1252,sérieusement,adv,seriously,il aurait mieux fait d’étudier sérieusement –,it would have been better for him to have studied seriously,87,679
1253,bras,nm(pl),arm,venez dans mes bras –,come to my arms,62,2315
1254,immédiat,nadj,immediate,je n’ai plus de mémoire immédiate –,I have no more short-term memory,82,973
1255,exceptionnel,nadj,exceptional,le plan d’action est exceptionnel –,the plan of attack is exceptional,86,726
1256,rechercher,v,to search for,des dirigeants africains recherchent un solution à la crise –,African leaders are seeking a solution to the crisis,84,826
1257,palestinien,nm,Palestinian,je devais repartir le lendemain –,I had to leave the next day,73,1490
1258,lendemain,nm,next day,je devais repartir le lendemain –,I had to leave the next day,73,1490
1259,producteur,nadj,producer,les producteurs sont souvent aussi les consommateurs –,producers are also often consumers,73,1546
1260,garantir,v,to guarantee,il faut garantir la sécurité du personnel –,we have to guarantee the safety of the staff,72,1586
1261,geste,nm,gesture,je fais ces gestes tout en marchant –,I make these gestures while walking,73,1497
1262,roman,"adj, nm",novel,"j’avais lu des romans, en prose et en vers –","I had read novels, in prose and in verse",58,2652
1263,augmentation,nf,"increase, rise",cela constitue une augmentation de 25 p. 100 –,this represents an increase of 25%,66,1973
1264,facteur,nm,"postman, mailman; factor",le facteur apportait enfin de gros paquets –,the mailman finally brought large packages,73,1485
1265,policier,nadj,policeman,tous les policiers doivent se présenter à leur sergent –,all the policemen must present themselves to their sergeant,67,1928
1266,échelle,nf,"ladder, scale",cette guerre peut être menée à grande échelle –,this war could be waged on a large scale,80,1064
1267,supplémentaire,adj(f),additional,voilà un exemple supplémentaire –,here’s an additional example,68,1882
1268,pratiquer,v,to practice,ils pratiquent vraiment le football que j’aime –,they play the kind of football that I really enjoy,80,1037
1269,pensée,nf,thought,il me poursuit dans mes pensées –,he chases me in my thoughts,62,2304
1270,extrême,nadj(f),extreme,nous allons affronter un péril extrême –,we’re going to face extreme peril,79,1141
1271,néanmoins,"adv, conj",nevertheless,avez-vous néanmoins un code de discipline à respecter? –,"still, don’t you have a code of conduct to follow?",80,1057
1272,bénéficier,"nm, v",to benefit,il devient donc impératif de pouvoir bénéficier de plus d’argent –,we must be able to benefit from more money,72,1583
1273,vingt,"det, nmi",twenty,"elle inventait dix, vingt, cent prétextes –","she dreamed up ten, twenty, a hundred excuses",65,2019
1274,revoir,v,"to see again, revise",je disparaîtrai. tu ne me reverras jamais –,I will disappear. you will never see me again,70,1715
1275,perspective,nf,"perspective, viewpoint",je me place dans la perspective de mes personnages –,I place myself in the perspective of my characters,72,1579
1276,défaut,nm,"fault, flaw, shortcoming",on peut parler de mes défauts si tu veux –,we can talk about my shortcomings if you want,82,924
1277,précieux,nadj(pl),precious,ta vie m’est aussi précieuse que celle de ma femme –,your life is as precious to me as my wife’s,88,582
1278,retard,nm,delay,"viens, on va être en retard –","come, we’re going to be late",77,1255
1279,démocratie,nf,democracy,nous avons choisi la démocratie comme mode de vie –,we have chosen democracy for a way of life,70,1681
1280,renforcer,v,"to reinforce, strengthen",j’æuvrerai pour renforcer nos forces armées –,I will work to reinforce our armed forces,72,1535
1281,silence,nm,silence,ils regardèrent en silence les arbres du petit jardin –,in silence they watched the trees in the little garden,60,2402
1282,troupe,nf,"troup, troop",il faut remonter le moral des troupes –,the morale of the troops must be boosted again,72,1572
1283,qualifier,v,to qualify,on doit se qualifier pour le tournoi –,we have to qualify for the tournament,70,1643
1284,absolu,nadj,absolute,la mort est un fait absolu –,death is an absolute fact,81,984
1285,dégager,v,"to free, clear",la route est dégagée … mais il faut mettre vos chaînes –,the road is clear … but you must use chains,79,1099
1286,stratégie,nf,strategy,nous espérons voir une stratégie intégrée –,we hope to see an integrated strategy,70,1695
1287,bateau,nm,"boat, ship",un seul bateau de pêche a survécu à la tourmente –,only one fishing boat survived the tempest,77,1196
1288,printemps,nm(pl),spring,c’est une splendide matinée de printemps –,it’s a splendid spring morning,84,787
1289,course,nf,"race, shopping","je viens faire des courses, alors je me suis arrêtée ici –","I came shopping, and then I stopped here",79,1108
1290,exercice,nm,"exercise,",j’ai fait un exercice avec nos collègues de la presse –,I carried out an exercise with our colleagues in the press,73,1460
1291,fondamental,adj,fundamental,ils avaient de beaux visages tranquilles et las –,"they had beautiful, peaceful, weary faces",57,2618
1292,visage,nm,face,ils avaient de beaux visages tranquilles et las –,"they had beautiful, peaceful, weary faces",57,2618
1293,droite,nf,right,elle tourna la tête à droite –,she turned her head to the right,76,1247
1294,machine,nf,machine,il faut arrêter la machine avant de la réparer –,you must stop the machine before repairing it,77,1194
1295,village,nm,village,des dizaines de villages ont été rayés de la carte –,tens of villages were wiped off the map,72,1499
1296,britannique,nadj(f),British,nous nous inspirons de la tradition britannique –,we draw our inspiration from the British,60,2353
1297,surveiller,v,to watch,"je vais te surveiller, je sais où tu habites –","I’m going to watch you, I know where you live",83,826
1298,édition,nf,"publishing, editing, edition",c’est la fin de cette première édition d’informations –,that is the end of this early edition of the news,73,1481
1299,organisme,nm,organism,c’est un organisme qui est mi-figue mi-raisin –,it’s an organism that’s half fig and half grape,67,1835
1300,leçon,nf,lesson,je reçois ma leçon d’armes à six heures –,I get my weapons lesson at six o’clock,85,741
1301,accomplir,v,to accomplish,"il vous faut continuer, accomplir votre destinée –","you have to continue, to acomplish your destiny",80,1041
1302,décevoir,v,to disappoint,désolé de t’avoir déçue –,sorry for having disappointed you,88,601
1303,bataille,nf,battle,on obéit à tes ordres et la bataille est gagnée –,we obey your orders and the battle is won,82,911
1304,port,nm,"harbour, port",le dernier bateau quitte le port –,the last boat left the port,80,1035
1305,naissance,nf,birth,l’histoire commence avec la naissance d’un enfant étrange –,the story begins with the birth of a strange child,81,974
1306,majeur,nadj,major,c’est un enjeu économique majeur aujourd’hui –,it’s a major economic challenge today,77,1178
1307,froid,nadj,cold,dehors il fait froid –,it’s cold outside,72,1471
1308,hôpital,nm,hospital,le garçon est mort à l’hôpital –,the boy died at the hospital,73,1413
1309,circuit,nm,circuit,ce circuit doit être libéré selon la procédure normale –,this circuit must be discharged according to the normal procedure,44,3791
1310,terrible,adj(f),"terrible, dreadful",c’était terrible! la situation était terrible –,it was terrible! the situation was horrible,80,997
1311,degré,nm,degree,il n’y a pas de degrés dans la sainteté –,there are no degrees of holiness,78,1147
1312,exigence,nf,"demand, strictness",c’est une exigence impossible à respecter –,it’s a requirement impossible to meet,80,993
1313,rêve,nm,dream,on attend maintenant que nos rêves se réalisent –,now we’re waiting for the fulfillment of our dreams,70,1647
1314,inspirer,v,to inspire,considérons que les livres ont inspiré le tueur –,let’s assume that the books inspired the killer,78,1101
1315,opérer,v,"to operate, carry out",les grandes sociétés opèrent à l’échelle mondiale –,large companies operate on a global scale,83,830
1316,entièrement,adv,"entirely, completely",je suis entièrement d’accord avec vous –,I completely agree with you,81,973
1317,chapitre,nm,chapter,il reste un chapitre à écrire –,one chapter remains to be written,75,1310
1318,quotidien,nadj,daily,elles apportent conseils dans les travaux ménagers quotidiens –,they provide advice through their daily household chores,65,1929
1319,clairement,adv,clearly,le rapport de force est clairement déséquilibré –,the threat assessment is clearly skewed,70,1620
1320,joindre,v,to join,je serais très heureux si vous vous joigniez à moi pour dîner –,I would be delighted if you would join me for supper,80,974
1321,léger,adj,light,d’un pas léger elle sortit de la bibliothèque –,with airy steps she left the library,75,1329
1322,permanent,adj,permanent,ils vivent dans le climat permanent de la violence –,they live in a permanent setting of violence,67,1792
1323,juge,"nm, nf",judge,il reviendra alors au juge de décider –,so it will be up to the judge to decide,64,2031
1324,après-midi,nmi,afternoon,j’ai passé l’après-midi avec des amis –,I spent the afternoon with friends,67,1791
1325,russe,nadj(f),Russian,la Turquie est une destination privilégiée des touristes russes –,Turkey is a privileged destination for Russian tourists,60,2309
1326,juillet,nm,July,la réunion s’ouvrit le 17 juillet –,the meeting began on July 17th,65,1960
1327,ordinaire,nadj(f),ordinary,"je suis un type ordinaire, un vrai type normal –","I’m an ordinary guy, a really normal guy",83,811
1328,candidat,nm,candidate,nous avons un candidat que nous soutenons –,we have a candidate who we support,66,1892
1329,rapprocher,v,"to bring closer, get closer",j’ai voulu me rapprocher de toi –,I wanted to get closer to you,84,752
1330,résistance,nf,resistance,sa résistance à la sonde mentale est considérable –,his resistance to the mental probe is significant,74,1342
1331,fier,"adj, v",to rely on; proud,je suis très fière de mon héritage –,I’m very proud of my heritage,73,1422
1332,justement,adv,"exactly, rightly, precisely",j’étais justement en train de faire du thé –,I was just making some tea,70,1631
1333,habitant,nm,inhabitant,les 200.000 habitants ont fui –,"the 200,000 inhabitants fled",69,1698
1334,formule,nf,"formula, expression",je garderai toujours cette formule –,I will always remember this expression,80,972
1335,mur,nm,wall,il frappe le mur avec son doigt replié –,he knocked on the wall with his knuckle,67,1768
1336,tribunal,nm,court,les tribunaux jouent un rôle essentiel –,the courts play an essential role,63,2108
1337,journaliste,"nm, nf",journalist,ce journaliste a la double nationalité française et américaine –,this journalist has dual French and American nationality,64,2021
1338,manger,"nm, v",to eat,"avec votre maladie, vous pouvez manger de la viande? –","with your illness, can you eat meat?",63,2085
1339,soulever,v,to lift up,"il sourit, tandis que le vent soulevait ses cheveux –","he smiled, the wind tossing his hair",69,1687
1340,évidemment,adv,obviously,"en tout cas, évidemment, elles vous connaissent –","in any case, they obviously know you",70,1562
1341,travailleur,nadj,worker,il y avait huit travailleurs pour un retraité –,there were eight workers per retired person,61,2205
1342,résolution,nf,resolution,il est important que nous adoptions cette résolution –,it’s important that we adopt this resolution,63,2023
1343,dirigeant,nadj,leader,qu’est-il advenu des dirigeants militaires? –,what ever happened to the military leaders?,63,2075
1344,marque,nf,"brand, mark",il y a des marques sur les portes –,there are marks on the doors,83,792
1345,utilisation,nf,use,je ne veux pas que l’utilisation des phtalates soit bannie –,I don’t want the use of phthalates to be banned,66,1860
1346,offre,nf,offer,il n’y avait aucune offre d’emploi –,there weren’t any job offers,81,924
1347,habituel,adj,"customary, habitual",ils font leur routine habituelle –,they do their daily routine,89,485
1348,survivre,v,to survive,il ne sait que faire pour survivre –,he doesn’t know what to do to survive,85,705
1349,populaire,nadj(f),popular,j’ignorais que vous étiez si populaire! –,I didn’t know you were so popular,70,1573
1350,constitution,nf,constitution,"premièrement, nous devons respecter la constitution –","first, we must respect the constitution",72,1431
1351,participation,nf,participation,comment qualifieriez-vous votre participation? –,how would you characterize your participation?,69,1600
1352,évolution,nf,evolution,la rapidité de cette évolution n’est pas surprenante –,the swiftness of this evolution is not surprising,66,1810
1353,totalement,adv,totally,les tribunaux russes sont totalement engorgés –,the Russian court system is totally swamped,77,1162
1354,gérer,v,to manage,nous savons comment gérer l’éducation –,we know how to manage education,74,1307
1355,samedi,nm,Saturday,elle organisera une fête samedi –,she will organize a party on Sunday,50,3090
1356,informer,v,to inform,je t’informerai dès qu’ils l’auront repéré –,I’ll inform you as soon as they locate him,73,1404
1357,fou,"adj, nm","mad, crazy",tu es complètement fou –,you are completely crazy,66,1814
1358,attacher,v,to attach,attachez vos ceintures. le spectacle commence –,fasten your sealtbelts. the show is about to begin,80,972
1359,renouveler,v,to renew,nos synapses ne se renouvellent plus passé 20 ans –,our synapses don’t regenerate after the age of 20 years,88,556
1360,asseoir,v,to sit,il était assis devant moi –,he was seated in front of me,59,2346
1361,oh,intj,oh,au secours! oh non! –,help! oh no!,54,2666
1362,transfert,nm,transfer,le transfert aura lieu sous deux semaines –,the transfer will take place in two weeks,61,2159
1363,renoncer,v,"to give up, renounce",elle avait renoncé à me convaincre –,she gave up trying to convince me,78,1085
1364,roi,nm,king,"une nuit, le roi lui apparut en rêve –","one night, the king appeared to him in a dream",68,1702
1365,soi,"nmi, pro","one, oneself, self","il s’agissait enfin d’être soi, rien que soi –","in the end it was all about being oneself, nothing but oneself",67,1726
1366,téléphone,nm,telephone,les téléphones ne marchent pas –,the telephones don’t work,75,1241
1367,net,"adj, nm",clear; Internet,les Canadiens veulent des réponses bien nettes –,the Canadians want very clear answers,75,1272
1368,foi,nf,faith,tu as la foi…nous avons tous besoin de foi –,you have faith…we all need faith,76,1172
1369,motif,nm,"motive, purpose",je ne voyais aucun motif de refus –,I didn’t see any reason for refusal,83,808
1370,plaindre,v,"to pity, feel sorry for, complain",elle ne se plaignait pas; mais elle détestait faire le ménage –,"she didn’t complain, but she detested housework",85,716
1371,tradition,nf,tradition,il faut s’enraciner dans ses traditions –,you have to be rooted in your traditions,78,1050
1372,institut,nm,institute,"à l’institut, j’ai été formée à l’orthophonie –",at the institute I majored in speech therapy,75,1236
1373,victoire,nf,victory,"beau match. enfin, une victoire –","nice game. finally, a victory",66,1786
1374,arrêt,nm,stop,l’arrêt cardiaque est un état de mort apparente –,a heart attack is a state of apparent death,76,1176
1375,concours,nm(pl),"entrance exam, competition",vous avez gagné le concours? –,did you win the competition?,86,627
1376,vis-à-vis,"nmpl, prep","face to face, regarding",il reprenait sa liberté vis-à-vis de moi –,he regained his freedom from me,82,869
1377,aboutir,v,"to succeed, end up at",ce projet n’a pourtant pas abouti –,"this project didn’t end, however",80,962
1378,visiter,v,to visit,nous allons visiter la maison –,we’re going to visit the house,85,690
1379,elle-même,pro,"herself, itself",la révolte n’est pas en elle-même un élément de civilisation –,rebellion is not by itself an element of civilization,71,1444
1380,démocratique,adj(f),democratic,il ne respecte pas le processus démocratique –,he doesn’t respect the democratic process,67,1708
1381,tentative,nf,attempt,"à la troisième tentative, l’homme part le premier –","on the third attempt, the man left first",75,1253
1382,largement,adv,widely,on doit payer largement sa part d’impôt –,you should pay the bulk of your taxes,77,1129
1383,échouer,v,to fail,tout ce que j’ai tenté a échoué –,everything that I tried to do failed,87,579
1384,désirer,v,to desire,"ce que l’on désire, c’est éviter une surpollution –",what we want is to avoid rampant pollution,75,1238
1385,côte,nf,coast,on est basés sur la côte ouest –,we’re based on the west coast,76,1140
1386,génération,nf,generation,une nouvelle génération prend le pouvoir –,a new generation takes over,74,1304
1387,vent,nm,wind,dans la rue il faisait du vent –,it was windy in the street,70,1545
1388,technologie,nf,technology,"en Chine, on utilise cette technologie depuis plus de 20 ans –",in China this technology has been used for over 20 years,69,1577
1389,inquiéter,v,"to worry, disturb","et ça, ça m’inquiète un petit peu –","and this, this disturbs me a little bit",73,1334
1390,dépit,nm,"spite, heartache",j’ai ressenti un soulagement mêlé de dépit –,I felt relief mixed with spite,81,897
1391,équilibre,nm,"balance, equilibrium",j’aperçois une sorte d’équilibre qui peut durer longtemps –,I sense a kind of equilibrium that may endure,77,1124
1392,inquiet,nadj,"worried, anxious",tu as l’air inquiet –,you seem anxious,84,721
1393,obstacle,nm,obstacle,j’ai surmonté tous les obstacles –,I overcame all the obstacles,85,699
1394,réflexion,nf,reflection,elle le surprend en pleine réflexion –,she surprised him as he was deep in thought,74,1248
1395,uniquement,adv,only,il a survécu uniquement avec la diète anticancéreuse –,he only survived via the anti-cancer diet,77,1117
1396,affecter,v,to affect,elles n’ont pas été affectées par l’accident –,they weren’t affected by the accident,75,1186
1397,revanche,nf,revenge; return,"elle, en revanche, m’inspecta avec désinvolture –","she, in return, inspected me with detachment",70,1529
1398,ressembler,v,"to look like, resemble",celle-là ressemble à une intellectuel new-yorkaise –,that one looks like she’s a New York intellectual,71,1452
1399,station,nf,station,il a traîné dans la station toute la journée –,he lingered in the station all day,58,2343
1400,supporter,"nm, v","to support, endure","des fois, je ne supporte pas la vie quotidienne –",sometimes I can’t stand daily life,79,1006
1401,privé,nadj,private,c’est une fête privée … vous ne pouvez pas venir –,it’s a private party … you can’t come,69,1562
1402,catégorie,nf,category,les autres catégories de l’entreprise sont concernées par cette démarche –,the other kinds of companies are worried about this process,74,1264
1403,mine,nf,"mine; appearance, look, mien",je haussai les épaules et fis mine de rire –,I shrugged my shoulders and feigned laughing,84,726
1404,législatif,nadj,legislative,"en 1978, la gauche échoue aux législatives –","in 1978, the left lost in the legislative elections",59,2211
1405,ah,intj,"ah, oh",ah oui? tu commences à m’intéresser –,oh yeah? you’re starting to interest me,57,2404
1406,propriétaire,"nm, nf",owner,vous êtes le propriétaire des lieux? –,you’re the owner of this property?,83,758
1407,favoriser,v,to favor,cela favorise le commerce et l’investissement –,this favors trade and investment,75,1176
1408,priorité,nf,priority,il faut maintenant donner la priorité aux enfants –,now we must give priority to the children,70,1489
1409,avion,nm,plane,"en voiture, en avion, j’aime le mouvement –","in a car, in an airplane, I like motion",67,1704
1410,minimum,nadj,minimum,nos fabricants exigent un délai minimum de 6 semaines –,our manufacturers require at least 6 weeks’notice,81,886
1411,criminel,nadj,criminal,l’incendie peut être d’origine criminelle –,the fire might have a criminal origin,65,1782
1412,photo,nf,photo,je peux voir la photo? –,can I see the photo?,71,1433
1413,précéder,v,to precede,"la métaphysique ne doit pas précéder la physique, elle doit la suivre –","metaphysics shouldn’t precede physics, it should follow it",86,606
1414,solide,nadj(f),solid,nous avons une base solide sur laquelle bâtir –,we have a solid foundation on which to build,82,798
1415,correspondre,v,to correspond,j’espère que nous correspondrons –,I hope we’ll keep in touch,68,1611
1416,navire,nm,ship,je suis comme le capitaine d’un navire –,I’m like the captain of a ship,80,929
1417,centaine,nf,hundred,la pétition est signée par plusieurs centaines de résidents –,the petition was signed by hundreds of residents,68,1590
1418,explication,nf,explanation,il doit y avoir une explication rationnelle –,there must be a rational explanation,80,900
1419,transmettre,v,"to forward, transmit",voilà comment se transmettre les maladies! –,that’s how to transmit illnesses!,65,1762
1420,appareil,nm,"apparatus, device",place la bobine vierge sur l’appareil –,place the empty reel on the machine,71,1437
1421,publication,nf,publication,vous pouvez parler de vos publications? –,can you talk about your publications?,81,871
1422,associer,v,to associate,le tabagisme n’était pas directement associé au cancer –,smoking was not directly associated with cancer,70,1485
1423,trait,nm,"line, feature","mon trait est très fin, comme des cheveux –","I have very fine features, like hair",72,1376
1424,référence,nf,reference,je n’ai pas compris sa référence aux oiseaux –,I didn’t understand his reference to the birds,65,1754
1425,bois,nm(pl),wood,tu attendras dans les bois que la nuit tombe –,you will wait in the woods until nightfall,72,1365
1426,identifier,v,to identify,pouvez-vous identifier cet homme? –,can you identify this man?,73,1274
1427,symbole,nm,symbol,je peux déchiffrer les symboles –,I can decipher the symbols,86,587
1428,consommation,nf,consumption,cela aura un impact sur la consommation –,this will have an impact on consumption,75,1155
1429,idéal,nadj,ideal,j’ai eu une enfance idéale –,I had an ideal childhood,84,702
1430,chômage,nm,unemployment,le chômage chez les jeunes est devenu un grave problème –,unemployment among the youth has become a serious problem,64,1856
1431,courage,nm,courage,j’en ai pas le courage. je suis fatiguée –,I don’t have the courage. I’m tired,79,941
1432,reconnaissance,nf,"recognition, gratitude",les fêtes musulmanes n’avaient aucune reconnaissance officielle –,Moslem holidays weren’t officially recognized at all,74,1217
1433,entretien,nm,"interview, discussion, maintenance",je devais réaliser un entretien pour un mensuel –,I had to conduct an interview for a monthly magazine,66,1672
1434,encourager,v,to encourage,"allez, encouragez notre petit gars –",go encourage our little guy,75,1188
1435,kilomètre,nm,kilometer,j’ai un jardin à vingt-cinq kilomètres de Paris –,I have a garden 25 kilometers from Paris,64,1845
1436,dérouler,v,"to unwind, enroll",la cérémonie aurait dû se dérouler la veille –,the ceremony should have taken place the night before,75,1155
1437,identité,nf,identity,donnez-moi d’abord votre carte d’identité –,first give me your identification card,75,1151
1438,amendement,nm,amendment,la Commission a accepté une partie des amendements –,the commission accepted some of the amendments,47,3107
1439,signaler,v,"to indicate, signal",il a signalé que la mission avait joué un rôle important –,he pointed out that the mission played an important role,71,1361
1440,division,nf,division,l’Irak disposait de trois divisions près de la frontière –,Iraq had three divisions close to the border,78,1014
1441,contexte,nm,context,comment tenez-vous compte du contexte social en thérapie? –,how do you account for the social context in therapy?,68,1535
1442,coupable,nadj(f),guilty,"aujourd’hui, tout le monde est coupable –","these days, everybody is guilty",80,920
1443,favorable,adj(f),favorable,l’évolution a été particulièrement favorable –,the evolution was particularly favorable,74,1217
1444,obligation,nf,"obligation, bond",nous avons une obligation morale de redresser les torts du passé –,we have a moral obligation to right the wrongs of the past,69,1523
1445,août,nm,August,je suis né en août –,I was born in August,65,1752
1446,attribuer,v,"to award, grant, attribute",son mari attribuait cette apathie à sa naissance –,her husband attributed this apathy to her birth,77,1069
1447,courir,v,to run,je courus le long des docks –,I ran along the docks,69,1509
1448,examen,nm,exam,on commence par faire un examen clinique –,we’ll start by doing a clinical exam,68,1547
1449,personnage,nm,"character, individual",les personnages de mes romans me jouent des tours –,the characters in my novels play tricks on me,61,1995
1450,dénoncer,v,to denounce,il s’attacha à dénoncer les abus et la corruption –,he took up the cause of denouncing abuse and corruption,72,1285
1451,inconnu,nadj,unknown,je me réveille dans des endroits inconnus –,I wake up in unknown places,81,849
1452,échanger,v,to exchange,les rebelles échangeront leurs prisonniers –,the rebels will exchange their prisoners,82,800
1453,montant,nadj,"upright, upwards, sum, total",on ignore le montant de ce contrat –,we don’t know the total amount of this contract,67,1622
1454,éliminer,v,to eliminate,nous sommes aussi parvenus à éliminer le déficit –,we have also achieved elimination of the deficit,76,1095
1455,ouverture,nf,opening,chaque ouverture de magasin crée une vingtaine d’emplois –,every store we open creates about twenty jobs,69,1501
1456,tableau,nm,"frame, picture, painting, panel",allez vérifier le tableau d’alerte –,go check the alarm panel,58,2176
1457,exclure,v,to exclude,le projet de loi exclut ce type de mode de vie –,the bill excludes this type of lifestyle,79,940
1458,meurtre,nm,murder,vous êtes accusé de meurtre! –,you are accused of murder!,77,1023
1459,exemplaire,nadj(f),exemplary; copy,j’en ai déjà vendu 100.000 exemplaires –,"I already sold 100,000 copies of it",88,511
1460,propriété,nf,property,vous êtes sur ma propriété –,you’re on my property,78,987
1461,final,nadj,final,je me souviens de la séance finale –,I remember the final showing,70,1436
1462,site,nm,site,combien de sites Internet avez-vous? –,how many websites do you have?,65,1677
1463,séance,nf,"session, meeting",elle se souvient d’une séance particulièrement pénible –,she remembers a particularly painful session,70,1418
1464,durée,nf,"length, duration",il faudrait alors augmenter la durée du travail –,then we would need to lengthen the work timeframe,68,1543
1465,élire,v,to elect,les chefs sont élus pour représenter leur peuple –,the chiefs are elected to represent their people,69,1465
1466,baisse,nf,"fall, drop",il devrait y avoir une baisse d’autres impôts –,there should be a drop in the other taxes,61,1939
1467,inquiétude,nf,"worry, anxiety",j’entretenais de sérieuses inquiétudes à ce sujet –,I harbored serious anxiety on the project,79,943
1468,israélien,nadj,Israeli,le camp de la paix israélien se divise en deux –,the Israeli peace coalition has split in two,49,2834
1469,représentation,nf,representation,votre souci est la représentation des femmes –,your concern is for the representation of women,78,968
1470,pareil,nadj,"similar, likewise; peer, equal",c’est toujours pareil –,it’s always the same,71,1326
1471,mandat,nm,"term, mandate",sa présence à un second mandat est inévitable –,his presence in a second term is inevitable,71,1369
1472,quinze,"det, nmi",fifteen,David s’arrêta devant une tour de quinze étages –,David stopped in front of a fifteen-story tower,70,1419
1473,vide,nadj(f),empty,"je regrette, le frigo est vide –","I’m sorry, the fridge is empty",70,1376
1474,statut,nm,status,le jeune reste sous statut scolaire –,the young man remains in student status,75,1147
1475,essai,nm,"attempt, try, test",ça demanderait un essai et je ne suis pas une spécialiste –,that would require an essay and I’m not a specialist,54,2462
1476,sourire,"nm, v","smile, to smile","alors, pourquoi tu souris? –",so why are you smiling?,56,2274
1477,italien,nadj,Italian,c’est un génie particulier aux italiens –,it’s a type of genius that only Italians have,69,1474
1478,suggérer,v,to suggest,je voudrais suggérer de changer les horaires de travail –,I would like to suggest a change in the working hours,80,861
1479,interrompre,v,to interrupt,je n’aime pas qu’on m’interrompe –,I don’t like being interrupted,80,875
1480,au-dessus,adv,above,les avocats ne sont pas au-dessus des lois –,lawyers are not above the law,63,1789
1481,agence,nf,agency,il a décidé de créer une agence –,he decided to create an agency,65,1712
1482,usine,nf,factory,je rouvre une usine aux États-Unis –,I’m reopening a factory in the U.S.,76,1058
1483,unir,v,to unite,le mariage devrait unir un homme et une femme –,marriage should unite one man and one woman,76,1080
1484,rang,nm,"rank, row",nous sommes assis au premier rang –,we sat on the first row,79,915
1485,employé,nm,employee,les patrons veulent des employés qualifiés –,bosses want qualified employees,68,1529
1486,sommet,nm,summit,le sommet extraordinaire de Bruxelles n’était pas une fête –,the special summit at Brussels was no picnic,62,1835
1487,franchir,v,to get over,les Huns ont franchi notre frontière nord –,the Huns broke through our northern border,82,778
1488,évident,adj,obvious,ce n’était pas évident pour nous au début –,it wasn’t obvious to us at first,73,1215
1489,comportement,nm,behavior,leur comportement agressif et violent ne change pas –,their aggressive and violent behavior is not changing,73,1199
1490,fête,nf,"holiday, celebration",c’est une fête privée –,it’s a private party,74,1174
1491,sol,nm,"floor, ground",nous dormions sur le sol en béton –,we were sleeping on the cement-covered ground,75,1124
1492,écarter,v,"to separate, move apart, keep away",les journalistes ont été écartés de l’intérieur du bâtiment –,the reporters were kept away from the building’s interior,80,869
1493,vague,"nadj(f), nf",vague; wave,ces vagues sont tellement puissantes! –,these waves are so powerful!,77,993
1494,réduction,nf,reduction,il parle aussi des réductions d’impôt –,he’s also talking about tax reductions,62,1848
1495,culturel,adj,cultural,"la vie culturelle est appauvrie, terne et stagnante –","cultural life is impoverished, dull, and stagnant",66,1592
1496,coopération,nf,cooperation,nous ne bénéficions pas toujours d’une coopération sérieuse de leur part –,we don’t always enjoy serious cooperation on their behalf,64,1751
1497,vertu,nf,virtue,"la vertu et le vice, tout se confond –","virtue and vice, everything’s getting mixed up",67,1557
1498,d’autant,,,il lui est d’autant plus facile d’en acquérir d’autres –,it’s so much easier for him to buy other ones,75,1120
1499,leader,"nm, nf",leader,il est très difficile d’être un leader autochtone –,it’s difficult to be a native leader,58,2095
1500,taille,nf,"size, height","je l’ai interrogée sur sa taille, sur son âge –","I asked her about her height, her age",78,950
1501,contenu,nadj,contents,il faut réviser la réglementation quant au contenu francophone –,we must revise the regulation of French-speaking content,75,1117
1502,distance,nf,distance,la distance entre les villes est énorme –,the distance between cities is enormous,76,1047
1503,automne,nm,"fall, autumn",on dirait un après-midi d’automne –,it felt like an autumn afternoon,84,645
1504,arrière,"adji, adv, nm","back, rear",mets tes cheveux en arrière –,put your hair back,69,1407
1505,vision,nf,"vision, view",nous avons sur ce sujet une vision commune –,we have a common view on this subject,71,1308
1506,investir,v,to invest,il veut y investir encore plus d’argent –,he wants to invest even more money in it,69,1411
1507,diminuer,v,"to diminish, decrease",les investissements en provenance de l’extérieur diminuent –,investments from abroad are decreasing,73,1187
1508,réfugier,v,to take refuge,je m’étais réfugié dans une espèce d’esprit farceur –,I sought refuge in a farcical mindset,71,1318
1509,entourer,v,to surround,il courut à lui et l’entoura de ses bras –,he ran up to him and held him in his arms,81,805
1510,juif,nadj,"Jew, Jewish",la société se retourne contre les juifs –,society has turned against the Jews,73,1181
1511,considérable,adj(f),"considerable, significant",nous avons réalisé des progrès considérables –,we achieved considerable progess,81,790
1512,conduite,nf,"behavior, driving",certaines de mes conduites affectaient directement ma mère –,some of my behavior directly affected my mother,80,835
1513,convention,nf,"agreement, convention",la convention relative aux droits de l’enfant –,the convention on children’s rights,71,1321
1514,communiquer,v,to communicate,mes fonctionnaires ont communiqué avec le ministère des finances –,my public servants communicated with the finance minister,76,1031
1515,prolonger,v,"to prolong, extend",quels sont les indicateurs d’une sécheresse prolongée? –,what are the indications of a prolonged drought?,84,628
1516,verser,v,"to pour, deposit, shed",cette conversation sera versée au dossier –,this conversation will be deposited into the record,70,1321
1517,évidence,nf,evidence,je souhaite que cette évidence pénètre les esprits –,I hope this evidence will provoke minds,78,920
1518,essentiellement,adv,essentially,votre métier est essentiellement une fonction de médiation –,your trade is essentially a function of mediation,77,990
1519,démontrer,v,to demonstrate,il ne démontre aucun signe de compassion envers ces travailleurs –,he shows no sign of compassion towards these workers,76,1037
1520,négatif,nadj,negative,ils n’ont pas totalement une image négative –,they don’t have a completely negative image,78,927
1521,approche,nf,approach,c’est là une approche équilibrée –,that’s a balanced approach,71,1266
1522,délai,nm,delay,je vous demande donc de prolonger le délai –,I therefore ask you to extend the timeframe,68,1442
1523,accroître,v,to increase,"évidemment, cela accroît le climat de tension –","apparently, this increased the tension",67,1502
1524,bruit,nm,noise,j’entends ce bruit horrible –,I hear this horrible noise,58,2073
1525,humanité,nf,humanity,il ne faut pas renier notre humanité –,we must not deny our humanity,80,842
1526,radio,"adji, nm, nf",radio,j’éteins mon émetteur radio –,I turn off my radio,63,1729
1527,moi-même,pro,myself,j’aimerais redevenir moi-même –,I would like to become myself again,73,1153
1528,syndicat,nm,union,ça n’appartient pas au syndicat –,that’s not up to the union,65,1584
1529,prudent,adj,"prudent, careful, cautious",nous avons été très prudents dans nos demandes –,we were very prudent in our requests,87,526
1530,soirée,nf,evening,je rentre d’une soirée chez des amis –,I’m going home from an evening at my friends’ place,73,1169
1531,vol,nm,"flight, theft",il a pu prendre un autre vol –,he was able to take another flight,72,1211
1532,marcher,v,to walk,elle se lève et elle marche comme ça –,she gets up and walks like this,65,1583
1533,tiers,nadj(pl),third,elle est musulmane du tiers monde –,she is a third-world Moslem,72,1216
1534,mètre,nm,meter,la zone cible fait seulement 2 mètres de large –,the target zone is only two meters wide,71,1289
1535,aborder,v,"to reach, approach",je voudrais aborder la question sous un autre angle –,I would like to address the issue from another angle,70,1310
1536,occidental,nadj,western,peut-on être moderne sans être occidental? –,can one be modern and not Western?,71,1268
1537,suffisant,adj,sufficient,cette motivation n’est toutefois pas suffisante –,"still, these motives aren’t enough",80,830
1538,ciel,nm,sky,le ciel est resté bleu au-dessus de Paris –,the sky remained blue over Paris,60,1874
1539,tromper,v,to deceive,oups! je me suis trompé –,"oops, I made a mistake",70,1324
1540,modeste,adj(f),modest,ce serait un modeste pas dans la bonne voie –,it would be a modest step in the right direction,86,560
1541,éloigner,v,"to move away, take away, distance",il avait besoin de s’éloigner de sa femme –,he needed to distance himself from his wife,73,1143
1542,seconde,"det, nf",second,au bout de quelques secondes tout reprend –,after a few seconds everything started over again,71,1269
1543,malheureusement,adv,unfortunately,il y a malheureusement des criminels et des terroristes –,unfortunately there are criminals and terrorists,72,1218
1544,évaluer,v,to evaluate,nous évaluons des projets en fonction de leur pertinence –,we evaluate projects based on their relevance,78,910
1545,extrêmement,adv,extremely,ce processus a été extrêmement lent –,this process was extremely slow,71,1259
1546,interne,nadj(f),"internal, interior, intern","chez les internes, sa renommée était moins prestigieuse –",among interns his renown was less prestigious,75,1060
1547,voire,adv,"even, indeed","deux, trois cent millions. voire plus –","two, three billion. even more.",74,1104
1548,témoignage,nm,testimony,les contrôleurs aériens étudient les témoignages oculaires –,the air traffic controllers are studying eyewitness testimony,80,828
1549,messieurs,nmpl,gentlemen,"je vous remercie, messieurs, madame –","thank you, gentlemen, madam",67,1487
1550,effectivement,adv,effectively,c’est effectivement quelque chose qui nous préoccupe –,indeed that’s something we worry about,67,1447
1551,gaz,nm(pl),gas,c’est un gaz mortel sans odeur –,"it’s a deadly, odorless gas",76,984
1552,acteur,nm,actor,tu es le plus grand acteur au monde –,you’re the greatest actor in the world,71,1247
1553,adapter,v,to adapt,il dit savoir s’adapter à toutes les difficultés –,he says he can adapt to any difficulty,77,959
1554,cour,nf,"yard, court",ils m’attendaient dans la cour de la Sorbonne –,they waited for me in the courtyard of the Sorbonne,69,1366
1555,dépense,nf,"expense, expenditure",nous avons vu les dépenses publiques augmenter –,we saw public expenditures increase,62,1720
1556,souci,nm,"worry, concern",nos petits soucis ne sont pas importants –,our little concerns are not important,80,804
1557,expert,nadj,expert,je ne prétends pas être expert en la matière –,I don’t pretend to be an expert on the topic,71,1226
1558,sœur,nf,sister,,,,
1559,relativement,adv,relatively,le trafic était dense mais relativement fluide –,the traffic was heavy but relatively free-flowing,74,1105
1560,comparer,v,to compare,il est important de ne pas se comparer aux autres –,it’s important to not compare oneself to others,79,863
1561,procès,nm(pl),"trial, proceedings",un juge recommandait un nouveau procès –,a judge recommended a new trial,68,1384
1562,provenir,v,"to be from, come from",la balle provient d’un revolver britannique –,the bullet comes from a British revolver,74,1073
1563,réellement,adv,really,elle ne sait pas qui je suis réellement –,she doesn’t know who I really am,81,755
1564,conscient,adj,"conscious, aware",nous sommes conscients des exigences économiques –,we are aware of the economic demands,79,837
1565,céder,v,"to give up, give way",l’euro cède quelques fractions face au dollar –,the euro lost some percentage points to the dollar,76,986
1566,médical,adj,medical,"sans aide médicale, je vais mourir –","without medical help, I’ll die",72,1190
1567,diviser,v,to divide,le reste se divisait en trois fractions sensiblement égales –,the rest was divided in three largely equal amounts,82,686
1568,colère,nf,anger,je me sentis soudain très en colère contre mon père –,I suddenly felt myself angry at my father,72,1188
1569,patient,nadj,patient,"la clinique a beaucoup de patients, mais je peux vous aider –","the clinic has many patients, but I can help you",79,834
1570,notion,nf,notion,"par contre, je n’ai aucune notion de médecine –","on the other hand, I have no clue about medicine",74,1056
1571,siège,nm,"seat, bench","puis je vous conduire à votre siège, monsieur? –","may I help you to your seat, sir?",70,1258
1572,hausse,nf,"rise, raise, increase",il faut s’attendre à une légère hausse des prix –,a slight raise in prices is to be expected,62,1701
1573,mécanisme,nm,mechanism,il existe donc un mécanisme pour prévenir la fuite –,thus there is a mechanism to prevent escapes,73,1107
1574,traditionnel,adj,traditional,il faut maintenir des cultures traditionnelles –,traditional cultures must be maintained,76,954
1575,quart,nadj,quarter,le train part dans trois quarts d’heure –,the train leaves in three-quarters of an hour,74,1082
1576,approcher,v,to approach,le gros monsieur s’approche de nous –,the big man is approaching us,71,1199
1577,trafic,nm,"traffic, circulation","le week-end, en revanche, le trafic doit être normal –","on the other hand, during weekends traffic should be normal",57,2000
1578,catholique,nadj(f),Catholic,ils ont eu chacun un foyer –,each of them had a home,83,645
1579,foyer,nm,"home, hearth",ils ont eu chacun un foyer –,each of them had a home,83,645
1580,adulte,nadj(f),adult,je me suis sentie devenir une adulte –,I felt myself becoming an adult,78,883
1581,reprocher,v,"to blame, reproach",nous lui avons reproché d’avoir manqué le sommet –,we blame him for not having reached the summit,79,846
1582,métier,nm,"job, occupation, trade","c’est déjà plus qu’un métier, c’est une profession –",it’s more than a job – it’s a profession,69,1292
1583,modification,nf,modification,d’autres modifications sont aussi apportées à la convention –,other changes were also made to the agreement,56,2069
1584,peser,v,to weigh,il pesait lourd sur mon cæur –,it weighed heavily on my heart,78,891
1585,médias,nmpl,media,les médias vous ont comparée à Oprah Winfrey –,the media has compared you to Oprah Winfrey,67,1390
1586,hiver,nm,winter,tu ne peux pas passer l’hiver ici –,you can’t spend the winter here,80,758
1587,définition,nf,definition,je voudrais savoir quelle est sa définition d’égalité –,I would like to know his definition of equality,68,1373
1588,spécialiste,nadj(f),specialist,il y a des spécialistes pour ça –,there are specialists for that,76,941
1589,mari,nm,husband,je suis un collègue de votre mari –,I’m a colleague of your husband,65,1482
1590,supprimer,v,"to remove, withdraw","supprime ce paragraphe, cela ne changera rien –",delete this paragraph; that won’t change anything,75,992
1591,guère,adv,hardly,mon travail n’avançait guère –,my job was hardly going anywhere,68,1319
1592,douter,v,to doubt,il n’avait jamais douté de la victoire –,he never doubted victory,74,1026
1593,ressentir,v,to feel,"c’est alors qu’il ressentit, dans sa nuque, la douleur –","that’s when he felt, on the back of his neck, a sharp pain",76,935
1594,sexuel,adj,sexual,il y a des pervers sexuels partout –,there are sexual perverts everywhere,76,938
1595,consulter,v,to consult,je n’ai pas été consulté –,I was not consulted,70,1219
1596,renseignement,nm,information,je cherche des renseignements sur la femme qui a été tuée –,I’m seeking information on the woman who was killed,63,1605
1597,âgé,adj,old,ces hommes sont tous très âgés maintenant –,these men are all very old now,68,1350
1598,fonctionnement,nm,"operation, functioning",laissez-moi vous expliquer le fonctionnement de ce système –,let me explain to you how the system works,63,1601
1599,garçon,nm,boy,c’est un garçon unique –,he’s a unique boy,63,1595
1600,parfait,nadj,perfect,je suis en parfaite santé –,I’m in perfect health,72,1161
1601,résumer,v,"to summarize, sum up",les résultats obtenus sont résumés dans le tableau –,the results are summarized in the table,83,622
1602,prévision,nf,"forecast, prediction, expectation",l’économie mondiale a surpassé toutes les prévisions –,the global economy surpassed all predictions,79,815
1603,quatrième,"det, nm, nf",fourth,c’est mon quatrième séjour en France –,it’s my fourth stay in France,76,930
1604,fenêtre,nf,window,j’ai sauté par la fenêtre –,I jumped out the window,58,1893
1605,incapable,nadj(f),"incapable, incompetent",il est incapable de rentrer dans des détails concrets –,he’s incapable of delving into concrete details,82,668
1606,hésiter,v,to hesitate,n’hésitez pas à les appeler –,don’t hesitate to call them,75,971
1607,menace,nf,threat,la menace terroriste est bien réelle –,the terrorist threat is very real,74,1039
1608,universel,nadj,universal,nous voulons un régime de santé universel –,we want a universal health care system,77,876
1609,jeunesse,nf,youth,c’est la jeunesse que j’aime en eux –,it’s their youthfulness that I like,77,883
1610,voler,v,"to steal, rob",c’est pas bien de voler –,it’s not good to steal,72,1114
1611,résister,v,to resist,j’ai résisté à la mort de ma fille –,I wasn’t able to accept the death of my daughter,81,727
1612,profondément,adv,"profoundly, deeply",j’en suis profondément heureux –,Iam deeply pleased about it,82,691
1613,séparation,nf,separation,la séparation tend à devenir une invasion –,separation tends to turn into invasion,85,535
1614,inutile,nadj(f),useless,notre travail vous semble inutile –,our work seems useless to you,79,796
1615,refus,nm(pl),refusal,plusieurs raisons peuvent motiver un refus de visa –,a visa may be refused for several reasons,79,784
1616,poisson,nm,fish,nous pouvons bien survivre sans manger du poisson –,we can survive very well without eating fish,77,904
1617,révolution,nf,revolution,la révolution allemande était sans avenir –,the German revolution had no future,70,1196
1618,prisonnier,nadj,"prisoner, captive",je viens demander la libération d’une prisonnière –,I have come to ask for the release of one female prisoner,73,1071
1619,avouer,v,to admit,j’avoue que j’étais encore plutôt naïf –,I admit I was still somewhat naïve,76,950
1620,saluer,v,"to greet, salute",tu ne dois pas saluer les gens que tu ne connais pas –,you shouldn’t greet people you don’t know,80,762
1621,fer,nm,iron,la grille de fer était ouverte –,the iron gate was open,78,834
1622,familial,adj,family,la violence familiale n’est que trop fréquente –,family violence is only too frequent,76,947
1623,cinéma,nm,cinema,il était allé au cinéma voir un film extraordinaire –,he went to the movies and saw an extraordinary film,69,1253
1624,calcul,nm,calculation,une erreur de calcul figurait dans votre facture –,there was a miscalculation in your bill,76,920
1625,armé,adj,armed,ils ont croisé un homme armé –,they came upon an armed man,69,1240
1626,enseignement,nm,"education, teaching",c’est dans l’enseignement que j’ai acquis mes cheveux blancs –,teaching is what gave me gray hair,74,1020
1627,étonnant,nadj,"surprising, amazing, incredible",il est étonnant de voir combien d’argent on peut obtenir –,it’s striking to see how much money one can obtain,84,570
1628,dizaine,nf,approximately ten,il y a des dizaines de milliers de jeunes dans ce pays –,there are tens of thousands of youth in this country,67,1357
1629,dessus,"adv, nm(pl), prep","above, on top",je mets mes pieds dessus –,I’m putting my feet on top of it,71,1137
1630,achever,v,"to complete, finish, end",pensez-vous réellement que cette guerre s’achèvera –,do you really think that this war will end?,72,1104
1631,fonctionnaire,"nm, nf","state employee, public servant",les juges sont aussi des fonctionnaires –,judges are also public servants,68,1293
1632,instruction,nf,"instruction, direction",je ne reçois aucune instruction de l’industrie nucléaire –,I don’t receive any instruction from the nuclear industry,69,1270
1633,pratiquement,adv,practically,ils ont continué de grimper de manière pratiquement ininterrompue –,they continued with their practically uninterrupted climbing,78,816
1634,oser,v,to dare,ose me dire que tu vas rester ici! –,dare to tell me that you will stay here!,71,1167
1635,rassembler,v,to gather together,je rassemblai assez de forces pour me lever –,I summoned enough energy to get up,77,881
1636,réalisation,nf,"realization, achievement",un lancement d’opération demande la réalisation d’une action –,launching an operation requires performing some action,77,893
1637,fiscal,adj,fiscal,le régime fiscal n’est pas juste –,the tax system is not fair,57,1878
1638,démarche,nf,"walk, process",la démarche serait trop longue et trop coûteuse –,the process would be too long and too costly,74,985
1639,corriger,v,to correct,je voudrais corriger un petit détail technique –,I would like to correct a small technical detail,79,795
1640,volume,nm,volume,gardez le moral haut et le volume bas –,keep your morale up and your volume down,73,1055
1641,réussite,nf,success,elle est aussi capable de magnifiques réussites –,she’s also capable of magnificent successes,84,560
1642,désir,nm,desire,faites attention à vos désirs –,watch out for your desires,68,1286
1643,pur,nadj,pure,l’oxygène pur annihile toute douleur –,pure oxygen obliterates all pains,70,1183
1644,exportation,nf,export,les exportations ont légèrement baissé –,exports dropped slightly,65,1452
1645,prier,v,to pray,je vais prier pour que Dieu vous bénisse –,I’ll pray for God to bless you,65,1442
1646,trente,"det, nmi",thirty,il a été trente ans chez nous –,he lived at our place for thirty years,68,1288
1647,âme,nf,soul,je ne vendrai jamais mon âme au diable –,I will never sell my soul to the devil,61,1676
1648,dominer,v,to dominate,la France a dominé l’Europe pendant trois siècles –,France dominated Europe for three centuries,75,974
1649,autorisation,nf,"authorization, permission, permit",j’ai besoin d’une autorisation –,I need an authorization,82,655
1650,instrument,nm,instrument,je voulais connaître mieux l’instrument et apprendre des solos –,I want to know the instrument better and learn some solos,73,1034
1651,indépendance,nf,independence,l’île a acquis son indépendance en 1981 –,the island gained its independance in 1981,74,994
1652,tort,nm,wrong,"vous aviez raison, j’avais tort –","you were right, I was wrong",75,954
1653,hauteur,nf,height,ceux qui tombent de cette hauteur sont morts –,whoever falls from this height dies,77,860
1654,critiquer,v,to criticize,"ils s’arrogent le droit de me critiquer, me juger –","they reserve the right to criticize me, to judge me",76,917
1655,attaque,nf,attack,l’attaque rebelle survient après deux jours –,the rebel attack took place after two days,61,1627
1656,assurance,nf,"insurance, confidence",tout mon argent sert à payer l’assurance médicale –,all my money goes to pay medical insurance,69,1201
1657,déficit,nm,deficit,le déficit du extérieur s’est fortement contracté –,the foreign trade deficit dropped sharply,63,1541
1658,évoluer,v,to evolve,la situation évolue cependant dans le bon sens –,but the situation did evolve in the right direction,72,1058
1659,drogue,nf,drug,il parle ouvertement des effets des drogues –,he talks openly about the effects of drugs,76,913
1660,concret,nadj,concrete,que proposez-vous comme solutions concrètes? –,what concrete solutions do you propose?,76,881
1661,percevoir,v,to perceive,"il était perçu comme agressif, arrogant et généralement hostile –","he was perceived as aggressive, arrogant, and generally hostile",76,893
1662,rythme,nm,"rhythm, rate",le génie génétique progresse à un rythme incroyable –,genetic engineering is progressing at an unbelievable pace,73,1016
1663,approuver,v,to approve,chacun de vos projets a été approuvé –,each of your trips has been approved,68,1249
1664,douze,"det, nmi",twelve,on a envoyé des petits de douze ans à la mine –,little twelve-year-olds were sent to the mine,71,1116
1665,juridique,adj(f),"legal, judicial",le système juridique gêne le travail des policiers –,the legal system hinders police work,66,1342
1666,espagnol,nadj,Spanish,"vous n’êtes pas espagnole, vous –",you’re not a Spaniard,66,1362
1667,saison,nf,season,"l’automne, c’est la saison du football –",autumn is football season,69,1193
1668,épreuve,nf,"test, ordeal, trial",nous mettons peut-être votre patience à l’épreuve –,perhaps we’re putting your patience to the test,73,1044
1669,hypothèse,nf,hypothesis,cette hypothèse était tellement invraisemblable –,this hypothesis was so unlikely,77,831
1670,relier,v,to connect,toutes les choses sont reliées. nous le savons –,everything is connected. we know that,78,784
1671,financement,nm,financing,le financement de cet achat est assuré –,the financing of this purchase is assured,65,1391
1672,dos,nm(pl),back,"il est couché sur le dos, les bras en croix –","he’s lying on his back, arms crossed",68,1232
1673,consommateur,nm,"consumer, customer",les consommateurs en ressentent directement les avantages –,consumers feel the advantages directly,69,1210
1674,soviétique,nadj(f),Soviet,une sonde spatiale soviétique se pose sur Vénus –,a Soviet space probe is sitting on Venus,73,1009
1675,volontaire,nadj(f),volunteer; voluntary,je me porte volontaire pour sortir –,I hereby volunteer to go outside,82,632
1676,négocier,v,to negotiate,l’Israël veut dicter et non pas négocier –,"Israel wants to dictate, not negotiate",73,1033
1677,finance,nf,finance,je n’ai pas étudié la finance mais j’étais un guerrier dans l’âme –,I didn’t study finance but I was a warrior at heart,58,1743
1678,rêver,v,to dream,j’ai rêvé de toi –,I dreamed about you,71,1119
1679,indien,nadj,Indian,la police fédérale indienne va enquêter –,the Indian federal police is going to investigate,70,1166
1680,quantité,nf,quantity,ces services existent en quantités limitées –,these services are available in limited quantities,76,899
1681,définitif,nadj,"definitive, final",je n’ai pas pris de décision définitive à ce sujet –,I haven’t taken a final decision on this subject,79,751
1682,persuader,v,"to convince, persuade",il était persuadé que j’avais un talent –,he was convinced I had a talent,82,635
1683,interpréter,v,to interpret,ces résultats sont évidemment à interpréter avec prudence –,these results are clearly to be interpreted carefully,82,639
1684,annuel,adj,annual,l’inflation annuelle a augmenté à 4.1 % –,annual inflation grew by 4.1%,70,1155
1685,commentaire,nm,"comment, remark",j’ai été très impressionné des commentaires que j’ai reçus –,I’m very impressed by the comments I have received,72,1072
1686,marier,v,to marry,il veut se marier avec moi –,he wants to marry me,71,1082
1687,spectacle,nm,"sight, show",ça va être un spectacle d’enfer –,that will be a hellish spectacle,73,987
1688,pari,nm,bet,je n’ai jamais fait le pari de quoi que ce soit –,I have never bet on anything,47,2459
1689,célèbre,adj(f),famous,elle était une musicienne célèbre dans notre pays –,she was a famous musician in our country,78,773
1690,ouest,"adji, nm",west,le vent arrive toujours de l’ouest –,the wind always blows from the west,65,1375
1691,sexe,nm,sex,"je ne sais pas, le sexe n’a peut-être rien à voir –","I don’t know, perhaps sex doesn’t have anything to do with it",77,851
1692,eh,intj,"hey, uh","eh bien, j’ai changé d’avis –","well, I have changed my mind",60,1647
1693,recours,nm(pl),"resort, recourse",vous disiez qu’on a eu recours à des injonctions –,you were saying we can resort to injunctions,72,1048
1694,accent,nm,accent,son accent est tellement mignon –,her accent is so cute,82,633
1695,introduire,v,to introduce,on l’avait introduit dans une chambre –,he was taken into a room,74,946
1696,communiste,nadj(f),communist,les communistes ont toujours une certaine influence –,the communists still have some influence,70,1118
1697,concert,nm,concert,"ce soir, on va à un concert –",tonight we’re going to a concert,80,692
1698,couverture,nf,blanket,la couverture de neige a fortement fondu –,the blanket of snow melted drastically,76,885
1699,religion,nf,religion,l’Islam est une religion de paix et de tolérance –,Islam is a religion of peace and tolerance,72,1038
1700,appui,nm,support,sa loyauté et son appui me manqueront –,I’ll miss his loyalty and his support,69,1185
1701,théâtre,nm,theater,"ils allaient au café, au théâtre, au cinéma –","they went to the café, the theatre, the movies",70,1107
1702,saint,nadj,"saint, holy",je priais devant la statue de la Sainte Vierge –,I was praying before the statue of the Holy Virgin,68,1222
1703,conséquent,nadj,"logical, rational, consistent","il semble, par conséquent, que nous soyons face à une contradiction –",consequently it seems that we are facing a contradiction,68,1221
1704,équipement,nm,equipment,nous avons le meilleur équipement possible –,we have the best possible equipment,52,2096
1705,descendre,v,"to go down, come down","personne n’entre, personne ne descend du train –",nobody gets on or off the train,60,1607
1706,patron,nm,boss,je veux parler avec ton patron –,I want to speak with your boss,69,1169
1707,marge,nf,margin,il y avait une marge d’incertitude considérable –,there was a substantial margin of uncertainty,73,971
1708,abri,nm,shelter,mettons-nous à l’abri –,let’s take shelter,82,613
1709,recette,nf,recipe,il n’y a pas de recette secrète –,there’s no secret recipe,76,859
1710,généralement,adv,generally,les conditions sont généralement favorables –,the conditions are generally favorable,72,1044
1711,vigueur,nf,vigor,le nouveau programme sera en vigueur dès juillet prochain –,the new program will take effect starting next July,70,1136
1712,baser,v,to base,cette loi se base sur trois principes –,this law is based on three principles,75,906
1713,soleil,nm,sun,ces lunettes de soleil valent 100 millions de dollars? –,these sunglasses are worth 100 million dollars?,61,1531
1714,électoral,adj,electoral,les campagnes électorales sont affaire de pouvoir –,electoral campaigns involve power,65,1339
1715,ennemi,nadj,enemy,"s’il est l’ennemi de notre ennemi, c’est un ami –",the enemy of our enemy is our friend,69,1155
1716,bourse,nf,"purse, scholarship",j’ai réussi à obtenir une bourse pour ma deuxième année –,I managed to obtain a scholarship for my second year,66,1286
1717,dimension,nf,dimension,nous connaissions un univers à trois dimensions –,we experienced a three-dimensional universe,70,1096
1718,déployer,v,"to deploy, open",des chars d’assaut israéliens ont été déployés –,Israeli assault vehicles were deployed,78,781
1719,dialogue,nm,dialogue,nous avons voulu proposer un dialogue sur ces trois sujets –,we wanted to propose a dialogue on these three topics,67,1237
1720,thème,nm,"theme, topic",vous pouvez choisir un thème –,you can choose a topic,69,1154
1721,circuler,v,"to drive, circulate",elle peut désormais circuler librement –,she can henceforth circulate freely,84,520
1722,porte-parole,nmi,"spokesperson, spokeswoman, spokesman",je ne me sens porte-parole de personne –,I don’t feel like I’m anybody’s spokesman,52,2033
1723,présentation,nf,presentation,j’ai écouté avec intérêt la présentation de mon collègue –,I listened with interest to the presentation of my colleague,71,1073
1724,forêt,nf,forest,"de ma fenêtre, on voyait la forêt –",from my window you could see the forest,80,674
1725,outil,nm,tool,ça m’a donné les outils pour atteindre mes buts –,that gave me the wherewithal to achieve my goals,70,1126
1726,vacance,nf,vacancy; vacation,"moi, j’ai interrompu mes vacances –","as for me, I had to interrupt my vacation",79,742
1727,suffisamment,adv,sufficiently,je ne l’ai pas dit suffisamment –,I haven’t said it enough,76,843
1728,défi,nm,challenge,tu es peut-être venu me lancer un défi –,maybe you came to challenge me,74,923
1729,front,nm,"front, forehead",le moustique vibrait autour de son front –,the mosquito buzzed around his forehead,66,1271
1730,suspendre,v,"to suspend, postpone",il faut suspendre la séance pour quelques instants –,the hearing will have to be suspended for a little while,75,874
1731,calme,nadj(f),calm,le temps est désormais très calme –,the weather has since been very calm,65,1353
1732,montagne,nf,mountain,il atteignit le sommet de la grande montagne –,he reached the summit of the great mountain,76,840
1733,sévère,adj(f),severe,"ils sont contrôlés de façon sévère, de façon méticuleuse –","they are strictly, meticulously controlled",82,606
1734,apparemment,adv,apparently,"apparemment, ces moulins tournent encore –","apparently, these mills are still turning",81,631
1735,présidence,nf,presidency,vous devez comprendre que la présidence a une mission –,you must understand that the presidency has a mission,61,1512
1736,magasin,nm,store,il travaillait dans un petit magasin en face –,he worked in a little shop across the street,80,695
1737,commissaire,"nm, nf","superintendent, commissioner","excusez-moi, je vois que le commissaire vient d’arriver –","excuse me, I see the commissioner has just arrived",67,1241
1738,écrivain,nm,writer,"ma chérie, devenir écrivain est tout aussi dur –","my dear, becoming a writer is just as hard",66,1270
1739,monétaire,adj(f),monetary,le travailleur désire une élévation de salaire monétaire –,the worker wants an increase in monetary salary,57,1747
1740,ouvrage,nm,work,il s’agit du seul ouvrage de référence sur le sujet –,it’s the only reference work on the subject,67,1244
1741,réputation,nf,reputation,nous sommes fiers de notre réputation –,we’re proud of our reputation,87,426
1742,cabinet,nm,"cabinet, agency, office",les députés ministériels sont les membres du Cabinet –,the deputy ministers are Cabinet ministers,78,742
1743,écart,nm,"space, gap",elle est un peu à l’écart de la route –,it’s a little bit off the road,79,702
1744,chien,nm,dog,notre mère avait peur des chiens –,our mother was afraid of dogs,63,1388
1745,surveillance,nf,"surveillance, monitoring",• les caméras de surveillance l’ont bien vue –,,,
1746,indispensable,adj(f),essential,le gouvernement français estime cette opération indispensable –,the French government deems this operation essential,77,807
1747,conversation,nf,conversation,notre conversation a duré deux heures –,our conversation lasted two hours,66,1269
1748,surface,nf,surface,les eaux de surface sont très chaudes –,the surface water is very hot,74,913
1749,féliciter,v,to congratulate,je voulais te féliciter pour cette victoire –,I wanted to congratulate you on this victory,63,1420
1750,sûrement,adv,surely,quelqu’un a sûrement besoin d’aide –,someone surely needs help,75,867
1751,bombe,nf,bomb,une vingtaine de bombes sont tombées sur la capitale –,some twenty bombs fell on the capital,71,1049
1752,efficacité,nf,"efficiency, effectiveness",les chercheurs pourront vérifier l’efficacité du traitement –,the researchers will be able to verify the effectiveness of the treatment,69,1114
1753,euro,nm,euro,"à 21 euros, ce n’est pas très cher –","at 21 euros, it’s not very expensive",52,1995
1754,phase,nf,phase,toute maladie est une phase de guérison –,each sickness is a phase of healing,67,1204
1755,confusion,nf,"confusion, mix-up",j’ai cru mourir de confusion –,I thought I would die from confusion,84,512
1756,précision,nf,precision,il faut une certaine précision dans la loi –,the law must have some degree of precision,77,800
1757,compétence,nf,competence,nous voulons qu’ils acquièrent les compétences nécessaires –,we want them to acquire the necessary competency,64,1327
1758,bilan,nm,"balance sheet, outcome",pouvez-vous proposer un bilan de ces épreuves? –,can you suggest an outcome for these tests?,66,1272
1759,immense,adj(f),immense,nous vivons dans un territoire immense –,we live in an immense territory,73,946
1760,massif,nadj,massive,une faillite institutionnelle massive se produit –,a massive institutional failure took place,72,971
1761,chute,nf,fall,"quelques mois après la chute du mur de Berlin, en avril 1990 –","a few months after the fall of the Berlin wall, in April 1990",67,1220
1762,constant,adj,constant,vous travailliez tous de façon constante –,you all work in a consistent manner,82,604
1763,sain,adj,"healthy, sane","si vous menez une vie saine, vos réduisez vos risques –","if you live a healthy life, you reduce your risks",85,468
1764,intégrer,v,to integrate,l’art est une tentative pour intégrer le mal –,art is an attempt to integrate evil,71,1036
1765,aérien,adj,aerial,les renforts aériens arrivent –,air support is arriving,65,1299
1766,contrairement,adv,contrary,contrairement à une idée couramment répandue –,contrary to a commonly held idea,78,723
1767,pierre,nf,stone,on nous lance des pierres par la fenêtre –,they were throwing stones out the window at us,65,1278
1768,socialiste,nadj(f),socialist,les pays que nous appelons socialistes aujourd’hui ne le sont pas du tout –,countries that we call socialist today really aren’t at all,63,1367
1769,fortement,adv,strongly,"encore une fois, j’insiste fortement –","again, I strongly insist",73,917
1770,régulier,adj,regular,travaillez-vous avec des clients réguliers –,do you work with regular clients?,85,484
1771,boîte,nf,box,elle va vérifier plusieurs fois sa boîte aux lettres –,she went several times to look in her mailbox,77,776
1772,financer,v,to finance,il a déjà financé des films en Europe –,he has already financed films in Europe,67,1200
1773,théorie,nf,theory,je crois me souvenir de tes théories –,I think I remember your theories,66,1244
1774,hôtel,nm,hotel,il change d’hôtel chaque soir –,he changes hotels every night,70,1051
1775,nier,v,to deny,vous ne pouvez pas le nier et les autres non plus –,"you can’t deny it, neither can the others",79,680
1776,phénomène,nm,phenomenon,"je suis un phénomène, non? –","I’m a phenomenon, right?",67,1192
1777,là-bas,adv,"over there, out there",il y a deux mecs là-bas qui vous cherchent –,there are two guys over there looking for you,69,1100
1778,étonner,v,"to astonish, amaze","évidemment, ça a étonné tout le monde –",evidently this stunned the whole world,72,957
1779,totalité,nf,"totality, entirety","toute totalité, paradoxalement, est restrictive –","entirety is, paradoxically, restrictive",82,571
1780,sort,nm,"fate, curse",le sort de la pièce était entre mes mains –,the outcome of the play was in my hands,81,608
1781,accéder,v,"to access, reach, attain",j’ai besoin d’accéder à ces données –,I need to access this data,83,540
1782,église,nf,church,vous allez toujours à l’église? –,do you still go to church?,72,978
1783,récupérer,v,"to get back, recover, recuperate",nous avons récupéré vos armes –,we recovered your weapons,81,625
1784,doter,v,"to endow, provide",vous êtes dotée d’un superbe vocabulaire –,you’re endowed with a superb vocabulary,75,833
1785,contribution,nf,contribution,nous reconnaissons leur contribution dans le domaine médical –,we recognize their contribution to the medical domain,68,1138
1786,profondeur,nf,depth,ce serait sous-estimer la profondeur de la crise –,that would be to underestimate the gravity of the crisis,84,521
1787,émettre,v,"to emit, issue",ce sont eux qui émettent le plus de CO2 –,that’s what emits the most carbon dioxide,54,1850
1788,test,nm,test,j’ai eu un test de Q. I. cette année –,I had an IQ test this year,71,1003
1789,vice-président,nm,vice-president,le vice-président sortant a passé la nuit dans sa résidence –,the outgoing vice-president spent the night in his residence,61,1444
1790,pêche,nf,fishing; peach,tu viens à la pêche cet après-midi? –,are you coming fishing this afternoon?,55,1791
1791,découverte,nf,discovery,cette découverte l’amusa toute la soirée –,this discovery kept her happy all evening,74,882
1792,potentiel,nadj,potential,elle a vraiment un bon potentiel! –,she really has great potential!,76,813
1793,agricole,adj(f),"agricultural, farming",les subventions agricoles sont des taxes –,farm subsidies are taxes,60,1520
1794,intellectuel,nadj,intellectual,je crois que la vie intellectuelle changerait profondément –,I think that intellectual life would change dramatically,68,1134
1795,essence,nf,"gas, petrol",ta moto n’a plus d’essence –,your motorbike ran out of gas,80,659
1796,pencher,v,"to lean, tilt","vous penchez à gauche, ça tourne à gauche –",lean to the left and it turns to the left,69,1104
1797,artiste,nadj(f),artist,l’artiste refait le monde à son compte –,the artist remakes the world according to his own fashion,68,1118
1798,coin,nm,corner,"ils vivent peut-être ici, au coin de la rue –","maybe they live here, on the street corner",68,1111
1799,tension,nf,tension,parler pour briser la tension –,say something to break the tension,69,1068
1800,don,nm,gift,elle a le don de communiquer avec la musique –,she has the gift of communication through music,75,850
1801,uniforme,"adj(f), nm","uniform, steady, regular","vous ne portiez pas d’uniforme, quoique armé –","you weren’t wearing a uniform, even though you were armed",84,503
1802,fidèle,nadj(f),faithful,tes hommes te sont fidèles –,your men are faithful to you,76,806
1803,grève,nf,strike,nous allons faire grève demain –,we’re going on strike tomorow,64,1287
1804,achat,nm,purchase,il est devenu responsable des achats –,he became the purchasing agent,73,902
1805,mentionner,v,to mention,ces points ont déjà été mentionnés par le rapporteur –,these points were already mentioned by the reporter,62,1376
1806,exécution,nf,"execution, accomplishment","dans sa cellule, avant l’exécution, il en refuse les secours –","in his cell, before the execution, he refuses help",82,557
1807,distinguer,v,to distinguish,c’est cela qui nous distingue des orientaux –,that’s what distinguishes us from the Orientals,71,975
1808,exploiter,v,to exploit,les Américains veulent exploiter notre pétrole –,the Americans want to exploit our oil,78,703
1809,administratif,nadj,administrative,j’occupe actuellement un poste administratif –,I currently hold an administrative position,75,822
1810,effectif,nadj,"effective; size, workforce",Volkswagen supprime un quart de ses effectifs aux Etats-Unis –,Volkswagen is eliminating a quarter of its workforce in the U.S.,69,1082
1811,communautaire,adj(f),"community, communal",une intervention au niveau communautaire ne se justifiait pas –,community intervention was not justified,56,1664
1812,individuel,adj,individual,la religion se fait sur une base individuelle –,religion happens at an individual level,76,807
1813,faciliter,v,"to make easier, facilitate",je voudrais faciliter votre décision –,I would like to facilitate your decision,76,806
1814,original,nadj,original,dire que la ville était belle était original –,to say that the city was beautiful was quite a stretch,81,604
1815,surprise,nf,surprise,"j’étais plutôt content, c’était la bonne surprise –",I was rather pleased – that was a nice surprise,79,687
1816,veiller,v,"to look after, stay up","ne veille pas trop tard, cela use les yeux –","don’t stay up too late, it wears out your eyes",69,1060
1817,dette,nf,debt,je vais régler ma dette –,I’m going to take care of my debt,66,1202
1818,capitale,nf,capital,nous ne sommes pas la capitale de l’État mais nous grandissons –,we’re not the state capital but we’re growing,57,1627
1819,maintien,nm,"holding, maintaining",le maintien de la paix ne se limite plus –,maintaining peace has no limits,70,1041
1820,chanter,v,to sing,il chantait la mélodie –,he sang the melody,66,1212
1821,pension,nf,"pension; room and board, boarding school",elle ira directement du camp en pension –,she’ll go directly from the camp to a boarding school,53,1822
1822,revue,nf,"review, magazine, journal",la revue n’a pas publié les résultats des travaux –,the journal didn’t publish the results of the work,77,751
1823,clore,v,to close,"pour moi, le sujet est clos –","for me, the subject is moot",79,684
1824,neige,nf,snow,ils ne peuvent plus pelleter la neige –,they can’t shovel snow any more,49,2030
1825,figure,nf,face; figure,"sa figure était maigre et pâle, un peu effrayante –","his face was lean and pale, somewhat frightening",60,1454
1826,masse,nf,mass,l’entreprise doit atteindre une masse critique –,the company must achieve critical mass,71,973
1827,susceptible,adj(f),"sensitive, touchy",oh! ce que vous pouvez être susceptible mon ami –,"gee, can you ever be touchy, my friend",80,640
1828,étroit,adj,"narrow, tight",ils demeurèrent quelques instants dans l’étroit couloir –,they lingered for a few moments in the narrow corridor,75,810
1829,goût,nm,taste,le goût n’a rien à voir avec l’appétit –,taste has nothing to do with appetite,67,1157
1830,prestation,nf,benefit,de nombreuses prestations ont été éliminées –,numerous benefits were eliminated,51,1903
1831,régner,v,to reign,un silence de mort règne dans la salle –,a deathly silence filled the room,78,695
1832,catastrophe,nf,"catastrophe, disaster",les agriculteurs subissent déjà beaucoup de catastrophes naturelles –,farmers are already suffering from many natural disasters,80,627
1833,ressortir,v,"to go out again, come out again, take out again","sur un fond noir, les couleurs ressortaient mieux –",on a black background the colors showed up better,83,530
1834,exploitation,nf,"operation, exploitation",il s’agit d’une exploitation intellectuelle de l’enfant –,it’s all about intellectual exploitation of children,63,1289
1835,manifestation,nf,"demonstration, event",on en attendait des manifestations spectaculaires –,a spectacular event was expected,63,1327
1836,dormir,v,to sleep,je ne faisais que dormir sur la plage –,all I did was sleep on the beach,57,1579
1837,lit,nm,bed,je sautai joyeusement du lit –,I jumped joyfully out of the bed,58,1528
1838,bouche,nf,mouth,des mots sortirent mécaniquement de ma bouche –,words left my mouth automatically,60,1465
1839,excuse,nf,"excuse, apology",tu pouvais t’inventer une meilleure excuse –,you could have come up with a better excuse,83,520
1840,veille,nf,"the day before, the eve of, night watch",on s’était fiancés la veille –,we were engaged the night before,69,1056
1841,content,adj,"glad, pleased, happy",elles étaient très contentes d’y aller –,they were very happy to go there,66,1152
1842,rassurer,v,"to reassure, calm down",le premier travail consiste à rassurer le gosse –,the first task is to calm the kid down,79,655
1843,triste,adj(f),sad,"ouais, ouais, ne sois pas triste pour ça –","yeah, yeah, don’t be sad about that",72,910
1844,latin,nadj,Latin,l’anglais est encore plus latin que le français –,English is more Latin than French is,78,687
1845,classique,nadj(f),classic,j’ai étudié la musique classique –,I studied classical music,72,916
1846,alliance,nf,alliance,nous reconnaissons nos obligations envers l’alliance –,we recognize our duty to the alliance,75,791
1847,préoccupation,nf,"worry, concern",je pense que c’est une préoccupation que nous partageons –,I think it’s a concern we share,64,1265
1848,trace,nf,"trace, mark, track",l’histoire humaine laisse d’éternelles traces –,human history is leaving behind eternal footprints,76,747
1849,logement,nm,accommodation,ils ont trouvé un logement et fait venir leur famille –,they found a place to live and had their family come,63,1270
1850,langage,nm,language,je parle le langage de la passion –,I speak the language of passion,70,974
1851,plainte,nf,"moan, groan, complaint","quand cette femme a porté plainte, sa vie a été menacée –","when this woman filed a complaint, her life was threatened",72,926
1852,chaud,"adv, nadj","warm, hot",il y a du café chaud dans le coffre sous la banquette –,there’s hot coffee in the box under the bench,69,1046
1853,taire,v,to keep quiet,"oh, tais toi, tu n’as pas honte –","oh, shut up, you have no shame",59,1474
1854,émotion,nf,"emotion, feeling",je fis de mon émotion un événement –,I turned my emotions into a spectacle,79,653
1855,judiciaire,adj(f),judiciary,nous devons préserver l’indépendance du pouvoir judiciaire –,we must preserve the judiciary’s independance,63,1274
1856,progresser,v,to progress,nous avons pas mal progressé à ce sujet –,we have progressed quite well on this topic,67,1120
1857,secours,nm(pl),"help, aid, assistance",une jeune fille appelait au secours –,a young girl was crying for help,69,1007
1858,confronter,v,to confront,elle est confrontée à des défis plus nombreux –,she was confronted by numerous challenges,74,820
1859,strict,adj,"strict, absolute",ce serait son strict devoir –,this would be his strict duty,85,447
1860,club,nm,club,j’arrivais dans un club qui avait gagné deux championnats –,I joined a club that had won two championships,67,1100
1861,ouvrier,nadj,worker,l’Allemand a toujours été bon ouvrier –,the German has always been a hard worker,71,935
1862,souffrance,nf,suffering,je connais les souffrances du monde –,I know the sufferings of the world,78,671
1863,observation,nf,observation,j’ai trouvé l’observation astucieuse –,I found the observation astute,64,1214
1864,rétablir,v,"to restore, re-establish","parfois, j’ai envie de rétablir quelques vérités –",sometimes I want to re-establish some truths,76,740
1865,immeuble,nadj(f),building,j’habite dans cet immeuble –,I live in this building,79,656
1866,passion,nf,passion,lirait-il avec passion les journaux? –,would he read newspapers with passion?,65,1170
1867,rupture,nf,"break, rupture","il y a eu rupture des négociations, reprise des négociations –","negotiations broke down, then restarted",81,569
1868,office,nm,"office, bureau",il perd son emploi à l’office des jardins –,he lost his job at the gardening office,72,899
1869,compliquer,v,to complicate,le système actuel s’avère-t-il compliqué –,the current system proves too complicated,84,473
1870,assumer,v,to assume,les autorités font assumer la responsabilité des troubles –,the authorities will assume responsibility for the confusion,74,808
1871,partiel,nadj,partial,elle travaille à temps partiel –,she works part-time,77,712
1872,éprouver,v,"to feel, experience",je n’éprouvais aucune hâte à procéder –,I didn’t feel any need to continue,71,916
1873,rendez-vous,nm(pl),appointment,"oui, nous avions un rendez-vous clandestin –","yes, we had a secret rendez-vous",74,828
1874,argument,nm,argument,j’ai entendu des arguments peu convaincants –,I heard fairly unconvincing arguments,69,1029
1875,planète,nf,planet,toute la planète est fatiguée de ce conflit –,the whole planet is tired of this conflict,75,784
1876,maire,nm,mayor,il a fait 3 mandats comme maire –,he filled three terms as mayor,71,916
1877,délicat,nadj,"delicate, fine, gentle",c’est toujours délicat d’embaucher des amies! –,it’s always tricky to hire girlfriends,81,576
1878,attentat,nm,"attack, assassination attempt",il s’agit d’un attentat de la guérilla –,it was a guerilla attack,50,1897
1879,boire,"nm, v",to drink,vous boirez quelque chose? –,would you like something to drink?,59,1457
1880,richesse,nf,"wealth, richness","ce sera mon passeport pour la richesse, l’indépendance –","this will be my passport to riches, independence",79,650
1881,caisse,nf,"till, cash desk",tu vas passer à la caisse! –,you must go to the cashier!,68,1040
1882,hasard,nm,"chance, luck",on ne laissait rien au hasard –,nothing was left to chance,71,940
1883,héros,nm(pl),hero,un héros lui aurait sauvé la vie –,a hero would have saved her life,75,765
1884,oreille,nf,ear,il s’introduisit un doigt dans l’oreille –,he stuck a finger in his ear,67,1101
1885,incident,"adj, nm",incident,"fort heureusement, l’incident n’a pas fait de victime –","very fortunately, the incident was without victims",73,868
1886,café,nm,"coffee, café",Amélie est serveuse dans un café de Montmartre –,Amélie is a waitress in a Montmartre café,66,1124
1887,annonce,nf,announcement,il n’y a pas eu d’annonce à ce sujet –,there was no announcement concerning this,70,983
1888,régulièrement,adv,regularly,elle a promis de venir régulièrement –,she promised to come regularly,78,666
1889,pont,nm,bridge,il fallait jeter un pont entre l’Est et l’Ouest –,a bridge had to be built between the East and the West,77,707
1890,foutre,"v, nm","to f*ck, shove off",va te faire foutre –,go f*ck yourself,56,1577
1891,apercevoir,v,"to see, notice",on aperçoit la sortie du tunnel –,you can see the exit of the tunnel,66,1134
1892,refléter,v,to reflect,la pièce d’eau reflétait la majestueuse façade d’un palais de pierre –,the ornamental pool reflected the majestic facade of a stone palace,76,740
1893,bouger,v,"to move, shift, budge",je reste là. je ne bouge pas –,I’ll stay here. I won’t budge,62,1273
1894,foule,nf,crowd,"il y a foule chez toi, ce soir –",there’s a crowd at your place tonight,73,833
1895,chrétien,nadj,Christian,"il se sentait isolé, isolé psychologiquement –","he felt isolated, psychologically alone",83,500
1896,isoler,v,"to isolate, insulate","il se sentait isolé, isolé psychologiquement –","he felt isolated, psychologically alone",83,500
1897,norme,nf,"norm, standard",nous appliquons désormais les normes d’hygiène –,from now on we are applying hygiene standards,67,1059
1898,égalité,nf,equality,l’égalité des hommes et des femmes est garantie –,equality for men and women is guaranteed,70,958
1899,tenue,nf,"dress, outfit",il est rare qu’on me complimente sur ma tenue –,rarely do I receive compliments on my outfit,78,666
1900,animer,v,"to lead, conduct, animate",le vin suscitait des conversations animées –,the wine gave rise to animated conversations,76,731
1901,statistique,nf,"statistics, statistical",je suis tombé sur une statistique très intéressante –,I came across an interesting statistic,75,770
1902,piste,nf,"track, trail",c’est là où la piste s’arrête –,that’s where the trail ends,76,730
1903,préserver,v,to preserve,"dans le bocal, mes larmes préservent le cæur de mon fils –","inside the jar, my tears preserved my son’s heart",78,673
1904,hommage,nm,"homage, tribute",il a ensuite rendu hommage au président –,then he paid homage to the president,77,679
1905,inférieur,nadj,inferior,il déclare qu’elle lui est inférieure en amitié –,he declares that she is less loving than he,61,1326
1906,match,nm,"match, game",je n’avais pas gagné un match depuis deux mois –,I hadn’t won a match in two months,54,1652
1907,pointe,nf,"point, tip",la longue pointe de mon parapluie était comme un doigt –,the long tip of my umbrella was like a finger,80,594
1908,gouvernemental,adj,governmental,je suis ici pour exécuter vos ordres –,I’m here to carry out your orders,79,613
1909,exécuter,v,"to execute, carry out",je suis ici pour exécuter vos ordres –,I’m here to carry out your orders,79,613
1910,tragédie,nf,tragedy,la tragédie a commencé. Hitler a attaqué l’URSS –,the tragedy began. Hitler invaded the Soviet Union,83,490
1911,distribution,nf,distribution,j’ai participé à un programme de distribution de petits déjeuners –,I participated in a breakfast distribution program,71,908
1912,scandale,nm,"scandal, uproar",il y aurait eu un petit scandale dans le famille –,there was a little scandal in the family,80,580
1913,irakien,nadj,Iraqi,Hussein est totalement coupé de la population irakienne –,Hussein is totally cut off from the Iraqi population,48,1943
1914,chinois,nadj(pl),Chinese,la main-d’æuvre chinoise a contribué de façon importante au développement économique –,Chinese manpower contributed greatly to economic development,66,1089
1915,bénéfice,nm,"benefit, profit",l’entreprise fait des bénéfices –,the company is making profits,66,1097
1916,billet,nm,ticket,j’ai pas de billet pour le match de demain –,I don’t have a ticket for tomorrow’s game,76,732
1917,choc,nm,"shock, clash",elle est en état de choc –,she’s in a state of shock,79,599
1918,proportion,nf,proportion,la fréquence des agressions atteint des proportions alarmantes –,the frequency of attacks is reaching alarming proportions,82,517
1919,canal,nm,"canal, channel",l’utilisation du canal sémaphore est suspendue –,the use of a semaphore channel is discontinued,46,2077
1920,briser,v,to break,vous m’avez brisé le cæur –,you broke my heart,76,707
1921,destruction,nf,destruction,votre salut est sa destruction –,your salvation is his destruction,73,816
1922,reculer,v,"to move back, back up",ils ne reculent devant rien –,they don’t back down from anything,72,878
1923,critère,nm,"criterion, criteria",selon quels critères ces traits sont-ils sélectionnés? –,according to what criteria were these features selected?,67,1068
1924,gardien,nadj,"guardian, keeper",nous sommes les gardiens de cette planète –,we are the guardians of this planet,80,590
1925,adresse,nf,address,on a une adresse Internet –,we have an Internet address,52,1725
1926,réception,nf,reception,les mêmes invités étaient présents à chaque réception –,the same invited guests were at each reception,43,2196
1927,conservateur,nadj,conservative,"dans les auteurs, y a un conservateur –","among the authors, there is a conservative one",61,1280
1928,ouais,intj,yeah,"j’aime mon job. ouais, bien sûr –","I like my job. yeah, of course",43,2215
1929,transporter,v,"to transport, carry",il transporta des milliers d’hommes ici –,it transported thousands of men here,77,673
1930,brûler,v,to burn,je sais que Lucy brûlait d’une passion secrète pour vous –,I know Lucy was burning up with a secret passion for you,70,911
1931,manæuvre,"nm, nf",manoeuvre,nous étions trois soldats à faire la manæuvre –,three of us soldiers participated in the manoeuvre,81,551
1932,monnaie,nf,"currency, coin, change","aujourd’hui, nous avons une monnaie stable –",today we have a stable currency,66,1079
1933,transmission,nf,transmission,cette transmission est vraiment excellente –,this transmission is really excellent,47,1982
1934,quelconque,adj(f),"any, some",est-ce qu’on a un vase quelconque? –,do we have some kind of vase?,77,669
1935,courrier,nm,"mail, post",il y a peut-être du courrier –,maybe there’s mail,86,383
1936,grandir,v,"to grow, increase, expand",je ne grandis plus … je grossis –,I’m not growing any taller … just stouter,80,566
1937,élaborer,v,"to work out, develop",cette vision a été élaborée avant le 11 septembre –,this vision was developed before September 11,69,950
1938,doigt,nm,finger,"il tapait du doigt sur la table, à coups secs –",he tapped his finger on the table repeatedly,62,1241
1939,illustrer,v,to illustrate,cette manifestation illustre les craintes des citoyens –,this protest shows the citizens’ fears,78,647
1940,poche,nf,pocket,je n’ai rien dans les poches –,I don’t have anything in my pockets,68,996
1941,affronter,v,"to confront, face",j’ai dû affronter la terrible réalité –,I had to confront the terrible reality,76,719
1942,éclater,v,"to burst, explode","quand la guerre a éclaté, tout était perdu –","when war broke out, everything was lost",73,818
1943,honte,nf,shame,n’aie pas honte de tes origines –,don’t be ashamed of your origins,71,868
1944,faiblesse,nf,weakness,c’est là ma faiblesse et ma force –,therein lies my weakness and my strength,77,685
1945,fédération,nf,federation,les fonctionnaires étaient convoqués par leurs fédérations –,the bureaucrats were called together by their federations,62,1212
1946,presser,v,"to squeeze, press",ils ont laissé un soldat chargé de presser le détonateur –,they left a soldier with the order to press the detonator,74,761
1947,mêler,v,"to mingle, mix",la fiction se mêle constamment à l’autobiographie –,fiction constantly gets mixed in with autobiography,75,747
1948,bonheur,nm,happiness,"aujourd’hui, ce bonheur n’est plus que souvenir –",today this happiness is merely a memory,63,1195
1949,formuler,v,to formulate,je veux formuler un commentaire général –,I want to make a general comment,73,794
1950,crier,v,"to shout, scream, cry out",ils se meurent. ils crient au secours –,they’re dying. they cry out for help,62,1240
1951,pauvreté,nf,poverty,ils vivent dans la pauvreté –,they live in poverty,60,1305
1952,bâtiment,nm,building,il travaillait au deuxième étage du bâtiment –,he worked on the second floor of the building,70,906
1953,époux,nm(pl),"husband, spouse",je suis fier de l’avoir choisi comme époux –,I’m proud of having chosen him for a husband,72,843
1954,médicament,nm,"medicine, drug, medication",je crois en les médicaments génériques peu coûteux –,I believe in cheap generic medications,72,832
1955,firme,nf,firm,il gérait les fonds de la firme –,he managed the firm’s funds,59,1351
1956,élargir,v,"to widen, expand",nous devons élargir nos horizons –,we have to expand our horizons,76,694
1957,électeur,nm,"elector, voter",je remercie également les électeurs de ma circonscription –,I also thank the voters in my district,62,1231
1958,plonger,v,to dive,"chaque matin, je plonge dans la mer –",every morning I take a dip in the sea,75,713
1959,véhicule,nm,vehicule,sortez du véhicule. vous aussi –,exit the vehicle. you too,70,914
1960,fuir,v,to flee,j’aggravai ma situation en voulant fuir –,I worsened my situation by wanting to flee,73,801
1961,chercheur,nadj,researcher,"même si vous êtes un bon chercheur, la compétition est rude –","even if you’re a good researcher, competition is fierce",66,1048
1962,varier,v,"to vary, change","on aime varier les plaisirs. varier, c’est bon –",we like to vary our pleasures. change is good,76,694
1963,personnalité,nf,personality,il était brillant et avait une riche personnalité –,he was brilliant and had a rich personality,70,881
1964,inventer,v,to invent,je n’ai pas pu inventer un tel souvenir –,I couldn’t have invented such a memory,72,833
1965,principalement,adv,"principally, mainly, primarily",c’est sur les femmes principalement qu’elle a exercé une grande influence –,it’s primarily with women that she wields great influence,77,639
1966,prudence,nf,"prudence, care, caution",la prudence est la meilleure attitude à adopter –,caution is the best policy,80,568
1967,stade,nm,"stadium, stage",leurs recherches sont encore au stade préliminaire –,their research is still at the preliminary stage,70,881
1968,liaison,nf,"liaison, connection",les liaisons ferroviaires ont été interrompues –,railroad connections were interrupted,55,1518
1969,consultation,nf,consultation,après consultation confidentielle des professeurs –,after confidential consultation with the professors,63,1145
1970,québécois,nadj(pl),"Quebecker, Quebecer, Québécois",il existe un marché pour le produit québécois en France –,there’s a market for Quebecois products in France,50,1729
1971,ordonner,v,"to ordain, organize, order","soldat, je vous ordonne d’avancer ces catapultes –","soldier, I order you to move these catapults forward",78,605
1972,bonjour,nm,hello,"voilà ma petite fille. bonjour, ma chérie. viens par ici –","there’s my little girl. hello, dear. come here",47,1871
1973,morale,nf,ethics; moral,la morale judéo-chrétienne me paraît l’une des plus belles –,to me the Judeo-Christian ethic seems among the finest,72,819
1974,contester,v,"to contest, question",l’art conteste le réel –,art questions reality,75,709
1975,nécessairement,adv,necessarily,le bien n’est pas nécessairement beau –,what’s good is not necessarily beautiful,75,707
1976,détermination,nf,"determination, resolution",il peut avoir sans doute des déterminations égoïstes –,he certainly could have selfish resolve,77,642
1977,congrès,nm(pl),"congress, conference",c’est lui qui préside le congrès –,he’s who presides over the conference,65,1077
1978,semblable,nadj(f),similar,nous avons vu un cas semblable ici –,we have seen a similar case here,72,817
1979,préoccuper,v,"to worry, preoccupy",il nous faut sans doute nous préoccuper de l’avenir de nos enfants –,we need to be concerned about the future of our children,66,1031
1980,dépôt,nm,"deposit, depot",voici le mandat de dépôt du détenu –,here’s the incarceration order for the prisoner,70,883
1981,considération,nf,consideration,j’aimerais que vous preniez en considération ma suggestion –,I would like you take my suggestion under consideration,68,964
1982,multiplier,v,to multiply,nous sommes maintenant en train de multiplier le danger nucléaire –,we’re currently multiplying nuclear risks,73,766
1983,dame,"intj, nf",lady,une belle rose pour une belle dame –,a beautiful rose for a beautiful lady,66,1033
1984,joie,nf,joy,je ne ressens ni peine ni joie –,I feel neither pain nor joy,65,1054
1985,durable,adj(f),"durable, long-lasting",la transgenèse promeut une agriculture durable –,hybrid crops encourage durable agriculture,76,682
1986,faim,nf,hungry,je commence à avoir faim –,I’m starting to feel hungry,73,760
1987,excuser,v,to excuse,excusez moi de vous interrompre monsieur –,"excuse me for interrupting, sir",60,1279
1988,recommander,v,to recommend,je ne lui recommandai même pas la prudence –,I didn’t even recommend caution to him,64,1095
1989,concept,nm,concept,"ce concept me réjouit, il est plein d’espoir –","I delight in this concept, it’s full of hope",67,974
1990,cerveau,nm,brain,"à la naissance, le cerveau humain est loin d’être complètement développé –","at birth, the human brain is far from completely developed",77,650
1991,truc,nm,trick; thingamajig,je peux avoir un truc à grignoter? –,can I have something to snack on?,53,1566
1992,allié,nadj,allied; ally,la guerre sera gagnée par les Alliés –,the war will be won by the Allies,70,859
1993,scolaire,adj(f),"school, educational, academic",je veux juste finir l’année scolaire avec mes amis –,I just want to finish the school year with my friends,70,869
1994,arabe,nadj(f),"Arabic, Arab",le monde arabe devient bipolaire –,the Arab world is becoming bipolar,61,1231
1995,diffuser,v,"to diffuse, broadcast",nos stations diffusent une émission quotidienne –,our stations broadcast a daily program,63,1147
1996,budgétaire,adj(f),budgetary,la situation budgétaire nous place dans une position critique –,the budgetary situation puts us in a critical position,61,1224
1997,inquiétant,adj,"worrying, disturbing",la puissance iranienne est inquiétante –,Iranian power is disturbing,86,368
1998,inclure,v,to include,n’incluez pas une extension de fichier –,don’t include a file extension,68,941
1999,style,nm,style,faut que je change de style –,I’ve gotta change my style,69,892
2000,combler,v,"to fill, fill in, fulfill","les gens tentent de combler ce vide, pierre par pierre –","people try to fill up the void, stone by stone",82,474
2001,ombre,"nm, nf","shade, shadow",il vivait dans son ombre et ne cherchait qu’à lui complaire –,he lived in her shadow and only sought to please her,62,1167
2002,annuler,v,to cancel,il a dû annuler un voyage –,he had to cancel a trip,74,720
2003,joueur,nadj,player,j’étais même le meilleur joueur de l’équipe –,I was even the best player on the team,61,1196
2004,bloquer,v,to block,ils nous disent que nous bloquons le progrès –,they say we’re blocking progress,70,849
2005,interprétation,nf,interpretation,vous pouvez être en désaccord avec mon interprétation –,you can disagree with my interpretation,70,852
2006,climat,nm,climate,"pour rétablir le climat de confiance, il faut gagner le respect –","to reestablish the climate of trust, respect must be gained",79,558
2007,séjour,nm,stay,notre séjour s’achève. nous partons demain –,our visit is over. we leave tomorrow,79,561
2008,guider,v,to guide,voilà les convictions qui guident mes pas –,these are the convictions that guide my footsteps,83,447
2009,spécialiser,v,to specialize,la main-d’æuvre spécialisée vieillit –,specialized manpower is ageing,73,757
2010,bien?,adv,well,bon … ben il va falloir que je m’y mette –,"OK, well I will have to get busy with it",51,1633
2011,sport,"adji, nm",sport,le sport est le meilleur remède physique et mental –,sports are the best physical and mental cure,67,973
2012,amélioration,nf,improvement,il faut prévoir que l’amélioration sera lente –,you have to expect the improvement to be slow,64,1081
2013,douleur,nf,pain,je comprends votre douleur et combien ceci est pénible –,I feel your pain and how difficult this is,70,880
2014,issue,nf,"exit, outcome",nous fondons nos espoirs sur une issue positive au référendum –,our hopes rest on a positive outcome in the referendum,63,1118
2015,généreux,adj(pl),generous,il était généreux dans ses activités bénévoles –,he was generous in his charitable activities,82,480
2016,absent,nadj,absent,il a été absent trois heures –,he was absent for three hours,81,504
2017,talent,nm,talent,votre frère a beaucoup de talent –,your brother has a lot of talent,76,669
2018,normalement,adv,normally,"normalement, je suis un chien très gentil –","normally, I’m a very gentle dog",75,689
2019,remarque,nf,remark,par cette remarque je n’accuse personne –,by making that remark I don’t accuse anyone,58,1309
2020,détourner,v,to redirect,"pour rentrer, il suffit de détourner l’attention du gardien –",to gain entry you just have to distract the security guard,74,738
2021,raisonnable,adj(f),"reasonable, fair","soyez raisonnable, rentrez vous reposer –",be reasonable—go home and rest,73,758
2022,suprême,nadj(f),supreme,certains ont fait le sacrifice suprême –,some made the supreme sacrifice,67,983
2023,éventuel,nadj,possible,ce serait peut-être un éventuel projet pour vous –,that might be a possible project for you,66,1002
2024,blesser,v,to hurt,"le premier avait été légèrement blessé, le second était sorti indemne –","the first was lightly injured, the second escaped unharmed",61,1193
2025,orientation,nf,"orientation, trend",je suis d’orientation homosexuelle –,I have a homosexual orientation,71,828
2026,grec,nadj,Greek,il utilisait deux mots grecs –,he used two Greek words,70,854
2027,secondaire,nadj(f),secondary,quels types d’effets secondaires pourraient survenir? –,what kind of secondary effects could take place?,77,625
2028,reporter,"nm, nf, v",to report; to postpone,nous pourrions avoir à reporter certaines choses –,we might have to delay certain things,71,808
2029,partisan,nadj,"partisan, supporter",je ne suis pas un ardent partisan –,I’m not an ardent supporter,69,903
2030,cinquième,"det, nm, nf",fifth,il s’agissait de la cinquième médaille olympique de sa carrière –,it was the fifth Olympic medal of his career,79,565
2031,distinction,nf,distinction,il y a une distinction sémantique importante à faire –,there’s an important semantic distinction to be made,80,543
2032,impact,nm,impact,ses paroles ont un impact épouvantable –,her words have a deadful impact,71,807
2033,magazine,nm,magazine,on fait semblant de lire un magazine –,we pretend to read a magazine,74,702
2034,compléter,v,to complete,"cela complète notre présentation, mesdames et messieurs –","that completes our presentation, ladies and gentlemen",78,582
2035,mérite,nm,merit,mon mérite était nul –,I had nothing going for me,78,595
2036,naturellement,adv,naturally,elle va naturellement sortir avec des garçons –,naturally she will date guys,72,789
2037,collaboration,nf,collaboration,c’est cette collaboration qui a mené aux progrès –,this collaboration is what is leading to progress,69,898
2038,procurer,v,"to get, bring",j’ignore comment vous vous êtes procuré cette carte –,I don’t know how you got that card,80,528
2039,officier,"nm, nf, v",officer; officiate,il craint de perdre ses meilleurs officiers –,he fears losing his best officers,73,745
2040,remarquable,adj(f),"remarkable, outstanding","c’est remarquable, ce qui peut être fait –","it’s remarkable, what can be done",81,490
2041,efforcer,v,endeavor,nous nous efforçons de contenir ce fléau –,we are endeavoring to contain this plague,78,580
2042,tragique,nadj(f),tragic,"c’est tragique, elles sont mortes –","tragically, they died",83,437
2043,anniversaire,nadj(f),"anniversary, birthday",j’ai un cadeau d’anniversaire pour toi –,I have a birthday present for you,73,739
2044,issu,adj,descended from,Hugh était issu d’une famille de cinq garçons –,Hugh came from a family of five boys,71,804
2045,poursuite,nf,"chase, pursuit",je suis parti à la poursuite de mon rêve –,I left to pursue my dream,72,780
2046,nôtre,nadj(f),"ours, our own",j’aurais aimé qu’il soit des nôtres –,I would have preferred him to be on our side,80,522
2047,éclairer,v,to light up,vous êtes là pour que je vous éclaire –,you’re here so that I can enlighten you,71,792
2048,consommer,v,"to eat, consume, drink, use, consummate",nous consommons des aliments génétiquement modifiés –,we consume genetically modified food,84,390
2049,infirmier,nadj,nurse,un infirmier lui est venu en aide –,a male nurse came to his aid,85,368
2050,caractéristique,nadj(f),characteristic,il est toutefois caractéristique qu’aucune décision définitive n’a été prise –,it is nevertheless characteristic that no definitive decision was taken,54,1452
2051,dépenser,v,to spend,j’ai dépensé beaucoup d’argent pour elle –,I spent a lot of money on her,63,1103
2052,censé,adj,supposed,elle est censé donner une réponse –,she is supposed to give a response,75,664
2053,fuite,nf,escape,l’assassin prend la fuite à cheval –,the assassin is fleeing on horseback,76,626
2054,conviction,nf,"conviction, belief",vous avez agi selon vos convictions –,you acted according to your convictions,78,564
2055,nettement,adv,"clearly, distinctly",il savait nettement ce qu’il devait et voulait faire –,he knew clearly what he needed to do and wanted to do,75,662
2056,détenir,v,"to hold, detain",je ne prétends pas détenir la vérité –,I don’t pretend to have the whole truth,64,1051
2057,évaluation,nf,evaluation,il faudrait procéder à une évaluation avant de le faire –,we’ll have to carry out an evaluation before doing it,70,837
2058,installation,nf,"installation, setup",on accordera une très grande importance aux installations –,the installations will be very important for us,72,766
2059,innocent,nadj,innocent,l’essentiel est qu’ils soient innocents –,the important thing is that they are innocent,79,537
2060,fameux,adj(pl),famous,voici l’un de nos plus fameux sadiques –,here is one of our most famous sadists,76,633
2061,cultiver,v,"to cultivate, grow",elle cultive le goût des petits plaisirs –,she cultivates a taste for simple pleasures,86,335
2062,doux,"adv, nadj(pl)","soft, sweet",le soleil était doux et chaud –,the sunshine was soft and hot,64,1046
2063,gouverner,v,"to govern, rule, steer, helm",il a été élu pour gouverner –,he was elected to govern,84,410
2064,jouir,v,to enjoy,elle jouit du respect et de l’admiration des gens –,she enjoys people’s respect and admiration,76,624
2065,parcourir,v,"to cover, travel",il parcourut son courrier –,he went through his mail,80,513
2066,bloc,nm,block,"ici, nous avons un bloc de béton –","here, we have a cement block",74,675
2067,électrique,adj(f),electric,je n’aime pas tous ces appareils électriques –,I don’t like all of these electrical devices,74,688
2068,seuil,nm,"doorstep, threshold",a peine le seuil franchi elle s’arrêtait –,"barely crossing the threshold, she stopped",69,863
2069,croissant,nadj,"growing, crescent, crescent-shape",la compétition avec les Etats-Unis ira croissant –,competition with the U.S. will be growing,79,530
2070,classer,v,"to classify, file, grade, rate",vous devenez plus difficile à classer –,you’re becoming more difficult to pigeonhole,82,437
2071,audience,nf,"audience, hearing",l’audience a été suspendue jusqu’à mercredi –,the hearing was suspended until Wednesday,68,893
2072,multiple,nadj(f),multiple,il s’oppose aux multiples procédures d’extradition –,he opposes multiple extradition proceedings,69,854
2073,minorité,nf,minority,il y a une minorité francophone appréciable dans la région –,there’s a sizable French-speaking minority in the region,72,754
2074,phrase,nf,"sentence, phrase",je vomissais les phrases dans un très grand désordre –,I spewed out the phrases in chaotic fashion,64,1015
2075,provisoire,adj(f),"temporary, provisional",son fils était maintenu en détention provisoire –,his son was held in temporary confinement,76,613
2076,hein,intj,"eh, huh","c’est un bon club, hein? –","this is a good club, eh?",46,1761
2077,disparition,nf,disappearance,les condors sont en voie de disparition –,condors are becoming extinct,79,531
2078,dynamique,nadj(f),dynamic,le marché reste très dynamique jusqu’à présent –,the markets remain very volatile at present,73,710
2079,renverser,v,"to knock down, turn over, overturn","tout le container est renversé, tout est mélangé –","the whole container was overturned, everything is mixed up",80,505
2080,trouble,"adj(f), nm","turmoil, agitation, blurred, cloudy, trouble",la cause de ces troubles reste mal connue –,the cause of these troubles remains relatively unknown,77,588
2081,désoler,v,"to upset, sadden",je suis tellement désolé. désolé pour tout –,I am so sorry. sorry for everything,50,1593
2082,accélérer,v,"to speed up, accelerate",les événements pourraient donc s’accélérer –,the events could thus accelerate,77,579
2083,littérature,nf,literature,je crois que la littérature africaine se porte bien –,I think that African literature is faring very well,60,1179
2084,résider,v,to reside,c’est là que réside l’avenir de nos enfants –,that’s where the future of our children lies,80,515
2085,adolescent,nm,"teenager, adolescent",nous étions alors de jeunes adolescents –,we were young teenagers at the time,76,619
2086,dessiner,v,"to draw, design",je ne sais pas dessiner. c’est une frustration –,I don’t know how to draw. it’s frustrating,71,789
2087,rompre,v,to break,il a rompu avec les Frères musulmans –,he left the Muslim Brotherhood,76,622
2088,agriculture,nf,agriculture,nous devons continuer de pratiquer une agriculture scientifique –,we must continue to practice scientific agriculture,58,1233
2089,gouverneur,"nm, nf",governor,le rôle du nouveau gouverneur de l’île est si important –,the role of the island’s new governor is so important,69,826
2090,aventure,nf,adventure,un voyage en auto est une véritable aventure –,a car trip is a real adventure,70,793
2091,armer,v,to arm,l’Iran est en train de s’armer –,Iran is arming itself,75,636
2092,volet,nm,shutter,"fermez bien les volets, il y aura de la tempête –","close the shutters tightly, a storm is coming",81,475
2093,bâtir,v,to build,nous pouvons continuer à bâtir une nation basée sur la tolérance –,we can continue to forge a nation based on tolerance,77,596
2094,prime,"nadj(f), nf","free gift, premium, bonus",ils extorquent chaque jour une prime de protection –,every day they extort protection money,77,581
2095,résulter,v,to result,il en est résulté une tragédie humaine énorme –,an enormous human tragedy was the result,69,820
2096,occupation,nf,"occupation, pastime",• lire et faire l’amour sont ses occupations,,,
2097,japonais,nadj(pl),Japanese,l’économie japonaise ne se porte pas si mal –,the Japanese economy is faring rather well,64,992
2098,emmener,v,to take,maman et papa ont dû l’emmener à l’hôpital –,mommy and daddy had to take him to the hospital,65,980
2099,alimentaire,adj(f),food,l’épidémie met en péril la sécurité alimentaire –,the epidemic is threatening food safety,69,815
2100,lecteur,nm,reader,j’espère ne pas perdre des lecteurs –,I hope to not lose any readers,61,1122
2101,marin,nadj,"sea, marine, sailor",la plupart des marins ont perdu leur emploi –,most sailors have lost their jobs,80,499
2102,intermédiaire,nadj(f),"intermediate, intermediary",le fait d’avoir des intermédiaires me dérange –,having intermediaries bothers me,66,923
2103,væu,nm,"vow, wish, will",j’ai rendu mes voeux de moine –,I took my vows as a monk,84,386
2104,dresser,v,"to draw up, put up, raise",trois portes se dressaient maintenant devant lui –,now three doors stood before him,72,731
2105,conception,nf,conception,c’est notre conception de la politesse –,it’s our idea of politeness,69,821
2106,afficher,v,to display,ils ont affiché ma photo dans tous les bâtiments –,they posted my photo in all the buildings,68,855
2107,fragile,adj(f),"fragile, delicate, frail",une bulle de savon semblerait moins fragile –,a soap bubble would seem to be less fragile,83,413
2108,satisfaction,nf,satisfaction,il rougit de satisfaction modeste –,he blushes with modest satisfaction,78,554
2109,survenir,v,"to occur, take place, appear",trop d’ événements néfastes sont survenus cette année –,too many harmful events took place this year,73,686
2110,publicité,nf,"advertising, advertisement, publicity",même la mauvaise publicité peut être bonne –,even bad publicity can be good,71,753
2111,arbre,nm,tree,je fais tailler mes arbres pour donner de l’ombre –,I trim my trees so they’ll give shade,64,992
2112,univers,nm(pl),universe,on connaît à peine notre univers –,we barely know our universe,67,891
2113,aéroport,nm,airport,il faut qu’on parte pour l’aéroport –,we have to leave for the airport,65,948
2114,sauter,v,to jump,"je saute la barrière, je tombe –",I jump over the barrier and fall down,65,936
2115,chasse,nf,"chase, hunt, hunting",la chasse et la pêche y sont une tradition –,hunting and fishing are a tradition over there,81,448
2116,collège,nm,"secondary school, college","je n’ai jamais été au collège, j’étais trop pauvre –",I never went to college; I was too poor,75,642
2117,garantie,nf,guarantee,je ne puis vous donner cette garantie –,I can’t give you this guarantee,73,697
2118,morceau,nm,"piece, bit",je les ai notées sur un morceau de papier –,I jotted them down on a piece of paper,71,736
2119,salarié,nadj,"wage-earning, employee",on doit protéger les salariés contre tout licenciement abusif –,employees are supposed to be protected from any abusive firings,57,1231
2120,discipline,nf,discipline,• il n’y a pas de démocratie sans ordre et discipline –,there’s no democracy without,,
2121,explosion,nf,explosion,une autre explosion a eu lieu presque au même moment –,another explosion happened at almost the same instant,61,1075
2122,peau,nf,skin,elles ont la peau blanche –,they have white skin,65,935
2123,commande,nf,"order, control",dès ce jour nous vous passons commande pour cet ouvrage –,from this day on we order that work from you,53,1387
2124,orienter,v,"to position, give advice, direct, orientate",il orientera les antennes à 140 degrés –,he will position the antennas at 140 degrees,78,545
2125,reproduire,v,"to reproduce, repeat","malheureusement, ces situations se reproduiront –","unfortunately, these situations will arise again",82,422
2126,paragraphe,nm,paragraph,j’aimerais lire son dernier paragraphe –,I would like to read its last paragraph,59,1161
2127,radical,nadj,radical,il faudra des changements radicaux –,what it will take is radical change,74,658
2128,transférer,v,to transfer,le trafic est transféré d’un ou de plusieurs canaux sémaphores –,the traffic is routed through one or more signal channels,72,710
2129,diffusion,nf,"diffusion, spreading, circulation",la diffusion débridée d’armes crée de nouvelles menaces –,rampant arms proliferation is spawning new threats,70,780
2130,spécialement,adv,"especially, particularly",vous aimez les chats? pas spécialement –,you like cats? not particularly,86,320
2131,croître,v,"to grow, increase",les bureaucraties ont tendance à croître et à s’étendre –,bureaucracies tend to grow and spread,81,455
2132,tolérer,v,"to tolerate, access, put up, bear, endure",je te tolère car c’est bien de te tolérer –,I tolerate you because it’s good to tolerate you,87,295
2133,copie,nf,"copy, replica, paper",j’en ai fait une copie –,I made a copy of it,84,381
2134,enseigner,v,to teach,j’ai enseigné les mathématiques et les finances –,I taught mathematics and finance,70,778
2135,rédiger,v,"to write, draw up","l’année suivante, j’ai rédigé mon mémoire –",the next year I wrote my dissertation,74,661
2136,magnifique,adj(f),magnificent,cet endroit est magnifique –,this place is magnificent,74,642
2137,initial,adj,initial,au succès initial a succédé une stabilisation –,after initial success there was a stabilization,62,1024
2138,indice,nm,"indication, sign, clue",cet indice était d’ailleurs inutile –,this clue was in fact useless,61,1065
2139,promotion,nf,"promotion, advertising",on a un budget pour de la promotion –,we have an advertising budget,70,770
2140,branche,nf,branch,la situation économique de la branche s’est légèrement détériorée –,the economic situation of the branch deteriorated somewhat,70,778
2141,section,nf,section,il y a aussi une section en français –,there’s also a French section,62,1032
2142,chanson,nf,song,je pense que toutes les chansons sont plaisantes à chanter –,I think that all songs are fun to sing,60,1106
2143,pair,"adj, nm","peer, pair, even",l’histoire de la musique va de pair avec l’histoire politique –,music history goes hand-in-hand with political history,86,321
2144,contraindre,v,"to compel, force",on ne peut les contraindre à comparaître –,they can’t be compelled to appear,73,685
2145,trancher,v,"to cut, sever, settle, decide",ils tranchent avec l’éclat du ciel –,they stand out clearly with the brilliance of heaven,84,371
2146,réformiste,nadj(f),reformist,les réformistes adoraient suivre l’évolution de la dette –,the reformists love to follow the debt’s progress,44,1765
2147,retarder,v,"to delay, hold up","j’ai été retardé par un embouteillage, un accident –","I was delayed by a traffic jam, an accident",80,463
2148,réjouir,v,"to delight, rejoice",Dieu me pardonnera peut-être de me réjouir de ma mort –,perhaps God will forgive me for rejoicing in my death,75,614
2149,punir,v,to punish,"si je t’ai offensé, punis-moi –","if I offended you, punish me",83,403
2150,repartir,v,"to set off again, start up again","hélas, je repars demain par le premier train –","alas, I leave tomorrow on the first train",74,647
2151,cellule,nf,cell,j’ai aidé à bâtir ces cellules –,I helped build these cells,65,936
2152,déclencher,v,"to trigger, release, unleash",on ignore ce qui a déclenché la violence –,we’re unsure who unleashed the violence,68,812
2153,uni,nadj,united,"votre famille est unie, je le sens –","your family is united, I can feel it",62,1037
2154,connexion,nf,connection,il y a donc une connexion profonde entre science et technologie –,hence there’s a deep connection between science and technology,40,1952
2155,écouler,v,"to sell, run off, flow out","le jus s’écoule librement, sans contact avec la peau –","the juice flows out freely, without touching the peel",77,563
2156,option,nf,option,il ne leur reste donc qu’une option –,so they only have one option left,67,860
2157,pétrole,nm,"crude oil, petroleum",elle alluma une lampe à pétrole –,she lit an oil lamp,64,943
2158,laboratoire,nm,laboratory,les gros laboratoires n’ont pas toujours cette éthique-là –,the big laboratories don’t always have that ethical outlook,69,796
2159,étrange,nadj(f),"strange, odd",j’ai fait un rêve étrange –,I had a strange dream,68,819
2160,coucher,"nm, v","to lie down, sleep","lavez-les, nourrissez-les. couchez-les –","wash them, feed them. put them to bed",57,1192
2161,département,nm,department,nous avons encore un département de relation publique –,we still have a public relations department,64,965
2162,génie,nm,genius,notre fils est un génie –,our son is a genius,72,712
2163,profession,nf,profession,vous faites honte à votre profession! –,you’re a disgrace to your profession!,78,520
2164,rumeur,nf,rumour,"après plusieurs années de rumeurs, le scandale a éclaté –","after years of rumors, the scandal broke",76,590
2165,mien,"nadj, pro",mine,le mien avait fonctionné sur 20 ans –,mine worked for 20 years,62,1021
2166,drôle,"adj(f), nm","funny, strange",je ne trouve pas ça drôle –,I don’t find that funny,63,975
2167,plat,"adj, nm","dish, flat",un plat avec cinq choix de dessert –,a plate with five dessert choices,71,710
2168,maman,nf,mom,je suis ta maman et tu peux tout me dire –,"I’m your mommy, and you can tell me everything",54,1292
2169,incertitude,nf,uncertainty,cette incertitude est pesante pour nous –,this uncertainty is unsettling for us,81,447
2170,célébrer,v,to celebrate,nous venons célébrer le mariage de mon frère –,we just celebrated the marriage of my brother,78,526
2171,dignité,nf,dignity,il est toujours difficile de maintenir dignité et humour –,it’s always hard to retain both dignity and humor,78,523
2172,légitime,nadj(f),legitimate,il l’aura l’autorité légitime de le faire –,he will have the legitimate authority to do so,77,539
2173,philosophie,nf,philosophy,j’ai fait des études de philosophie –,I studied philosophy,62,991
2174,verre,nm,glass,prenez un verre avec moi –,have a drink with me,59,1129
2175,spécifique,adj(f),specific,il n’y a pas d’heure spécifique –,there’s not a specific time,63,987
2176,docteur,nm,doctor,le docteur ne nous laissa aucun espoir –,the doctor didn’t give us any hope,68,806
2177,hausser,v,to raise,il faudra hausser les cotisations –,subscriptions will have to be raised,71,721
2178,fréquence,nf,frequency,toutes les fréquences sont bloquées –,all of the frequencies are blocked,43,1787
2179,urgent,adj,urgent,il est urgent de remettre l’église au milieu du village –,it’s urgent to put the church back into a village setting,71,718
2180,trou,nm,hole,"au mur, il y a un trou blanc –",in the wall there’s a white hole,69,782
2181,stratégique,adj(f),strategic,il est très stratégique pour la région –,it’s very strategic for the region,72,698
2182,mental,nadj,mental,il sentait que ses facultés mentales étaient diminuées –,he felt that his mental capacities were diminished,77,534
2183,éditeur,nm,"publisher, editor",j’ai mis un mot chez l’éditeur –,I wrote a letter to the editor,70,759
2184,provincial,nadj,provincial,les municipalités sont de juridiction provinciale –,the municipalities are under provincial jurisdiction,49,1482
2185,casser,v,to break,j’ai cassé une bouteille de bière –,I broke a beer bottle,66,856
2186,probable,adj(f),"probable, likely",il est probable que le visa sera refusé –,the visa will probably be refused,78,511
2187,signature,nf,signature,j’ai besoin de votre signature pour l’emmener –,I need your signature to bring her along,73,660
2188,forcément,adv,"without question, inevitably",les deux ne sont pas forcément liées –,the two aren’t necessarily connected,69,768
2189,conformément,adv,in accordance,le débat se déroulera conformément au règlement –,the debate unfolded according to regulations,56,1204
2190,croiser,v,to cross,ce sont deux histoires qui se croisent –,these are two stories that intersect,74,617
2191,plastique,nadj(f),plastic,on devait jouer avec un poulet en plastique –,we had to play with a plastic chicken,88,256
2192,autonome,nadj(f),"autonomous, independent",mon corps est autonome. il ne m’écoute pas –,my body is autonomous. it doesn’t obey me,78,522
2193,héritage,nm,heritage,je leur laisserais cet héritage –,I will leave them this heritage,87,291
2194,voyager,v,to travel,ça m’apprendra à voyager en classe éco –,that’ll teach me to travel in economy class,80,449
2195,électronique,nadj(f),electronic,un message électronique m’informe que le code est erroné –,an electronic message tells me that the code is incorrect,69,779
2196,parallèle,nadj(f),"parallel, similar",vous mettriez son conservatisme en parallèle avec sa ferveur catholique? –,you would link his conservatism and his Catholic fervor?,78,516
2197,répartir,v,"to distribute, spread out, share out, divide up",ils se répartissent en trois grands groupes –,they spread out into three big groups,80,451
2198,courageux,nadj(pl),courageous,"une femme moderne, courageuse, sensible –","a modern, courageous, sensible woman",88,246
2199,réveiller,v,to wake up,j’ai pas envie de réveiller mon copain –,I don’t want to wake up my friend,61,1006
2200,satellite,nm,satellite,on aurait sûrement des images satellites animées –,we must surely have animated satellite imagery,51,1379
2201,ordinateur,nadj,computer,l’ordinateur est un outil tellement merveilleux –,the computer is such a marvelous tool,70,727
2202,fondé,"adj, nm, nf","founded, justified; agent, clerk",ce régime admirable est fondé sur l’honnêteté –,this admirable regime is founded on honesty,76,572
2203,blessé,nadj,injured,les blessés ont été transportés dans sept hôpitaux –,the injured were transported to seven hospitals,52,1356
2204,municipal,adj,municipal,les élus municipaux méritent notre respect –,elected municipal representatives deserve our respect,73,653
2205,salut,"intj, nm","salute, hi, bye","salut, ma chérie –","hi, dear",56,1199
2206,songer,v,to dream,ne songez pas à quitter le pays –,don’t even dream of leaving the country,66,859
2207,enfance,nf,childhood,"depuis ma tendre enfance, je rêve de ce jour –",since early childhood I have been dreaming of this day,69,745
2208,là-dessus,adv,"on top, about it",j’aimerais connaître son opinion là-dessus –,I would like to know her opinion on the topic,72,684
2209,merveilleux,adj(pl),"marvellous, wonderful",je vous souhaite une merveilleuse journée –,I wish you a wonderful day,73,645
2210,sien,nadj,"his, hers",la patrie vit les meilleurs des siens mourir en la défendant –,the motherland saw her best die in her defense,68,778
2211,commenter,v,to comment,laissez moi une chance de commenter ce que vous avez dit –,let me have a chance to comment on what you said,74,607
2212,inciter,v,"to incite, encourage",cela incitera les compagnies à poursuivre leurs recherches –,this will encourage companies to pursue research,75,574
2213,prière,nf,prayer,"alors, fais correctement ta prière –",then pray correctly,78,506
2214,nécessiter,v,"to require, necessitate",des situations extraordinaires nécessitent un acte extraordinaire –,extraordinary situations require extraordinary action,73,634
2215,urbain,adj,urban,je vis en milieu urbain –,I live in an urban setting,75,568
2216,musée,nm,museum,je suis allé faire un tour au musée –,I took a look through the museum,76,556
2217,pluie,nf,rain,"les jours de pluie, nous restions à la maison –",on rainy days we stayed inside the house,67,814
2218,précaution,nf,precaution,t’as pris tes précautions? –,have you taken precautions?,81,424
2219,anticiper,v,"to anticipate, foresee, look or think ahead",je n’avais pas anticipé une telle reprise –,I didn’t anticipate such a recovery,81,425
2220,cheval,nm,horse,Napoléon lui-même est tombé de son cheval –,Napoleon himself even fell off his horse,66,853
2221,communiqué,nm,"communiqué, release, statement",le communiqué a été distribué aux journalistes –,the communiqué was distributed to the journalists,52,1335
2222,suicide,nm,suicide,"arrêt cardiaque, suicide, on ne savait pas –","heart attack, suicide, we didn’t know",83,379
2223,rivière,nf,river,laissez la rivière faire son travail –,let the river do its work,84,356
2224,avertir,v,to warn,pourquoi ne m’avais-tu pas averti? –,why didn’t you warn me?,74,594
2225,rédaction,nf,"writing, composition",j’ai terminé la rédaction de ma thèse –,I finished writing my thesis,74,601
2226,enceinte,"adjf, nf",pregnant; enclosure,je suis enceinte de six mois –,I am six months pregnant,78,494
2227,substance,nf,substance,telle est son essence et sa substance –,such is its essence and its substance,68,779
2228,soigner,v,"to treat, look after, take care over","toi, va soigner ton chien –","you, go take care of your dog",79,471
2229,récit,nm,"account, narrative","le soir, j’écoutais les récits de Robert –","that evening, I listened to Robert’s stories",62,945
2230,revendication,nf,"claim, demand",on parle souvent de revendications historiques –,we often speak of historical claims,77,522
2231,incroyable,nadj(f),"incredible, unbelievable","moi, j’ai passé une nuit incroyable –","me, I had an incredible night",71,693
2232,sondage,nm,poll,ce sondage représente la désinformation pure et simple –,this poll represents pure and simple disinformation,66,820
2233,mineur,nadj,minor; miner,les mineurs sont devenus fous –,the miners went crazy,77,525
2234,composition,nf,"composition, essay, dialling",le roman se développe comme une composition musicale –,the novel unfolds like a musical composition,80,440
2235,débarrasser,v,"to clear, get rid of",,,,
2236,accusation,nf,"accusation, indictment",il s’agit d’une accusation très grave –,it’s a very grave accusation,67,793
2237,invitation,nf,invitation,nous lui enverrons bien sûr une invitation –,of course we will send her an invitation,83,359
2238,présidentiel,adj,presidential,l’administration présidentielle sort sa batterie de combat –,the president’s administration brought out its big guns,55,1179
2239,concurrent,nadj,"competitor, rival",c’est un concurrent politique –,he’s a political rival,76,537
2240,prévu,nadj,planned,la période actuelle prévue est de 92 ans –,the currently planned period is 92 years,77,528
2241,suisse,nadj(f),Swiss,l’économie suisse a glissé dans une légère récession –,the Swiss economy slid into a slight recession,53,1271
2242,franchement,adv,frankly,"franchement, cela ne m’étonne pas –",frankly that doesn’t surprise me,79,474
2243,paiement,nm,payment,• la firme me réclame le paiement d’une,,,
2244,comparaison,nf,comparison,il n’y a pas de comparaison avec l’Afrique –,there’s no comparison with Africa,74,584
2245,musulman,nadj,"Muslim, Moslem",je consacre toute mon énergie aux déplacements –,I spend all my energy in traveling,77,503
2246,déplacement,nm,"movement, displacement, trip, travel",je consacre toute mon énergie aux déplacements –,I spend all my energy in traveling,77,503
2247,légal,adj,"legal, lawful","à l’époque, il était légal de battre sa femme –","at the time, it was legal to beat one’s wife",76,541
2248,dispositif,nm,"device, apparatus",il y a un dispositif d’urgence –,there’s an emergency apparatus,62,931
2249,constitutionnel,nadj,constitutional,je suis un praticien du droit constitutionnel –,I practice constitutional law,62,945
2250,contrainte,nf,constraint,les banques ont été contraintes de fermer leurs guichets –,the banks had to close their teller stations,71,672
2251,tarder,v,to delay,je ne vais pas tarder à y aller –,I’m going there without delay,80,439
2252,refaire,v,"to redo, make again",tu sais que ta mère avait refait la salle de bains –,you know that your mother redid the bathroom,74,583
2253,pleurer,v,to cry,promets-moi que tu ne pleureras pas à mon enterrement –,promise me that you won’t cry at my funeral,59,1060
2254,débattre,v,"to discuss, debate",nous ne sommes pas les seuls à débattre de cette question –,we’re not the only ones to debate this question,65,841
2255,immigration,nf,immigration,son passeport portait un cachet d’immigration –,his passport had an immigration stamp,65,837
2256,cancer,nm,cancer,l’apparition de certains cancers peut être affectée par le mode de vie –,the onset of certain cancers can be affected by lifestyle,71,669
2257,lâcher,v,"to let go, release",je vous ai dit de lâcher ces couteaux –,I told you to let go of those knives,61,979
2258,cercle,nm,"circle, cycle",comment sortir de ce cercle vicieux? –,how to escape this vicious cycle?,75,562
2259,génétique,nadj(f),genetic,l’effet génétique des radiations est cumulatif –,the genetic effect of radiation is cumulative,54,1217
2260,importation,nf,import,le Japon envisage de s’ouvrir aux importations de riz –,Japan plans to open itself to rice imports,63,899
2261,tonne,nf,ton,ils mangent des millions de tonnes de poisson –,they eat millions of tons of fish,66,819
2262,dieu,"intj, nm",god,"aujourd’hui, les vrais dieux sont en colère –",today the real gods are angry,58,1078
2263,référendum,nm,referendum,ils se préparent à un référendum –,they’re preparing for a referendum,67,789
2264,perdu,nadj,"lost, stray, wasted",ça ne sera pas du temps perdu –,it won’t be wasted time,77,497
2265,obligé,nadj,"necessary, required",vous n’êtes pas obligés de me donner une réponse –,you’re not obligated to respond to me,78,482
2266,visiteur,nm,visitor,nous avons des visiteurs. de très grands visiteurs! –,we have visitors. very important visitors!,84,329
2267,remporter,v,"to take away, win",l’autorité revenait à celui qui remportait la victoire –,the authority was conferred on the one who won the victory,57,1094
2268,rond,nadj,round,"il a le visage rond, le nez cassé –","he has a round face, a crooked nose",72,643
2269,étage,nm,floor,elle est tombée du troisième étage en secouant un tapis –,she fell from the third floor while shaking out a rug,71,678
2270,intense,adj(f),"intense, severe, dense",elle me faisait vivre des moments intenses –,she made me experience intense moments,81,402
2271,bébé,nadj(f),baby,elle va avoir un bébé –,she’s going to have a baby,69,732
2272,amitié,nf,friendship,l’amitié a remplacé la peur –,friendship replaced fear,66,805
2273,cinquante,"det, nmi",fifty,encore cinquante mètres et il tourna—à gauche –,fifty more meters and he turned—to the left,62,933
2274,zéro,nm,zero,"froid intense, très en dessous de zéro –","intense cold, far below zero",59,1043
2275,drame,nm,drama,• son æuvre est dominée par un drame personnel –,his work is dominated by a,,
2276,visible,adj(f),"visible, obvious","il a toujours des partenaires, visibles ou invisibles –",there are always visible or invisible partners,76,527
2277,haine,nf,"hatred, hate",l’amour se change en haine –,love changes to hatred,75,565
2278,instance,nf,"authority, proceedings, hearing",j’ai perdu un première instance –,I lost a first hearing,71,670
2279,cérémonie,nf,ceremony,je participai pendant une heure à une cérémonie sacrée –,I attended a sacred ceremony for an hour,67,770
2280,ambition,nf,ambition,je n’avais aucune ambition d’écrire des livres –,I didn’t have any ambition to write books,74,581
2281,recourir,v,"to turn to, run again","voyons, qui recourrait aux tirs d’artillerie? –",let’s see—who resorted to artillery fire?,71,675
2282,sanction,nf,sanction,le Congrès américain vote des sanctions contre l’Afrique du Sud –,the American Congress is voting on sanctions against South Africa,62,925
2283,géant,nadj,"giant, gigantic",un écran géant avait été installé face à la tribune –,a giant screen was installed before the gallery,71,649
2284,jardin,nm,garden,la promenade au jardin le calma un peu –,a stroll through the garden calmed him a little,62,928
2285,nourriture,nf,food,"leur nourriture, c’est l’herbe –",their food is grass,77,493
2286,engendrer,v,"to father, breed, generate",la violence engendre la violence –,violence breeds violence,75,566
2287,infrastructure,nf,infrastructure,les infrastructures sont dans une situation bien pire –,the infrastructure is in a much worse condition,65,840
2288,adversaire,"nm, nf","opponent, adversary",on élimine son adversaire en le touchant –,adversaries can be eliminated by touching them,74,569
2289,africain,nadj,African,il se sent avant tout africain –,he feels most of all African,60,987
2290,royal,adj,royal,préfères-tu une escorte royale? –,would you prefer a royal escort?,63,885
2291,mobile,nadj(f),"mobile, portable",les organisateurs louent des toilettes mobiles –,the organizers rented portable toilets,78,470
2292,significatif,adj,significative,le mystère me paraît plus significatif que le secret –,mysteries seem more significant to me than secrets,73,610
2293,circulation,nf,"circulation, traffic",la circulation des trains locaux a été suspendue –,local train service has been suspended,69,710
2294,cotisation,nf,subscription,les cotisations doivent augmenter –,subscriptions must increase,52,1274
2295,entente,nf,"understanding, agreement",je sais quelle entente il y a entre Robert et toi –,I know about the agreement you and Robert have,56,1121
2296,cheveu,nm,hair,"elle avait de longs cheveux bouclés, toujours bien peignés –","she had long curly hair, always well brushed",58,1047
2297,ralentir,v,to slow down,je vais pas ralentir. je vais même accélérer –,I’m not gonna slow down. I’m even gonna accelerate,79,441
2298,cadeau,nm,"present, gift",je lui ai apporté un cadeau –,I brought her a present,72,625
2299,affirmation,nf,"assertion, affirmation",j’ai été étonnée de cette affirmation –,I was stunned by this statement,81,395
2300,requérir,v,to require,cela requiert sans doute un certain effort –,this will undoubtedly require some effort,70,680
2301,destination,nf,destination,quelle est votre destination rêvée? –,what is your dream destination?,53,1233
2302,stabilité,nf,stability,je veille à la stabilité du continent –,I watch over the stability of the continent,67,757
2303,louer,v,"to rent, praise",elle pourrait louer une cabane au bord de la mer –,she could rent a cabin by the seashore,78,461
2304,gars,nm(pl),guy,t’es un gars sympa –,you’re a cool guy,55,1149
2305,fleur,nf,flower,on t’a apporté tes fleurs préférées –,we’ve brought you your favorite flowers,61,932
2306,agriculteur,nm,farmer,j’ai moi-même été agriculteur –,I was a farmer myself,55,1159
2307,poète,nm,poet,j’ai découvert que j’étais poète –,I found out I was a poet,69,718
2308,fabrication,nf,"manufacture, production","après ces deux échecs, la fabrication fut abandonnée –","after these failures, production was abandoned",77,496
2309,vin,nm,wine,"du vin, s’il vous plaît –","wine, please",69,706
2310,soudain,"adj, adv","sudden, suddenly",j’étais soudain libre –,suddenly I was free,56,1090
2311,balle,nf,"ball, bullet",les balles sifflaient au-dessus d’eux –,bullets were whining above them,62,908
2312,inflation,nf,inflation,l’inflation est en train de devenir un problème –,inflation is becoming a problem,59,1001
2313,sec,"adj, adv, nm",dry,j’ai les yeux secs –,my eyes are dry,68,718
2314,arrêté,nadj,"decree, order",cet arrêté prend effet à compter du 1 mai prochain –,this decree will go into effect on May 1,70,668
2315,enfermer,v,to shut,il alla s’enfermer dans sa cabine sans dire un mot –,without a word he went to shut himself inside his cubicle,,
2316,abattre,v,"to pull down, kill, beat",le jeune homme a été abattu par la police –,the young man was killed by the police,71,656
2317,paysan,nadj,"farmer, peasant",je donnerais tout pour être un simple paysan –,I would give anything to be a simple peasant boy,64,839
2318,transition,nf,transition,la transition a démobilisé les forces sociales –,the transition demobilized the social forces,73,605
2319,humanitaire,adj(f),humanitarian,"l’aide humanitaire est, certes, nécessaire –","humanitarian aide is, of course, necessary",63,863
2320,répandre,v,"to spread, spill",la lumière du couloir se répandait dans la chambre –,light from the hall spilled into the room,75,534
2321,adoption,nf,"adoption, passing",je propose l’adoption de cette motion –,I propose to accept this motion,58,1037
2322,adorer,v,"to adore, worship",elle adorait sa grand-mère maternelle –,she adored her maternal grandmother,62,907
2323,appartement,nm,"appartment, flat",j’aimerais bien acheter un appartement –,I would really like to buy an apartment,73,582
2324,session,nf,session,il y a seulement eu une session de débriefing –,there was only one debriefing session,67,755
2325,entamer,v,to start,nous entamons notre descente –,we are beginning our descent,68,738
2326,ménage,nm,"housekeeping, housework",j’ai un peu de ménage à faire pour l’instant –,I have some housework I need to do now,74,555
2327,purement,adv,purely,ma démarche est purement professionnelle –,my interest is purely professional,79,432
2328,enjeu,nm,stake,c’est un enjeu de taille pour les femmes –,a great deal is at stake for women,67,746
2329,passager,nadj,"passenger, temporary",les 287 passagers ont probablement tous péri –,all the 287 passengers likely perished,71,639
2330,transformation,nf,"transformation, change",la recherche scientifique est constamment en transformation –,scientific research is constantly changing,72,612
2331,calculer,v,to calculate,j’ai conçu un autre ordinateur pour calculer cela –,I designed another computer to calculate that,72,605
2332,misère,nf,"poverty, misery",il y a trop de misère et trop de crimes –,there’s too much poverty and too much crime,74,559
2333,légèrement,adv,"lightly, slightly",elle baissa légèrement la vitre –,she slightly lowered the window,69,690
2334,écraser,v,"to crush, grind",nous écraserons toute armée qu’on enverra contre nous –,we will crush any army sent against us,72,604
2335,enrichir,v,"to expand, enrich, make somebody rich",ces différences enrichissent notre pays –,these differences enrich our country,84,318
2336,restaurant,nm,restaurant,j’avais pensé l’emmener au restaurant –,I thought about taking her out to the restaurant,79,441
2337,destin,nm,"fate, destiny",le destin joue parfois de sales tours –,destiny sometimes plays dirty tricks,69,684
2338,discrimination,nf,discrimination,ils ont toujours été victime de discrimination –,they have always been victims of discrimination,67,746
2339,certitude,nf,certainty,il est impossible de prévoir avec certitude où nous en arriverons –,it’s impossible to foretell with certainty where we’ll end up,77,485
2340,huile,nf,oil,faire chauffer l’huile dans une poêle –,heat up the oil in a pan,84,322
2341,sacré,nadj,sacred,je dois vous charger d’une mission sacrée –,I have to confer a sacred mission upon you,72,616
2342,autonomie,nf,autonomy,nous voulons conserver notre autonomie –,we want to keep our autonomy,73,580
2343,sac,nm,"bag, sack",tu as besoin de 4 sacs à dos de livres? –,you need 4 backpacks of books?,62,882
2344,stock,nm,"stock, to supply",il conserve et protège nos stocks de poisson –,he keeps and protects our stock of fish,72,608
2345,invoquer,v,to call upon,le gouvernement tentera d’invoquer deux excuses –,the government will try to make two excuses,63,866
2346,compromettre,v,to compromise,le premier ministre a compromis le processus de paix –,the prime minister compromised the peace process,81,394
2347,arracher,v,"to pull up, tear up",ils lui ont arraché sa caméra –,they yanked his camera away from him,68,700
2348,sombre,adj(f),dark,la nuit était fort sombre –,the night was very dark,66,757
2349,barre,nf,"bar, rod","prends la barre! comme ça, tu tomberas pas –",hold onto the bar! that way you won’t fall,79,427
2350,contradiction,nf,contradiction,il y a une contradiction entre les deux –,there’s a contradiction between the two,72,603
2351,maîtriser,v,"to control, overcome, master",il fallait aussi démontrer qu’on maîtrisait deux langues étrangères –,we also had to demonstrate mastery of two foreign languages,77,469
2352,violer,v,"to rape, infringe",j’ai pas envie de me faire violer –,I don’t want to get raped,76,495
2353,souveraineté,nf,sovereignty,nous avons abandonné la souveraineté sur notre propre monnaie –,we abandoned the sovereignty of our own money,75,539
2354,épargner,v,"to save, spare",j’espérais épargner cette infortune à mon fils –,I was hoping to spare my son this misfortune,80,403
2355,concentration,nf,concentration,"il perd sa concentration, donc son sens –",he loses his concentration and therefore his reason,74,538
2356,téléphonique,adj(f),telephone,le service téléphonique est un lien de sécurité –,telephone service is a connection for safety,51,1230
2357,remise,nf,"presentation, delivery",c’est la remise en ordre du clan au pouvoir –,it’s the overhauling of the clan in power,69,674
2358,mec,nm,guy,"vous faites quoi les mecs, ce soir? –",what are you guys doing tonight?,51,1246
2359,solidarité,nf,solidarity,y a-t-il une solidarité assez forte entre les groupes? –,is there a fairly strong solidarity between groups?,64,820
2360,restreindre,v,"to restrict, cut down, decrease",il a restreint les travaux du comité à trois jours –,he restricted the committee’s work to three days,77,482
2361,décennie,nf,decade,cet objectif sera atteint en quelques décennies –,this goal will be achieved in a few decades,70,644
2362,aussitôt,adv,"straight away, immediately",on décida aussitôt de dîner ensemble –,we immediately decided to have supper together,62,878
2363,officiellement,adv,officially,je suis officiellement une étudiante en première année –,I am officially a first-year student,67,719
2364,chasser,v,"to hunt, chase away",l’ennemi devait être chassé de chez nous –,the enemy had to be chased from our home,74,551
2365,dîner,"nm, v",dinner; to dine,le dîner sera bientôt prêt –,supper will be ready soon,62,871
2366,personnellement,adv,personally,j’en ai fait personnellement l’expérience –,I have had that experience myself,71,614
2367,fréquenter,v,"to frequent, go around with",je fréquente un homme riche –,I’m dating a rich man,80,415
2368,projeter,v,"to plan, project, throw out",on va projeter un autre film –,we’re going to show another film,83,346
2369,littéraire,nadj(f),literary,la poésie est beaucoup plus qu’un genre littéraire –,poetry is much more than a literary genre,57,1030
2370,présider,v,to preside,il présidait ses repas –,he presided over her meals,70,646
2371,fortune,nf,fortune,elle ne dépendait ni de la fortune ni du succès –,she depended neither on fortune nor on success,73,571
2372,malheureux,nadj(pl),"unhappy, miserable",tu es l’homme le plus malheureux que je connaisse –,you’re the most miserable man I know,70,638
2373,numérique,adj(f),numerical,il faut faire appel à des simulations numériques –,we need to refer to digital simulations,46,1414
2374,combattant,"adj, nm",fighter,vous êtes les combattants les mieux entrainés –,you are the best-trained combattants,65,794
2375,soupçonner,v,to suspect,"comme elle le soupçonnait, il souffrait de douleurs –","since she suspected him, he suffered pain",69,668
2376,merde,"intj, nf","sh*t, crap",je vois ton genou dans une merde de chien –,I see your knee’s in a pile of dog sh*t,46,1403
2377,entrepreneur,nm,"contractor, entrepreneur",l’entrepreneur et le marchand détruisent la forêt –,the entrepreneur and the merchant are destroying the forest,74,536
2378,exposition,nf,"exhibition, show",ça sera ta meilleure exposition –,this will be your best showing yet,67,720
2379,marchand,nadj,merchant,la marine marchande a été la clé de la victoire –,the merchant marine was the key to victory,71,605
2380,cri,nm,"shout, cry",sa déclaration a été saluée par des cris de joie –,his declaration was greeted with shouts of joy,64,813
2381,féminin,nadj,feminine,j’adore créer les personnages féminins –,I love creating female characters,73,577
2382,désert,"adj, nm","desert, wilderness",ils font fleurir le désert et fonctionner la démocratie –,they’re making the desert blossom and democracy flourish,67,710
2383,vêtement,nm,"garment, item or article of clothing","ça, c’est un vêtement de marque –",this is a brand-name piece of clothing,73,555
2384,autrefois,adv,in the past,nous nous sommes aimés autrefois –,we loved each other once,68,700
2385,surmonter,v,"to overcome, top, surmount",nous pouvons surmonter ces obstacles –,we can overcome these obstacles,80,408
2386,marchandise,nf,"merchandise, commodity",la marchandise s’est vendue de façon incroyable –,the merchandise was sold out in an incredible manner,75,520
2387,autochtone,nadj(f),"native, indigenous peoples",nous pouvons répondre aux préoccupations des autochtones –,we can respond to the worries of the indigenous peoples,48,1344
2388,continent,"adj, nm",continent,le continent africain souffre de tous les maux –,the African continent suffers all the evils,71,603
2389,définitivement,adv,"definitely, permanently, for good",je m’étais définitivement métamorphosée en enfant sage –,I was permanently morphed into a well-behaved child,79,421
2390,heureusement,adv,"fortunately, luckily","heureusement, nous venons juste d’arriver –",luckily we have just arrived,73,562
2391,digne,adj(f),"dignified, worthy",ce n’est pas digne d’une dame –,that’s not something worthy of a woman,76,499
2392,guide,"nm, nf",guide,"tout seul, sans guide? –","alone, without a guide?",85,297
2393,tabac,nm,tobacco,les odeurs de tabac vous gênent? –,do tobacco smells bother you?,72,596
2394,rendement,nm,"yield, output",elles ne donnent pas le même rendement de lait –,they don’t produce the same yield of milk,63,816
2395,ampleur,nf,"extent, scope, range",une réflexion de grande ampleur s’impose –,wide-ranging thought is needed,73,550
2396,pleinement,adv,"fully, thoroughly",je suis pleinement d’accord avec elle –,I fully agree with her,74,527
2397,désastre,nm,disaster,le grand désastre était proche –,a big disaster was looming,83,335
2398,joli,adj,"pretty, attractive",les jolies petites secrétaires ne mentent jamais –,pretty little secretaries never tell a lie,57,1023
2399,promouvoir,v,to promote,il est toujours plus facile de promouvoir la haine que de la combattre –,it’s always easier to promote hate than to combat it,71,623
2400,écho,nm,echo,j’entendis l’écho d’un souvenir détesté –,I heard the echo of a repugnant memory,63,825
2401,fusion,nf,"fusion, melting, merging",ceci renforcera notre fusion organique –,this will reinforce our structural incorporation,76,495
2402,innovation,nf,innovation,les entreprises maintiennent leurs efforts d’innovation –,companies maintain their innovation efforts,72,589
2403,sélection,nf,selection,"notons que la sélection, dans ce contexte, signifie un tri –","note that selection, in this context, implies sorting",63,837
2404,confondre,v,"to mix up, confuse","je confonds peut-être, avec d’autres bourses –","I might be mixed up, with other stock markets",69,656
2405,honnête,adj(f),"honest, decent, fair",c’est un homme juste et honnête –,he’s a just and honest man,76,494
2406,tournant,"adj, nm","revolving, swivel, encircling, bend, turning point","c’est en ce moment, le tournant de ta vie –",this moment is the turning point of your life,82,349
2407,automobile,nadj(f),automobile,l’industrie automobile européenne est parfaitement compétitive –,the European automobile industry is perfectly competitive,64,791
2408,collectivité,nf,"community, group",les membres de la collectivité ont uni leurs efforts –,the co-op’s members united their efforts,55,1065
2409,record,nm,record,il avait atteint un nouveau record historique –,he has set a new historic record,63,816
2410,excessif,nadj,"excessive, inordinate",votre réaction est un peu excessive –,your reaction is somewhat excessive,80,383
2411,ridicule,nadj(f),"ridiculous, silly",c’est ridicule. n’y pense même plus –,that’s ridiculous. don’t even think about it any more,72,571
2412,modalité,nf,"mode, method, modality",il semble donc exister deux modalités de la vision –,there seem to be two ways that seeing works,79,414
2413,paquet,nm,packet,c’était un paquet de cigarettes anglaises –,it was a pack of English cigarettes,65,773
2414,fondation,nf,foundation,les fondations seront conçues après étude du sol –,the foundations will be formed after a soil study,72,579
2415,terroriste,"nm, nf",terrorist,le président condamne cet attentat terroriste –,the president condemned that terrorist attack,56,1015
2416,retrait,nadj,withdrawal,ces pays ont demandé un retrait volontaire des jouets –,these countries demanded a voluntary recall of the toys,61,879
2417,organe,nm,organ,"un peu jeune pour du trafic d’organes, non? –","a little young to be trafficking in organs, hey?",74,535
2418,protocole,nm,"etiquette, protocol",ce protocole a permis de découvrir de nouveaux antigènes –,this protocol enabled discovery of new antigens,58,960
2419,apparition,nf,"appearance, apparition",l’araignée a fait une nouvelle apparition –,the spider made a new appearance,71,591
2420,gain,nm,gain,c’est un gain net pour lui –,it’s a clear gain for him,67,706
2421,écran,nm,screen,ils voulaient installer un écran géant sur la place du village –,they wanted to install a huge screen in the village square,73,546
2422,sonner,v,to ring,une cloche sonna dans le lointain –,bells rang in the distance,67,694
2423,protester,v,to protest,"leurs gosses, ils n’osent plus protester –","their kids, they don’t dare protest any more",71,602
2424,curieux,nadj(pl),curious,j’étais trop curieuse –,I was too curious,71,593
2425,effacer,v,"to erase, clean","l’homme décide, la femme s’efface –","the man decides, the woman demurs",73,547
2426,débuter,v,to start,la descente a débuté une demi-heure plus tard –,the descent started a half-hour later,70,627
2427,creuser,v,to dig,ils entreprennent de creuser un tunnel –,they undertook the digging of a tunnel,77,444
2428,allusion,nf,allusion,le texte auquel vous faites allusion date de 1989 –,the text you are alluding to is dated 1989,76,487
2429,lancement,nm,launch,le lancement a été retardé par une météo défavorable –,the launch was postponed because of bad weather,64,774
2430,porteur,nm,"carrier, holder",je suis porteur d’une bonne nouvelle –,I’m the bearer of good news,57,987
2431,préalable,nadj(f),"prior, previous, preliminary, prerequisite",un inconnu avait au préalable averti le journal –,an anonymous source had previously warned the newspaper,78,422
2432,programmer,v,"to program, schedule",ils mêleront sons acoustiques et programmés –,they will mix acoustic and digital sounds,78,422
2433,traîner,v,"to drag, pull",elle me traîna à travers le plancher –,she dragged me across the floor,68,680
2434,domicile,nm,"home, place of residence",j’ai eu une urgence à domicile –,I had an emergency at home,69,643
2435,oiseau,nm,bird,j’ai vu un oiseau faire son nid –,I saw a bird making its nest,70,626
2436,quarante,"det, nmi",forty,"j’ai quarante ans, elle en a vingt-cinq! –","I’m forty years old, she’s twenty-five!",62,843
2437,sacrifice,nm,sacrifice,la ville a prévu un sacrifice humain –,the city was planning a human sacrifice,75,503
2438,barrière,nf,"fence, barrier, gate",il est difficile de franchir la barrière linguistique et de dialoguer –,it’s difficult to break the language barrier and to dialogue,81,352
2439,biais,nm(pl),"way, device; bias",nous devons attaquer ce problème par le biais de la législation –,we must attack this problem by way of legislation,74,516
2440,feuille,nf,"leaf, sheet, slip",l’arbre porte quelques feuilles –,the tree has some leaves,65,750
2441,délégation,nf,delegation,notre délégation a été accueillie à l’aéroport –,our delegation was welcomed at the airport,62,831
2442,épuiser,v,"to exhaust, tire out, wear out, use up",ils ont épuisé leurs ressources et veulent puiser dans les nôtres –,they exhausted their resources and wanted to dip into ours,79,393
2443,champion,nadj,champion,il deviendra un champion en un rien de temps –,he will become a champion in no time,56,987
2444,librement,adv,freely,seuls les piétons peuvent passer librement –,only pedestrians can pass through freely,83,313
2445,congé,nm,"holiday, time off, day off, notice","il vous faudra prendre un congé d’un mois, au moins –","you will have to take one month’s vacation, at least",81,360
2446,taxe,nf,tax,vous payez pas de taxes. vous payez pas d’impôts –,you don’t pay taxes. you don’t pay duties.,59,900
2447,onze,"det, nmi",eleven,il était onze heures du soir –,it was eleven o’clock at night,70,613
2448,téléphoner,v,"to telephone, phone, call",j’ai essayé de vous téléphoner chez vous –,I tried to telephone you at your place,76,476
2449,serrer,v,"to tighten, squeeze",elle serre les mains –,she clenches her fists,60,870
2450,caractériser,v,to characterize,une époque ne se caractérise pas seulement par ses idées –,an era is not only characterized by its ideas,72,572
2451,préparation,nf,preparation,un document à ce sujet est en préparation –,a document on this subject is in preparation,70,604
2452,inverse,nadj(f),"opposite, reverse",c’est l’inverse de ce que tu m’as raconté –,it’s the exact opposite of what you told me,74,522
2453,intituler,v,"to entitle, call",la séquence s’intitulera «Cinq minutes pour survivre» –,the sequence was entitled “Five minutes of survival”,73,535
2454,possession,nf,"possession, ownership",il était en possession de matériel d’intérêt –,he had targeted materials in his possession,78,425
2455,rejet,nm,rejection,le Soudan réaffirme son rejet absolu des menaces –,the Sudan reiterates its categorial rejection of threats,67,686
2456,enseignant,nadj,teacher,le métier d’enseignant n’est pas un métier comme les autres –,the teacher’s job is like none other,68,659
2457,avérer,v,"to prove to be, turn out","cette explication s’avéra la bonne, par la suite –",this explanation turned out the be the right one,78,424
2458,papa,nm,"dad, daddy",je t’aime aussi papa –,I love you too daddy,53,1070
2459,collaborateur,nm,"associate, fellow worker, contributor, collaborator",je remercie donc tous les collaborateurs –,so I thank all of the collaborators,76,465
2460,gêner,v,"to bother, trouble","tu vois, tu gênes tout le monde –","you see, you bother everybody",72,566
2461,technicien,nm,technician,"il faut des experts, des techniciens –","we need experts, technicians",81,363
2462,cycle,nm,cycle,le cycle de la violence peut être enrayé –,the cycle of violence can be broken,73,537
2463,accumuler,v,"to accumulate, amass, store, stockpile",les bombes atomiques s’accumulent –,atomic bombs are being stockpiled,77,438
2464,sauvage,nadj(f),"savage, wild",c’étaient des oiseaux sauvages –,they were wild birds,74,499
2465,alcool,nm,alcohol,limitez votre consommation d’alcool et de sucre –,limit your intake of alcohol and sugar,81,346
2466,prétexte,"nadj(f), nm",pretext,je pris prétexte de mon travail pour suspendre ces séances –,I used my job as an excuse to stop these meetings,74,499
2467,impressionnant,adj,"impressive, upsetting",la science évolue à une vitesse impressionnante –,science is evolving at an impressive speed,84,294
2468,scénario,nm,"scenario, script","j’ai reçu le scénario, je l’ai lu et j’ai adoré –","I received the screenplay, I read it, and I loved it",70,603
2469,électricité,nf,electricity,tu t’y connais en électricité? non –,do you know anything about electricity? no,69,621
2470,gratuit,adj,"free, gratuitous, unwarranted","hé, un spectacle gratuit! –","hey, a free show!",79,395
2471,révolutionnaire,nadj(f),revolutionary,je veux mourir en révolutionnaire –,I want to die as a revolutionary,71,587
2472,jambe,nf,leg,"elle s’assit, croisa les jambes, alluma une cigarette –","she sat, crossed her legs, lit a cigarette",59,900
2473,insuffisant,adj,"insufficient, inadequate",ce que nous avons accompli reste insuffisant –,what we accomplished is still inadequate,76,451
2474,privilège,nm,privilege,nous avons des droits et des privilèges –,we have rights and privileges,57,953
2475,week-end,nm,weekend,"que fais-tu, ce week-end? –",what are you doing this weekend?,63,789
2476,équivalent,nadj,equivalent,cela n’a pas d’équivalent avec les autres pays –,this has no equivalent in the other countries,61,824
2477,regrouper,v,"to group together, regroup",le ministre des Finances a regroupé tout ça dans un seul programme –,the finance minister regrouped all of that in a single program,71,586
2478,invité,nm,guest,les invités les plus attendus ne sont pas venus –,the most-anticipated guests didn’t show up,68,639
2479,militant,nadj,militant,nous ne sommes militants d’aucune organisation politique –,we are not the militants of any political organization,60,873
2480,participant,nadj,participant,il y avait une cinquantaine de participants –,there were some fifty participants,70,587
2481,blessure,nf,"injury, wound",ces problèmes sociaux sont des blessures qui ne sont pas encore guéries –,these social problems are wounds that remain unhealed,74,510
2482,privilégier,v,to favour,il refuse de privilégier les insurgés cubains! –,he refuses to legitimize the Cuban insurgents,70,606
2483,midi,nm,noon,mon père rentre pour le repas de midi –,my father’s going home for lunch,68,636
2484,disque,nm,disc,nous écoutions des disques en buvant du whisky –,we listened to records while drinking whisky,68,635
2485,couche,nf,"layer, coat",la couche d’ozone n’était pas menacée –,the ozone layer wasn’t threatened,58,918
2486,dater,v,to date,le dernier film concerné date de 1990 –,the last relevant film was made in 1990,77,437
2487,habituer,v,"to accustom, get used to","on s’habitue à tout, quand on est obligé –",you can get used to anything when you have to,76,453
2488,inévitable,adj(f),"unavoidable, inevitable",le terrorisme n’est jamais inévitable –,terrorism is never inevitable,82,335
2489,recommencer,v,"to resume, start again","recommence depuis le début, s’il te plaît –","start again from the beginning, please",67,672
2490,race,nf,"breed, race",elle n’est pas de ta race –,she’s not of your race,79,381
2491,vivement,adv,"sharply, brusquely, lively",le groupe socialiste soutient vivement tous les amendements –,the socialist group strongly supports all the amendments,72,543
2492,beauté,nf,beauty,je veux leur montrer la beauté de ma langue –,I want to show them the beauty of my language,61,816
2493,atmosphère,nf,atmosphere,j’aime bien l’atmosphère des pubs –,I really like the atmosphere in pubs,77,436
2494,épaule,nf,shoulder,je déteste regarder par-dessus mon épaule –,I hate looking back over my shoulder,54,1036
2495,amoureux,nadj(pl),"in love, amorous","moi, j’ai toujours été amoureux de toi –",I have always been in love with you,63,766
2496,circonscription,nf,"district, constituency",je viens d’une circonscription qui repose sur l’industrie de la forêt –,I come from an electoral district that relies on the forest industry,48,1221
2497,debout,adv,standing,"je ne peux pas rester debout, sans rien faire –","I can’t remain standing, doing nothing",60,843
2498,influencer,v,to influence,je n’influence pas la politique –,I don’t influence politics,75,482
2499,recul,nm,"backward movement, setback, slip","sur un an, le recul du chômage atteint 5 % –","in one year, the slip in unemployment reaches 5%",64,734
2500,mortel,nadj,"mortal, deadly, lethal",nous ne sommes que mortels. nous sommes tous humains –,we’re only mortals. we’re all humans.,77,437
2501,flux,nm(pl),flow,les flux mondiaux de migration se sont énormément développés –,worldwide migration flows have developed enormously,64,742
2502,horizon,nm,"horizon, skyline",mes yeux parcoururent cet horizon désert –,my eyes surveyed this desert horizon,71,556
2503,délivrer,v,"to set free, rid, relieve",il était temps de se délivrer de ce poids –,it was time to get rid of that burden,78,398
2504,subvention,nf,subsidy,nous accordons des subventions à l’industrie –,we provide subsidies to industry,60,833
2505,formel,adj,"formal, definite","la morale, quand elle est formelle, dévore –","morality, when it is formal, devours",78,397
2506,aggraver,v,"to worsen, aggravate",tous ces facteurs aggravent la situation –,all of these factors aggravate the situation,78,415
2507,lait,nm,milk,va prendre un verre de lait et fais tes devoirs –,go get a glass of milk and do your homework,76,447
2508,alimenter,v,"to feed, supply",j’alimentais ma peur en mangeant –,I fed my fears by eating,78,409
2509,intelligent,adj,"intelligent, clever, bright",c’est un gars très intelligent –,he’s a very intelligent guy,73,504
2510,équilibrer,v,to balance,"pour être équilibrées, elles doivent être négociées –","to be balanced, they have to be negotiated",70,586
2511,bibliothèque,nf,library,il y avait une grande bibliothèque –,there was a large library there,70,578
2512,absurde,nadj(f),absurd,cela semble tout à fait absurde –,this seems completely absurd,76,454
2513,océan,nm,ocean,il repose au fond de l’océan –,it’s sitting on the bottom of the ocean,76,438
2514,quelques-uns,pro,"some, a few",j’ai retrouvé quelques-uns de ces poèmes –,I recovered some of these poems,76,448
2515,dicter,v,"to dictate, lay down","écris ce que je te dicte, mot pour mot –","write down what I dictate to you, word for word",84,274
2516,tenant,nadj,"tenant; incumbent, holder","à ma gauche, le tenant du titre –","on my left, the record-holder",81,330
2517,stable,adj(f),stable,l’univers est stable et l’homme y aura toujours sa place –,the universe is stable and mankind will always have its place,72,534
2518,capitaine,nm,captain,il est mort. le capitaine est mort –,he died. the captain is dead,63,758
2519,solliciter,v,"to request, solicit, appeal",elle sollicite un visa pour aller à La Mecque –,she applied for a visa to go to Mecca,80,358
2520,convoquer,v,"to call, summon",vous serez convoquée au commissariat –,you will be summoned to the police office,76,452
2521,prévention,nf,"prevention, custody",nous faisons de la prévention auprès des jeunes enfants –,we’re being preventive with our young children,70,568
2522,terrestre,adj(f),"land, earth",les frontières terrestres et les aéroports sont fermés –,the border crossings and airports are closed,78,407
2523,utilisateur,nadj,user,éditez le dictionnaire utilisateur pour le réduire à 10.000 mots maximum –,"edit the user dictionary to reduce it to at most 10,000 words",47,1216
2524,obligatoire,adj(f),"mandatory, compulsory",la quarantaine est obligatoire –,the forty-hour work week is mandatory,68,625
2525,terminal,nadj,terminal,il demande une nouvelle retransmission au terminal sémaphore distant –,it requires a new retransmission to the remote signal terminal,44,1321
2526,choquer,v,"to shock, offend, shake, disturb","personnellement, ces mesures ne me choquent pas –","personally, these measures don’t shock me",79,375
2527,primaire,nadj(f),primary,un hôpital et une école primaire ont été détruits –,a hospital and an elementary school were destroyed,70,569
2528,vital,adj,vital,surveille les signes vitaux –,keep an eye on the vital signs,80,355
2529,destinée,nf,"fate, destiny","notre destination, c’est aussi notre destinée –",our destination is also our destiny,83,296
2530,patrimoine,nm,"heritage, assets",vous voulez protéger une partie de votre patrimoine –,you want to protect a part of your heritage,67,643
2531,conforme,adj(f),conform,la construction était conforme aux plans produits –,the construction followed the specifications,62,759
2532,adjoint,nadj,"assistant, deputy","choisissez un adjoint. deux, si besoin est –",choose an assistant. two if there’s a need,63,748
2533,ultime,adj(f),ultimate,cette station est à présent l’ultime puissance de l’univers –,this station is currently the ultimate power of the universe,80,358
2534,intégration,nf,integration,les immigrants ont payé leur intégration au prix fort –,the immigrants payed dearly for their integration,68,619
2535,rarement,adv,"rarely, seldom",ma mère me punissait rarement –,my mother rarely punished me,76,431
2536,couler,v,"to flow, run, sink",elle regardait silencieusement couler ces larmes –,she watched tears flow silently,68,630
2537,diversité,nf,diversity,"la richesse de la France, c’est sa diversité culturelle –",France’s richness is its cultural diversity,65,702
2538,amuser,v,to amuse,il faut s’amuser un peu dans la vie –,you have to have a little fun in life,61,806
2539,complémentaire,adj(f),"complementary, supplementary",j’ai des informations additionnelles et complémentaires à fournir –,I have additional and complementary information to present,70,572
2540,satisfaisant,adj,"satisfactory, satisfying",je ne trouvais pas d’emploi satisfaisant en région –,I wasn’t finding any satisfying work in the area,70,573
2541,accueil,nm,"welcome, reception",l’émission a reçu un très bon accueil –,the broadcast was very well received,77,422
2542,camion,nm,truck,ils ont trouvé le camion stationné à l’extérieur –,they found the truck parked outside,71,544
2543,douloureux,adj(pl),"painful, grievous, distressing",les témoignages étaient douloureux à entendre –,the testimony was sometimes painful to listen to,79,365
2544,glisser,v,"to slide, slip",il glisse sa main dans sa poche –,he slips his hand into his pocket,60,814
2545,prêtre,nm,priest,le prêtre lève alors les bras au ciel –,then the priest raises his arms to the heavens,69,590
2546,indication,nf,indication,suis mes indications à la lettre –,follow my instructions precisely,50,1109
2547,exagérer,v,"to exaggerate, overdo",peut-être a-t-on tout simplement exagéré –,maybe we just exaggerated,82,310
2548,décès,nm(pl),death,le suicide est une forme de décès –,suicide is a form of death,67,625
2549,parisien,nadj,Parisian,"son état était psychologique, pas physique –","his condition was psychological, not physical",80,349
2550,psychologique,adj(f),psychological,"son état était psychologique, pas physique –","his condition was psychological, not physical",80,349
2551,réviser,v,"to review, revise, overhaul",j’ai révisé votre plan de vol –,I revised your flight plan,81,329
2552,profil,nm,"profile, outline, contour",il n’a pas le profil du Père Noël –,he doesn’t have the profile of Santa Claus,81,327
2553,rater,v,"to miss, misfire",vous avez raté tout l’opéra –,you missed the whole opera,73,492
2554,respectif,adj,respective,nous ne parlerons plus de nos amours respectives –,we will no longer speak of our respective loves,82,304
2555,tranquille,adj(f),quiet,"laisse-le tranquille, reste tranquille –","leave it alone, settle down",61,779
2556,registre,nm,"log, register, registry",nous avons réclamé un registre des délinquants sexuels –,we have called for a sexual offenders registry,78,380
2557,contemporain,nadj,contemporary,ce n’était pas un langage contemporain –,it wasn’t a modern language,62,748
2558,exclusif,nadj,"exclusive, sole",je suis son amour exclusif –,I’m his only love,84,270
2559,performance,nf,performance,la performance d’hier est simplement fa-buleu-se –,yesterday’s performance was simply fa-bu-lous!,68,601
2560,angle,nm,"angle, point of view",on a fait l’analyse sous deux angles –,the analysis was made from two angles,76,424
2561,divorce,nm,divorce,70 % des divorces sont motivés par la toxicomanie du conjoint –,70% of divorces are caused by drug addiction,82,302
2562,fermeture,nf,closing,c’est l’heure de fermeture. la piscine est fermée –,it’s closing time. the pool’s closed,74,472
2563,affaiblir,v,to weaken,"il ne mange rien, il s’affaiblit –","he’s not eating anything, he’s weakening",77,403
2564,constamment,adv,"constantly, continuously, consistent",notre corps bouge constamment –,our body moves constantly,75,448
2565,horreur,nf,horror,j’ai horreur des silences pesants –,I abhor pregnant silence,68,603
2566,envahir,v,"to invade, overrun",un désespoir sinistre envahissait son esprit –,a dark despair invaded her mind,77,403
2567,pétrolier,nadj,oil; oil tanker,des dizaines de sites pétroliers sont occupés –,dozens of oil rigs have been occupied,61,768
2568,faculté,nf,"ability, right, option; faculty, university",sa faculté de travail est énorme –,his capacity for work is enormous,75,445
2569,brillant,"adj, nm",brilliant,"en plus, c’est une personnalité brillante, intelligente, sympathique –","moreover, he’s a brilliant, intelligent, likable person",74,458
2570,pacte,nm,"pact, treaty",il y avait un pacte entre nous –,there was a pact between us,77,409
2571,suspect,nadj,"suspicious, suspect",les suspects sont armés et très dangereux –,the suspects are armed and very dangerous,66,647
2572,lent,adj,slow,un prêtre s’avance à pas lents –,a priest walked slowly forward,71,533
2573,assistance,nf,"attendance, assistance",il a été chaudement applaudi par l’assistance –,he was warmly applauded by the audience,71,537
2574,négliger,v,to neglect,il ne faut négliger absolument aucun détail –,absolutely no detail must be overlooked,79,363
2575,injuste,adj(f),"unfair, unjust",ce qui leur arrive ainsi est injuste –,what happens to them is unjust,75,450
2576,plaider,v,to plead,il vous a envoyé plaider sa cause? –,he sent you to plead his case?,74,459
2577,récompenser,v,"to reward, recompense",il récompensait mes efforts d’un compliment –,he rewarded my efforts with a compliment,84,262
2578,suppression,nf,"deletion, suppression",Lucent avait annoncé la suppression de 900 emplois –,Lucent announced a reduction of 900 jobs,66,639
2579,coupure,nf,"cut, cutting",il y a eu une coupure de courant –,there was a power blackout,77,408
2580,glace,nf,"ice, ice cream; mirror",j’aime manger des glaces –,I like eating ice cream cones,69,580
2581,gare,"intj, nf","station, railway station; beware",on retrouve le mec à la gare –,the guy was found at the train station,68,590
2582,drapeau,nm,flag,le drapeau est plus qu’un simple bout de tissu –,the flag is more than a simple piece of cloth,70,552
2583,réparer,v,"to repair, fix, correct, make up",il est plombier. il répare les conduites d’eau –,he’s a plumber—he repairs water pipes,77,398
2584,sensibilité,nf,"sensitivity, sensibility",mettons ta sensibilité à l’épreuve –,let’s put your good sense to the test,80,350
2585,jaune,"adv, nadj(f)",yellow,ils regardent avec confiance les murs jaunes –,they look confidently at the yellow walls,67,614
2586,existant,adj,existing,cela constitue une atteinte aux traités existants –,this is an attack on existing treaties,69,561
2587,procureur,nm,prosecutor,"Michael était procureur adjoint, à l’époque –",Michael was a deputy prosecutor at the time,61,760
2588,informatique,nadj(f),"computer science, computing",je veux faire mon bac en informatique –,I want to get a bachelor’s degree in computer science,69,581
2589,restriction,nf,restriction,nous sommes aussi en faveur de cette restriction –,we’re also in favor of this restriction,72,515
2590,pacifique,adj(f),"peaceful, peace-loving",il est retombé dans l’Océan pacifique –,it sank into the Pacific Ocean,79,367
2591,bête,nadj(f),"animal, beast; stupid",laissez cette petite bête tranquille –,let this little critter alone,61,766
2592,indicateur,nadj,indicator,on se réfère aux indicateurs entrée des commandes –,check the data input lights,50,1072
2593,racine,nf,root,il n’a jamais oublié ses racines –,he never forgot his roots,75,432
2594,compenser,v,"to compensate for, make up for",le gouvernement entend-il compenser totalement ces pertes? –,does the government intend to totally compensate for these losses?,73,489
2595,maritime,adj(f),maritime,je viens d’une ville maritime –,I come from a maritime city,68,590
2596,gravité,nf,"seriousness, solemnity, graveness, gravity","la gravité, ce n’est pas vraiment mon style –",seriousness is not really my style,80,331
2597,pénétrer,v,to penetrate,il est très difficile de pénétrer dans le monde des vraies gitanes –,it’s very difficult to penetrate the world of real Gypsies,70,552
2598,civilisation,nf,civilization,on cherchait des signes de civilisation –,we were looking for signs of civilization,74,466
2599,rouler,v,to roll,il est difficile de réfléchir en roulant –,it’s difficult to reflect on things while driving,63,712
2600,technologique,adj(f),technological,il en résultera un influx technologique –,this will result in a technological explosion,71,531
2601,heurter,v,"to strike, hit, collide",j’ai heurté la voiture de ma femme –,I collided with my wife’s car,77,407
2602,football,nm,"football, soccer",j’ai beaucoup joué au football –,I played a lot of soccer,51,1039
2603,décevant,adj,disappointing,je trouvais très décevants les commentaires de nos journaux –,I was very disappointed by the commentary in our newspapers,88,192
2604,législation,nf,legislation,une législation européenne serait libérale par définition –,a European law would be liberal by definition,63,710
2605,approprier,v,"to adapt, appropriate, take over",dommage que les touristes anglais se l’approprient –,too bad the English tourists have taken it over,67,623
2606,tactique,nadj(f),"tactics, tactical",les Allemands avaient changé de tactique –,the Germans changed tactics,84,262
2607,thèse,nf,"thesis, argument",vous avez publié cette thèse? –,did you publish this thesis?,70,550
2608,acceptable,adj(f),"acceptable, satisfactory",une personne doit avoir un revenu acceptable –,a person must have a decent income,70,536
2609,surgir,v,to spring up,de Transylvanie surgit un chevalier roumain –,from Transylvania a Romanian knight suddenly appeared,75,442
2610,prince,nm,prince,je suis une princesse et je dois épouser un prince –,I’m a princess and I must marry a prince,66,644
2611,vidéo,"adji, nf",video,montre-lui tes nouveaux jeux vidéo –,show him your new video games,69,560
2612,semer,v,"to sow, scatter, spread",ça sème la confusion dans l’esprit des gens –,it sows confusion in people’s minds,82,303
2613,créateur,nadj,creator,il faut que les créateurs d’entreprises deviennent des employeurs –,entrepreneurs must become employers,69,572
2614,partenariat,nm,partnership,nous pouvons renforcer notre partenariat –,we can strenghten our partnership,65,652
2615,file,nf,"line, queue",les fichiers seront placés dans la file d’attente –,the files were placed in the queue,77,398
2616,chômeur,nm,unemployed person,je me suis retrouvé plus ou moins chômeur –,I found myself more or less unemployed,60,775
2617,correct,adj,correct,"d’accord, ça me paraît correct –","OK, that seems correct to me",73,476
2618,cuisine,nf,"cooking, kitchen",je croyais que tu aimais la cuisine chinoise –,I thought you liked Chinese food,64,685
2619,succéder,v,"to succeed, take over",il est extrêmement difficile de lui succéder –,it’s extremely difficult to take over his position,72,497
2620,royaume,nm,kingdom,"au début, son royaume était de taille moyenne –","at first, his kingdom was of average size",74,452
2621,rebelle,nadj(f),"rebel, rebellious",la bande rebelle n’échappera pas à la justice –,the rebel band will not escape justice,55,893
2622,provenance,nf,"origin, strange",les investissements en provenance de l’extérieur diminuent –,investments from abroad are decreasing,65,657
2623,fumer,v,to smoke,j’ai déjà fumé deux cigarettes –,I had already smoked two cigarettes,68,572
2624,dessin,nm,"drawing, pattern, design",vous aimez les dessins animés? –,do you like cartoons?,68,583
2625,viande,nf,meat,"depuis, je ne mange plus de viande –","since then, I don’t eat any meat",75,425
2626,paramètre,nm,parameter,le commutateur d’origine fixe les paramètres –,the master switch sets the parameters,45,1223
2627,gré,nm,liking,je vous sais gré de votre compréhension –,I am grateful that you have understood,79,359
2628,dessous,"adv, nm(pl), prep","underneath, below, bottom, underside",il retira la main de dessous sa chemise –,he pulled his hand out from underneath his shirt,75,424
2629,voyageur,nadj,traveler,c’est un voyageur chevronné –,he’s an accomplished traveler,70,539
2630,réaliste,nadj(f),"realist, realistic",la reproduction est absolument réaliste –,the reproduction is absolutely realistic,77,387
2631,condamnation,nf,condemnation,le jury doit prononcer sa condamnation vendredi –,the jury must sentence him on Friday,68,589
2632,similaire,adj(f),similar,les relevés indiquent une atmosphère similaire à la nôtre –,the statements point to an atmosphere similar to ours,74,454
2633,employeur,nm,employer,l’employeur et les employés ont tous deux contribué –,both the employers and the employees contributed,59,783
2634,paysage,nm,"landscape, scenery, countryside",ma bibliothèque est mon paysage mental –,my library is my mental countryside,68,571
2635,discret,adj,"discreet, tactful, quiet",ils voulaient un mariage discret –,they wanted to have a low-key marriage,80,329
2636,longueur,nf,length,la longueur d’un document d’opérateur est arbitraire –,the length of an operator’s manual is arbitrary,63,700
2637,lentement,adv,slowly,il se mit à rouler lentement le long du trottoir –,he started rolling slowly along the sidewalk,64,665
2638,miracle,nm,miracle,les miracles arrivent tous les jours –,miracles happen every day,73,465
2639,déboucher,v,"to unblock, uncork",il déboucha la bouteille et nous servit –,he uncorked the bottle and served us,77,390
2640,illégal,adj,illegal,je veux m’assurer que cela devienne illégal –,I want to be sure that this becomes illegal,71,515
2641,expansion,nf,expansion,on est dans une ère d’expansion –,we’re in an era of expansion,70,527
2642,mutuel,adj,mutual,c’est un accord obtenu par consentement mutuel –,it’s an agreement obtained by mutual consent,83,278
2643,sage,nadj(f),"wise, good, sound, sensible",vous avez pris une sage décision –,you have made a wise decision,71,512
2644,commandement,nm,"command, order, commandment",vous avez transgressé le premier commandement –,you have broken the first commandment,69,550
2645,correspondant,nadj,correspondent,pas un envoyé spécial mais un correspondant permanent –,not a special envoy but a permanent correspondent,60,763
2646,grimper,v,"to climb, go up",tu peux grimper à la corde? –,can you climb a rope?,79,353
2647,pause,nf,"break, pause",nous allons prendre une pause pour le déjeuner –,we’re going to take a break for lunch,76,411
2648,répartition,nf,"distribution, spreading",je suis pour la répartition des tâches –,I’m for dividing up the tasks,67,604
2649,sacrifier,v,"to sacrifice, give away",il sacrifiera sa vie pour sauver la tienne –,he sacrificed his life to save yours,75,417
2650,chimique,adj(f),chemical,aujourd’hui ce qui est chimique est ressenti comme dangereux –,today what’s chemical is felt to be dangerous,69,544
2651,compétition,nf,competition,la compétition est donc très ouverte et féroce –,the competition is thus very open and ferocious,67,593
2652,combiner,v,"to combine, devise",vous avez réussi à combiner écologie et rentabilité –,you have succeeded in combining ecology and profitability,79,343
2653,touriste,"nm, nf",tourist,suis-moi et joue les touristes –,follow me and pretend to be tourists,73,466
2654,ravir,v,"to delight, rob",je suis ravi de vous voir –,I’m thrilled to see you,71,506
2655,pardon,nm,forgiveness,je suis venu pour te demander pardon –,I came to ask your forgiveness,57,837
2656,filet,nm,"dribble, trickle, wisp, streak, thread, fillet, net",le navire a même coupé ses filets –,the boat even cut his nets,79,338
2657,atomique,adj(f),atomic,comment survivre à une attaque atomique? –,how can one survive an atomic attack?,56,844
2658,contribuable,"nm, nf",taxpayer,ces études sont financées par les contribuables –,these studies are financed by the taxpayers,49,1060
2659,progressivement,adv,progressively,il commença à perdre progressivement la vue –,he gradually began to lose his sight,75,417
2660,progression,nf,progression,ces capacités sont en faible progression –,these capacities are progressing weakly,59,768
2661,nez,nm(pl),nose,le sang coulait de son nez sur ses vêtements –,blood flowed from his nose onto his clothing,62,710
2662,antérieur,nadj,"previous, earlier, front",j’ai connu le système judiciaire antérieur –,I knew the previous judiciary system,76,402
2663,inacceptable,adj(f),unacceptabe,"selon nous, c’est totalement inacceptable –","according to us, that’s totally unacceptable",68,569
2664,progressif,adj,progressive,nous avons effectivement un système progressif –,we do indeed have a progressive system,75,418
2665,adhésion,nf,"membership, support",l’adhésion des États candidats à l’Union européenne –,membership of the candidate states in the European Union,66,607
2666,portrait,nm,"portrait, photograph",il nous dit que nous sommes les portraits de Dieu –,he told us we are portraits of God,72,472
2667,détailler,v,to detail,j’ai reçu une lettre détaillée –,I received a detailed letter,71,490
2668,valable,adj(f),valid,"comme toute histoire valable, celle-ci concerne une fille –","like every worthwhile story, this one is about a girl",72,472
2669,coordination,nf,coordination,la coordination est considérée comme un problème de gestion –,coordination is considered a management problem,73,459
2670,sportif,nadj,"sports, athletic, competitive",il est jeune et sportif –,he’s young and athletic,65,625
2671,rose,"nadj(f), nf",rose; pink,j’ai regardé le ciel tout rose derrière les arbres noirs –,I watched the pink sky with black trees in the foreground,63,682
2672,quête,nf,"quest, pursuit, collection","au lycée, la quête de popularité est une guerre –","in high school, the pursuit of popularity is warfare",79,349
2673,compromis,nm(pl),"compromise, agreement",la vie est un compromis –,life is a compromise,68,556
2674,investisseur,nm,investor,les investisseurs semblaient satisfaits par les résultats –,the investors seemed satisfied by the results,65,630
2675,présumer,v,"to presume, assume",je présume que vous êtes carnivore –,I assume you’re a carnivore,63,673
2676,abandon,nm,"abandonment, desertion, withdrawal",c’est ce qu’on appelle un abandon de poste –,that’s what you call dereliction of duty,73,449
2677,identique,adj(f),identical,les circonstances sont identiques –,the circumstances are identical,72,476
2678,exploser,v,"to explode, blow up",trois bombes ont successivement explosé mercredi matin –,three bombs exploded successively Wednesday morning,68,559
2679,mensonge,nm,lie,j’en ai marre de vos mensonges –,I’m fed up with your lies,68,568
2680,défaite,nf,defeat,"malgré la défaite, la foule a ovationné l’équipe –","in spite of the defeat, the crowd gave the team a standing ovation",66,604
2681,meurtrier,nadj,"murderer, deadly, lethal",je serai la meurtrière de mon mari –,I will be the murderer of my husband,75,406
2682,rigoureux,adj(pl),"rigorous, harsh, strict","il est méthodique, rigoureux et, pire que tout, patient –","he is methodical, rigorous, and worst of all patient",78,349
2683,mentir,v,to lie,je t’ai menti. je t’ai caché des choses –,I lied to you. I hid things from you,59,762
2684,fréquent,adj,frequent,les visites peuvent être plus fréquentes –,the visits can be more frequent,81,299
2685,æuf,nm,egg,n’oublie pas de chercher tes æufs de Pâques –,don’t forget to look for your Easter eggs,76,386
2686,ambassadeur,nm,ambassador,le Pakistan renvoie un ambassadeur en Inde –,Pakistan is sending its ambassador back to India,65,623
2687,observateur,nadj,"observer, observant",je suis un observateur clinique de la comédie humaine –,I’m a clinical observer of human comedy,68,547
2688,revêtir,v,"to take on, assume",on revêt les nouvelles lunettes de soleil –,you put on the new sunglasses,76,385
2689,accessoire,nm,accessory,on ne vend ni ski ni accessoire –,we don’t sell skis or accessories,90,143
2690,acquisition,nf,"acquisition, acquire, purchase",nous ne souhaitons ni fusion ni acquisition –,we don’t want a merger or an acquisition,77,380
2691,tournée,nf,"tour, round",c’est la dernière tournée. le bar va fermer –,that’s the last round. the bar’s going to close,65,622
2692,tranche,nf,"slice, edge, section, bracket, slot",il tient une tranche serrée dans sa main –,he’s holding a slice tightly in his hand,79,344
2693,plage,nf,beach,il marchait pieds nus sur la plage –,he walked barefoot along the beach,75,417
2694,inspecteur,nm,inspector,tu seras un excellent inspecteur –,you will be an excellent inspector,64,638
2695,tempête,nf,"storm, gale, turmoil","la tempête se calme, j’ai l’impression –","the storm is dying down, I think",78,354
2696,tissu,nadj,"fabric, material, cloth, tissue, woven",j’ai fait des dessins sur le tissu de vieux rideaux –,I made drawings on the cloth from old curtains,77,381
2697,souverain,nadj,"sovereign, supreme ruler, monarch",ce sera le 66e séjour du souverain pontife à l’étranger –,this will be the 66th stay abroad for the sovereign pontiff,72,467
2698,distinct,adj,distinct,Henri et moi nous étions deux êtres distincts –,Henri and I were two separate beings,70,514
2699,survie,nf,survival,je peux calculer vos chances de survie –,I can calculate your chances for survival,77,378
2700,repousser,v,"to push away, postpone","elle m’a repoussée, elle s’est jetée sur l’herbe –","she pushed me away, she threw herself on the lawn",72,475
2701,adaptation,nf,adaptation,je fais surtout des adaptations d’auteurs étrangers –,I mostly do adaptations based on foreign authors,72,463
2702,plante,nf,plant,tu es une belle plante. tu es la fleur de ma passion –,you’re a beautiful plant—the flower of my passion.,77,367
2703,nuire,v,to harm,ils nuisent à la santé –,they are harmful to one’s health,79,337
2704,putain,nf,"whore, bitch; stupid",putain mais qu’est-ce que tu fais? –,"what’re you doin’, stupid?",45,1151
2705,imagination,nf,imagination,mon imagination folle m’a trompée –,my foolish imagination deceived me,70,515
2706,accusé,nadj,defendant,l’accusé devra remettre son passeport –,the accused must surrender his passport,57,804
2707,repérer,v,"to spot, pick out, locate, find","ils ont repéré le tireur, vers le sud –","they located the sniper, towards the south",75,410
2708,directive,nf,guideline,tout est prêt. j’attends vos directives –,everything’s ready. I await your orders,55,854
2709,rural,nadj,rural,les régions rurales constituent un genre de refuge –,rural regions are a kind of refuge,60,719
2710,persister,v,"to persist, keep up, linger",vous persistez à vouloir faire votre devoir? –,do you still want to do your duty?,79,328
2711,coalition,nf,coalition,un soldat de la coalition a été blessé dans l’opération –,a coalition soldier was injured during the operation,60,733
2712,diplomatique,nadj(f),diplomatic,nous préférons une solution diplomatique –,we prefer a diplomatic solution,58,782
2713,excellence,nf,excellence,celle-ci sera un centre d’excellence –,this one will be a center of excellence,82,274
2714,apparence,nf,appearance,les apparences sont trompeuses –,appearances are deceiving,66,584
2715,oriental,nadj,Oriental,il portait de somptueux vêtements orientaux –,he wore sumptuous Oriental clothing,68,539
2716,écriture,nf,writing,"l’écriture, c’est un besoin pour moi –",writing is a need that I have,61,701
2717,parcours,nm(pl),"journey, course, route",je suis en bout de parcours –,I’m at the end of a journey,67,572
2718,républicain,nadj,republican,vous votez démocrate ou républicain? –,are you voting Democrat or Republican?,60,735
2719,embarquer,v,"to embark, board, take on board, load",les hommes chantaient en embarquant sur les navires anglais –,the men sang while boarding the English ships,80,320
2720,révolte,nf,revolt,ma raison d’écrire naît de la révolte –,my reason for writing began in the rebellion,59,743
2721,intéressé,nadj,"concerned, involved",je ne m’étais jamais vraiment intéressé à la question –,I wasn’t ever really interested in the question,73,439
2722,formidable,adj(f),"tremendous, considerable",j’ai fait quelques rencontres formidables –,I had some tremendous meetings,71,476
2723,tas,nm(pl),"pile, lots of",ça explique des tas de choses –,that explains lots of things,64,625
2724,déjeuner,"nm, v",lunch; to have lunch,nous achevons de déjeuner à la française –,we have just finished eating a French lunch,64,639
2725,disputer,v,to dispute,nous avons tort de nous disputer ainsi –,it’s wrong for us to quarrel like this,56,817
2726,élite,nf,elite,l’élite se définissait selon lui par l’intelligence –,"according to him, the elite are defined by intelligence",72,456
2727,malheur,nm,misfortune,je n’aime pas profiter du malheur des autres –,I don’t like to profit from the misery of others,60,729
2728,aube,nf,"dawn, daybreak","il était parti avant l’aube, comme un fuyard –","he left before dawn, like a runaway",74,426
2729,salon,nm,"lounge, living room",nous étions assis dans le grand salon –,we were sitting in the large living room,65,613
2730,infliger,v,to inflict,désolée de devoir vous infliger ça maintenant –,sorry to have to inflict this upon you now,78,351
2731,repos,nm(pl),rest,ça faisait trois heures de repos –,the rest was three hours long,66,591
2732,déranger,v,"to disturb, bother",ça vous dérange si je m’assieds? –,will it bother you if I sit down?,66,577
2733,inhabituel,adj,unusual,nous nous trouvons dans une situation inhabituelle –,we find ourselves in an unusual situation,89,160
2734,interdiction,nf,"ban, banning",cette interdiction s’applique aux télévisions –,this ban applies to televisions,68,538
2735,consentir,v,"to consent, agree",les syndicats ont consenti une réduction des salaires –,the unions agreed to a salary reduction,66,573
2736,variable,nadj(f),variable,"c’est très variable, ça dépend –","it’s quite variable, it depends",67,552
2737,médecine,nf,"medecine, medical science",deux étudiants en médecine suédois m’écrivaient –,two Swedish medical students wrote me,69,517
2738,contradictoire,adj(f),"contradictory, conflicting",la colonisation française fut un processus contradictoire –,French colonization was a contradictory process,80,313
2739,exclusivement,adv,"exclusively, solely",ils avaient des ventes exclusivement au Japon –,they had sales exclusively in Japan,78,348
2740,cible,nf,target,les cibles des terroristes représentaient les symboles du capitalisme –,terrorist targets represented the symbols of capitalism,66,575
2741,détenu,nadj,prisoner,le pourcentage de détenus séropositifs est très élevé –,the percentage of HIV-positive detainees is very high,69,527
2742,volontiers,adv,"with pleasure, willingly, gladly",je serais volontiers mort dans cette maison –,I would gladly die in this house,72,458
2743,fauteuil,nm,"armchair, seat",j’étais assis dans ce fauteuil –,I was sitting in this armchair,68,530
2744,couloir,nm,"corridor, aisle",j’emprunte le couloir –,I’m taking the hallway,68,533
2745,enthousiasme,nm,"enthusiasm, enthusiastically",l’enthousiasme fit place à une méfiance extrême –,enthusiasm gave way to extreme distrust,76,387
2746,télé,nf,TV,"on n’avait pas de télé, de CD, de DVD –","we had no TV, no CD player, no DVD player",56,820
2747,éthique,nadj(f),"ethical, ethics",le clonage représente évidemment plusieurs problèmes éthiques –,cloning obviously poses several ethical problems,64,624
2748,révision,nf,"review, revision, overhaul",il y aura une révision périodique du régime –,there will be periodic regime change,71,470
2749,pointer,"nm, v","to mark off, clock in, clock out, aim",pourquoi cette femme pointe-t-elle une arme sur toi? –,why is that woman aiming a gun at you?,81,293
2750,assassiner,v,"to murder, assassinate",il mourut assassiné –,he was assassinated,72,465
2751,optimiste,nadj(f),optimistic,êtes-vous optimiste quant à l’avenir des jeunes? –,are you optimistic about the future of the youth?,74,411
2752,instaurer,v,"to institute, introduce",notre nouveau directeur a instauré un programme pour travailler en équipe –,our new director started a teamwork program,74,420
2753,isolé,nadj,"remote, isolated, insolated","dans quelques semaines, on sera isolés par la glace –","in a few weeks, we will be isolated by the ice",78,336
2754,revendiquer,v,to claim,l’attentat n’a pas été revendiqué –,no responsibility has been claimed for the attack,66,571
2755,secouer,v,to shake,elle secoue mes couvertures dans tous les sens –,she shakes out my bedding in every direction,68,530
2756,bizarre,nadj(f),"strange, odd",les effets de la maladie sont bizarres –,the effects of the sickness are bizarre,64,624
2757,abus,nm(pl),"abuse, misuse, breach",il y a eu des abus sexuels –,there was sexual abuse,75,398
2758,procédé,nm,processus,c’est un procédé continuel chez moi –,it’s an ongoing process with me,75,396
2759,pêcheur,nadj,fisherman,les pêcheurs sont les hommes de la liberté –,fishermen are men of freedom,,
2760,amateur,"nm, nf",amateur,j’ai eu des parents amateurs de théâtre –,I have parents who love the theater,79,330
2761,regret,nm,"regret, regretfully","aux vacances, nous nous séparions sans regret –","on vacation, we separated without regrets",72,455
2762,accroissement,nm,increase,nous sommes tous atterrés par l’accroissement du chômage –,we’re all crushed by the growth in unemployment,67,558
2763,trimestre,nm,quarter; three months,les perspectives sont bonnes pour le troisième trimestre –,the outlook is good for the third quarter,52,904
2764,onde,nf,wave,c’est comme une onde de choc –,it’s like a shock wave,54,852
2765,spatial,adj,"spatial, space",la Station spatiale internationale n’a aucun rôle militaire –,the International Space Station has no military role,67,549
2766,brut,"adv, nadj","raw, crude",la surface totale brute de ce bâtiment est de 215.000 m,"the total unfinished area of this building is 215,000 square meters",62,660
2767,éventuellement,adv,possibly,des sanctions seront éventuellement prises –,sanctions will eventually be taken,69,513
2768,vache,"adj(f), nf",cow,dans d’immenses champs des vaches mâchaient –,cows munched in immense fields,73,421
2769,gris,nadj(pl),grey,c’était une poule grise –,it was a grey hen,59,735
2770,aise,nadj(f),"comfort, joy, pleasure, ease",je suis mal à l’aise dehors –,I am uneasy in the outdoors,75,393
2771,agression,nf,agression,les agressions contre les femmes ont augmenté –,aggression against women has increased,69,510
2772,loisir,nm,leisure,je dresse des chevaux dans mes loisirs –,I groom horses in my leisure time,79,316
2773,chaleur,nf,heat,le soleil et la chaleur devenaient en outre excessifs –,the sun and the heat were becoming intense,62,642
2774,ranger,"nm, v","to tidy up, put away",il range les deux tasses de café dans l’évier –,he places the two coffee mugs into the sink,69,501
2775,partage,nm,"division, cutting, sharing",la frontière régie jusqu’au partage de l’ombre et de la lumière –,the border extends to where the shadows and the light divide,76,373
2776,étoile,nf,star,nous couchions à la belle étoile –,we slept under the stars,71,472
2777,mystère,nm,mystery,il y a des mystères que je ne peux résoudre –,there are mysteries that I can’t resolve,66,570
2778,quasi,"adv, nm","almost, nearly",on entretient un lien quasi mystique avec son pays natal –,we maintain an almost mystical connection with our native country,76,378
2779,description,nf,description,nous commençons par une brève description de mon père –,we start with a brief description of my father,63,626
2780,serbe,nadj(f),Serbian,un vieil homme serbe a été tué par balle –,an old Serbian man was shot dead,51,903
2781,biologique,adj(f),"biological, nature",les études sur les effets biologiques des radiations sont restées rares –,studies on biological effects of radiation have been rare,69,498
2782,universitaire,nadj(f),"university, academic",j’étais occupée à des travaux de recherches universitaires –,I was busy doing university research work,67,540
2783,emparer,v,"to seize, grab, snatch",il n’était pas possible de s’emparer de la clef –,it wasn’t possible to grab the key,75,382
2784,dent,nf,tooth,elle repart en grinçant des dents –,she walks away gnashing her teeth,64,602
2785,neutre,adj(f),neutral,mais mon travail n’est pas neutre et objectif –,but my work isn’t neutral and objective,81,278
2786,aîné,nadj,oldest,mon fils aîné a onze ans –,my oldest son is eleven years old,70,476
2787,trahir,v,"to betray, give away","personne ne te trahit, personne ne t’humilie –","nobody is betraying you, nobody is humiliating you",68,510
2788,intelligence,nf,intelligence,je n’insulterai pas votre intelligence –,I won’t insult your intelligence,66,568
2789,admirer,v,to admire,j’admire ce que vous faites –,I admire what you do,66,562
2790,licence,nf,"licence, permit",il pourra imposer des conditions de licence particulières –,he can impose individual conditions on licenses,60,696
2791,rigueur,nf,"harshness, severity, rigidness, rigor strictness",l’optimisme est en revanche de rigueur dans les assurances –,on the other hand optimism is mandatory in insurance dealings,73,430
2792,maternel,adj,"motherly, maternal","ils s’écrivaient en yiddish, leur langue maternelle –","they wrote to each other in Yiddish, their first language",80,300
2793,métal,nm,metal,ils ont été équipés de détecteurs de métaux –,they were equipped with metal detectors,74,408
2794,palais,nm(pl),"palace, palate",la Garde du palais n’est guère efficace –,the palace guard is no longer efficient,63,620
2795,belge,nadj(f),Belgian,nous voudrions féliciter la présidence belge pour l’initiative –,we would like to congratulate the Belgian presidency for the initiative,59,704
2796,brutal,nadj,brutal,"je trouve leur méthode de revendication brutale, injuste –","I find their reclamation method brutal, injust",76,366
2797,extraire,v,"to extract, mine, quarry, pull out, remove",l’ingénieur a extrait l’expertise empirique des pilotes –,the engineer extracted empirical expertise from the pilots,76,373
2798,signification,nf,significance,cette appellation a une signification politique très claire –,this trade name has a very clear political significance,69,502
2799,filer,v,"to spin, run, get out",terminons le reportage et filons d’ici –,let’s stop our reporting and get out of here,61,666
2800,automatique,adj(f),automatic,la perte de mémoire est presque automatique –,loss of memory is almost automatic,55,814
2801,accrocher,v,"to hang up, hang on, put up",les manifestants ont accroché une pancarte –,the demonstrators put up a poster,70,474
2802,pain,nm,bread,ça grille le pain pendant qu’on le tranche –,it toasts the bread while it’s being sliced,68,516
2803,plateau,nm,"plateau, tray, set, stage",il repose la bouteille vide sur le plateau –,he sets the empty bottle on the tray,72,436
2804,répétition,nf,"repetition, rehearsal",on recommence les répétitions ce soir –,tonight we resume the rehearsals,69,491
2805,diminution,nf,"reduction, decreasing","les stocks de poissons sont en diminution, voire en disparition –","fishery resources are declining, even disappearing",65,577
2806,collection,nf,"collection, series",j’ai une collection des lettres inédites de Freud –,I have a collection of Freud’s unpublished letters,70,477
2807,gène,nm,gene,"ils collent des gènes ensemble, je crois –","they splice genes, I think",44,1111
2808,permanence,nf,"permanence, duty, service",les deux pieds doivent rester en permanence dans le triangle –,both feet must remain in the triangle,76,369
2809,reine,nf,queen,il a appartenu à une reine … la reine de Perse –,it belonged to a queen … the queen of Persia,67,523
2810,privatisation,nf,privatization,la privatisation des entreprises du Kosovo a enfin commencé –,the privatization of companies in Kosovo has finally begun,61,662
2811,correspondance,nf,"correspondance, connection","il avait brûlé un tas de correspondances, de carnets de notes –","he burned a pile of letters, notebooks",78,328
2812,planter,v,"to plant, pitch",vous achèterez vos bulbes d’oignons à planter –,you’ll buy the onion bulbs to be planted,68,513
2813,strictement,adv,strictly,nous ne sommes pas strictement obligés –,we aren’t strictly obligated,77,348
2814,violation,nf,"violation, transgression",cela constitue une violation de sa probation –,that constitutes a violation of his probation,67,536
2815,compensation,nf,"compensation, clearing",il est professeur de philosophie au lycée –,he’s a high school philosophy teacher,71,450
2816,lycée,nm,high school,il est professeur de philosophie au lycée –,he’s a high school philosophy teacher,71,450
2817,con,nadj,stupid,"on va le finir, ce con –",we’re gonna take out that a**hole,57,740
2818,combinaison,nf,combination,il était le seul à avoir la combinaison et tu l’as tué –,"he alone knew the combination, and you killed him",58,718
2819,injustice,nf,"injustice, unfairness","l’inégalité nourrit l’injustice, le soupçon et les préjugés –","inequality feeds injustice, suspicion, and prejudice",75,387
2820,reportage,nm,"report, reporting","selon le reportage, son intervention aurait été annulée –",according to the report his talk was canceled,71,461
2821,déception,nf,"disappointment, let-down",la déception pourrait n’être que temporaire –,the disappointment could only be temporary,80,294
2822,soucier,v,"to care about, show concern for",tu n’as pas à te soucier de tes manières ici –,no need to worry about your manners here,79,315
2823,plafond,nm,"ceiling, roof, maximum",il y a des caméras dans le plafond –,there are cameras in the ceiling,73,415
2824,opérateur,nm,operator,nous ne pouvions même pas appeler une opératrice –,we couldn’t even call an operator,59,693
2825,camarade,"nm, nf","friend, comrade, pal, mate",je me hâtai de revoir mes camarades –,I hurried back to see my comrades,71,441
2826,traduction,nf,translation,"alors, lis la traduction –","so, read the translation",63,599
2827,compréhension,nf,"understanding, comprehension",je vous suis reconnaissant de votre compréhension –,I thank you for your understanding,71,446
2828,réglementation,nf,regulation,ces réglementations échappent au contrôle des parlementaires –,these regulations will escape parliamentary control,62,631
2829,déplorer,v,to deplore,il déplore la montée des superstitions –,he deplores the upswing in superstition,71,456
2830,mobiliser,v,"to mobilize, call up",il espère mobiliser le peuple –,he hopes to mobilize the people,67,531
2831,encadrer,v,"to frame, train",les élèves seront encadrés par environ 850.000 enseignants –,"the students will be trained by some 850,000 teachers",76,363
2832,gentil,nadj,"nice, kind",elles sont extrêmement gentilles –,they are extremely nice,58,707
2833,folie,nf,"madness, folly, insanity",certains jeunes tombent dans la folie –,some youth lapse into folly,67,521
2834,terrorisme,nm,terrorism,les Américains ont déclaré la guerre au terrorisme –,the Americans declared war on terrorism,57,751
2835,illusion,nf,illusion,ne nous faisons pas d’illusions –,we aren’t deceiving ourselves,70,473
2836,portefeuille,nm,wallet,il m’a pris mon portefeuille! –,he took my wallet!,76,352
2837,séduire,v,"to seduce, charm, captivate, appeal to",j’ai été séduite par votre jeunesse –,I was seduced by your youth,76,350
2838,précipiter,v,"to quicken, hasten, precipitate",je jetai mon parapluie et me précipitai hors de la chambre –,I tossed my umbrella and dashed out of the room,73,416
2839,clôture,nf,"enclosure; termination, closure",la clôture est trop haute –,the fence is too high,68,497
2840,piloter,v,"to fly, pilot, drive",et qui pilotera l’avion? –,and who will fly the airplane?,76,361
2841,agréable,nadj(f),"pleasant, nice, agreeable",c’est une chambre très agréable –,it’s a very comfortable bedroom,72,421
2842,télécommunication,nf,telecommunication,le secteur des télécommunications a connu la plus forte hausse –,the telecommunications sector experienced the greatest growth,56,752
2843,désaccord,nm,"disagreement, discord, conflict",ces désaccords constituent une tension bénéfique –,these disagreements create beneficial tension,78,319
2844,uranium,nm,uranium,la séparation du plutonium de l’uranium est relativement facile –,separating plutonium from uranium is relatively easy,61,650
2845,aliment,nm,food,je cultive des aliments pour nourrir les gens –,I cultivate food to nourish people,58,704
2846,alimentation,nf,"diet, food, groceries, supply",l’alimentation et la santé sont étroitement reliées –,diet and health are intertwined,68,509
2847,pomme,nf,apple,elle croqua la pomme avec un bruit qu’il détesta –,she crunched into the apple with a noise that he detested,79,304
2848,ingénieur,"nm, nf",engineer,son père était un ingénieur des chemins de fer –,her father was an railroad engineer,71,453
2849,vider,v,"to empty, vacate","que personne ne bouge! toi, vide ce coffre –","nobody move! you, empty this safe",68,497
2850,attentif,adj,"attentive, scrupulous, careful","sois attentif, sois intelligent, sois rationnel –","be attentive, be intelligent, be rational",77,337
2851,démarrer,v,to start up,le feu a démarré dans l’escalier d’un restaurant –,the fire broke out in the stairwell of a restaurant,69,478
2852,coordonner,v,to coordinate,il faut coordonner nos efforts pour le plus grand bien –,we have to coordinate our efforts for the greatest good,80,284
2853,larme,nf,tear,je suis sortie du cinéma en larmes –,I left the movie theater in tears,58,716
2854,sourd,nadj,deaf,le gouvernement fait la sourde oreille –,the government is turning a deaf ear,73,411
2855,cigarette,nf,cigarette,je fumerai bien une cigarette –,I would sure like to smoke a cigarette,67,511
2856,vallée,nf,valley,je marche dans la vallée de la mort –,I’m walking in the valley of death,72,427
2857,artificiel,adj,artificial,je joue à des simulateurs de vie artificielle –,I play in artificial life simulations,70,469
2858,différer,v,"to differ, vary",cette idée diffère sensiblement d’une hypothèse concurrente –,this idea differs noticeably from a current hypothesis,68,493
2859,honorer,v,"to honour, do credit to",c’était un soldat de Rome. honorez sa mémoire –,he was a Roman soldier. honor his memory,79,303
2860,entrevue,nf,"meeting, interview",j’ai l’impression que cette entrevue commence très mal –,I have the feeling that this interview has started out very poorly,49,921
2861,ressort,nm,spring; resort; spirit,l’Etat intervient en dernier ressort –,the state intervenes as a last resort,78,317
2862,fixe,nadj,fixed,j’ai l’idée fixe d’un crime étincelant –,I’m fixated on a glittering crime,67,525
2863,opportunité,nf,"opportunity, timeliness",c’est une merveilleuse opportunité de passer de belles vacances –,it’s a wonderful opportunity to take a fine vacation,76,360
2864,robe,nf,dress,"ta robe te va très bien, ma chérie –","your dress looks very nice on you, dear",58,714
2865,plaque,nf,"plate, tag, plaque",il subsiste un danger local élevé de plaques de neige –,there are increased local risks of snow accumulations,55,765
2866,découler,v,"to ensue, follow",une conséquence importante en découle –,an important consequence follows from that,69,484
2867,décisif,adj,decisive,nous arrivons à un moment décisif –,we have come upon a decisive moment,74,381
2868,piège,nm,trap,c’est un piège dans lequel je ne veux pas tomber –,it’s a trap I don’t want to fall into,79,305
2869,prédire,v,to predict,il lui a prédit qu’elle aurait un enfant –,he predicted that she would have a child,82,245
2870,enterrer,v,"to bury, lay aside",enterre-moi dans un tombeau sans nom –,bury me in an unmarked grave,72,418
2871,refuge,nm,refuge,j’ai trouvé refuge dans de piètres endroits –,I found refuge in dismal places,79,294
2872,recouvrir,v,"to cover, hide, conceal",la Terre est recouverte d’eau –,the Earth is covered with water,74,393
2873,pente,nf,slope,la route gravit maintenant des pentes abruptes –,now the road climbs up steep inclines,51,863
2874,album,nm,album,j’ai toujours rêvé de faire un album –,I always dreamt of making an album,52,830
2875,mixte,adj(f),mixed,trois enfants issus d’un couple mixte périssent dans un incendie –,three mixed-race children perish in a fire,65,560
2876,clinique,nadj(f),clinic,je l’ai emmenée à la clinique –,I took her to the clinic,70,458
2877,spectateur,nm,"member of the audience, spectator, onlooker",les spectateurs s’enfuient épouvantés –,"the onlookers fled, terror-stricken",71,440
2878,axe,nm,"axis, axle, main line","désormais, nous nous concentrons sur deux axes –","from now on, we will focus on two dimensions",72,424
2879,chasseur,nm,"hunter, fighter, page, messenger",je suis un chasseur qui ne tue pas sans hésiter –,I’m a hunter who doesn’t kill without hesitation,77,338
2880,chéri,nadj,"darling, love, dear","bonjour, chéri. comment s’est passée ta journée? –","hello, dear. how was your day?",48,951
2881,peinture,nf,"painting, paint, picture",j’ai pensé à détruire ces peintures pas mal de fois –,I thought of destroying these paintings fairly often,72,421
2882,déchet,nm,"scrap, waste, trash, garbage",les déchets de l’aire métropolitaine continueront de s’accumuler –,the trash from the metropolitain area will continue to accumulate,74,376
2883,siéger,v,to sit,moi-même et mon gouvernement siégions en Algérie –,I and my government reign in Algeria,58,694
2884,grand-chose,nmi,not very much,ça ne veut pas dire grand-chose –,that doesn’t mean very much,77,338
2885,temporaire,adj(f),temporary,la célébrité de tout président est temporaire –,the fame of every president is fleeting,74,383
2886,affiche,nf,"poster, public notice, bill",j’ai mon nom sur des affiches –,I have my name on posters,78,312
2887,massacre,nm,"massacre, slaughter",ce massacre n’a pas été revendiqué –,nobody has claimed responsibility for this massacre,69,463
2888,actualité,nf,"current events, news","le présent, l’actualité ne m’intéressent pas –","the present, current events don’t interest me",58,688
2889,redevenir,v,to become again,je vais redevenir célibataire –,I’m going to become single again,76,352
2890,crucial,adj,"crucial, critical",nous sommes à un moment crucial de notre histoire –,we are at a critical moment of our history,74,377
2891,marine,"adj, nf","marine, navy","aujourd’hui, vous êtes des marines –",today you are marines,66,525
2892,cadavre,nm,corpse,son cadavre apparaîtra à la fin du film –,his corpse will appear at the end of the film,68,490
2893,fleuve,nm,river,le fleuve coule toujours dans le même sens –,the river always flows in the same direction,77,336
2894,toit,nm,roof,ils sont sur le toit de mon bus –,they’re on the roof of my bus,67,506
2895,mécanique,adj(f),mechanical,c’était aussi un piano mécanique –,it was also a player piano,70,446
2896,transparence,nf,transparency,nous préférons le dirigisme à la transparence –,we prefer active leadership to transparency,66,516
2897,amorcer,v,"to bait, prime, begin, initiate",la réaction en chaîne est amorcée –,the chain reaction has been initiated,75,353
2898,détester,v,"to hate, detest","je déteste la viande, je suis végétarien –",I hate meat—-I’m a vegetarian,59,661
2899,fondateur,nm,founder,il faut rappeler le rôle fondateur qu’a joué –,let me remind you of the founding role that he played,69,470
2900,charte,nf,charter,la charte olympique interdit toute discrimination –,the Olympic charter forbids any discrimination,61,623
2901,productivité,nf,productivity,il faut augmenter la productivité du travail –,we have to increase work productivity,69,458
2902,succession,nf,succession,c’est une succession de catastrophes –,it’s a succession of catastrophes,77,323
2903,simplifier,v,to simplify,je pourrais peut-être simplifier les choses pour vous –,perhaps I can simplify things for you,81,263
2904,briller,v,to shine,la lune brillait maintenant dans tout son éclat –,the moon shone now in full glory,63,588
2905,ambitieux,nadj(pl),"ambitious, man with ambition",les socialistes appuient un plan ambitieux –,the socialists are supporting an ambitious plan,80,275
2906,sale,nadj(f),dirty,je déteste cette sale ville –,I hate this dirty city,60,650
2907,consentement,nm,consent,il n’y a pas consentement unanime –,there is no unanimous consent,49,901
2908,chapeau,nm,hat,il se pencha pour ramasser son chapeau et ses sacs –,he leaned over to gather his hat and his bags,59,661
2909,calmer,v,to calm down,j’ai pas besoin de me calmer –,I don’t need to calm myself,67,499
2910,mythe,nm,myth,le mythe grec est le produit d’une tradition orale –,the Greek myth is the result of oral tradition,69,460
2911,alternative,nf,"alternative, choice",il y avait une autre alternative à la guerre –,there was another alternative to war,80,283
2912,soulager,v,"to relieve, soothe, ease","puis je me réveillais, soulagée d’avoir 23 ans –","then I woke up, relieved to be 23 years old",79,296
2913,scrutin,nm,"ballot, poll",nous établirions des dates de scrutin fixes –,we will establish fixed dates for voting,61,618
2914,culpabilité,nf,guilt,la police a rassemblé les preuves établissant leur culpabilité –,the police gathered proof to establish their guilt,83,223
2915,considérablement,adv,"considerably, significantly, extensively",nous proposons de réduire considérablement les impôts –,we propose to reduce taxes considerably,73,399
2916,bouleverser,v,"to upset, distress, disturb, turn upside down",nous avons toujours le moyen de bouleverser le cours des évènements –,we always have the means to upset the course of events,76,335
2917,introduction,nf,introduction,nous ne pouvons accepter l’introduction d’amendements –,we cannot accept the introduction of new amendments,65,546
2918,dramatique,nadj(f),"dramatic, tragic, drama",ça va être dramatique pour la facture de téléphone –,the telephone bill will be spectacular,73,385
2919,vaincre,v,"to beat, defeat, overcome, conquer",nous sommes nés pour vaincre –,we were born to conquer,69,468
2920,pétition,nf,petition,je voudrais déposer cette pétition –,I would like to submit this petition,53,793
2921,renseigner,v,"to give information, get information","renseigne-moi, je veux savoir –","tell me, I want to know",79,292
2922,ordonnance,nf,"prescription, organisation, edict, ruling",le policier ignore si l’ordonnance est encore en vigueur –,the policeman doesn’t know whether the ruling is still in effect,79,284
2923,aile,nf,"wing, sail, blade",l’oiseau battra des ailes jusqu’à sa mort –,the bird will beat its wings until its death,73,397
2924,température,nf,temperature,il faut que j’aille prendre ma température –,I have to go take my temperature,60,629
2925,coupe,nf,"bowl, dish, cut",votre coupe jamais ne sera vide –,your bowl will never be empty,70,439
2926,rayon,nm,"ray, beam, radius; department, section, shelf",un rayon de lune traversait la chambre –,a moonbeam shone across the room,67,504
2927,lèvre,nf,lip,je regardai ses lèvres pleines et roses –,"I looked at her full, pink lips",57,689
2928,promener,v,"to take for a walk, go for a walk",les amis se promènent dans la rue –,the friends are walking along the street,61,614
2929,boulot,"adj, nm","work, job",il a un boulot très sérieux dans l’informatique –,he has an important job in computer science,52,810
2930,correctement,adv,properly,faisons les choses correctement –,let’s do things correctly,74,372
2931,colonne,nf,column,des colonnes de fumée s’élevaient au-dessus des arbres –,columns of smoke rose above the trees,63,568
2932,arranger,v,to arrange,c’est moi qui ai tout arrangé –,I’m the one who arranged everything,61,604
2933,lointain,nadj,"distant, faraway",on voulait aller dans une terre lointaine –,we wanted to go to a faraway land,62,598
2934,danser,v,to dance,"je danserai avec toi, le soir de nos noces –","I will dance with you, on our wedding night",62,583
2935,charbon,nm,coal,la production de charbon est en train de chuter –,coal production is falling off,73,390
2936,passionner,v,"to fascinate, grip",je suis passionné de mon travail –,I’m passionate about my work,68,484
2937,colline,nf,hill,"arrivée au sommet de la colline, elle s’arrêta –","reaching the top of the hill, she stopped",73,392
2938,poésie,nf,poetry,la poésie est souvent dite de façon ennuyeuse –,poetry is often recited boringly,59,650
2939,généraliser,v,to generalize,il faudrait généraliser ce type d’initiatives –,we would need to generalize this type of initiative,75,345
2940,transaction,nf,transaction,le montant de la transaction n’a pas été dévoilé –,the amount of the transaction was not revealed,59,649
2941,extrémité,nf,"end, extremity",l’un d’eux attachait l’autre extrémité –,one of them grasped the other end,47,921
2942,pénal,adj,penal,il permet la clôture des procédures pénales –,it allows for termination of criminal proceedings,60,627
2943,économiste,"nm, nf",economist,je ne connais pas un seul économiste –,I don’t know a single economist,73,383
2944,banlieue,nf,"suburbs, outskirts",on a toujours habité en banlieue –,we have always lived in the suburbs,65,536
2945,bancaire,adj(f),banking,l’entreprise offre des services bancaires aux particuliers et aux sociétés –,the firm offers banking services to individuals and to companies,65,534
2946,défaire,v,"to undo, dismantle, strip, break up","mon lacet est défait, comme d’habitude –","my shoelace is undone, as usual",78,297
2947,calendrier,nm,calendar,nous devrions respecter notre calendrier –,we should respect our calendar,70,439
2948,repas,nm(pl),meal,"c’est le repas kasher? oui, kasher –","it’s a kosher meal? yes, kosher",68,471
2949,cul,nm,"bum, arse, ass",je vais lui botter le cul –,I’m gonna kick his ass,54,746
2950,vouer,v,"to devote, dedicate to, vow to",nous leur vouons un grand respect –,we pay them great respect,77,323
2951,surprenant,adj,surprising,le contraire aurait été moins surprenant –,the opposite would have been less surprising,81,255
2952,paradis,nm(pl),"paradise, heaven",tu aimes notre coin de paradis? –,do you like our corner of paradise?,72,398
2953,transparent,nadj,"transparent, see-through, evident",il faut que les choses soient transparentes –,things must be transparent,75,354
2954,élu,nadj,"elected, elected member",j’exprime ma déception auprès des élus politiques –,I express my disappointment to the elected officials,72,404
2955,tourisme,nm,"tourism, sightseeing",le tourisme culturel est très important –,cultural tourism is very important,68,472
2956,démonstration,nf,demonstration,il a répondu par une démonstration de force –,he responded with a demonstration of force,78,295
2957,gravement,adv,"seriously, solemnly, gravely",deux maisons ont été gravement endommagées –,two houses were seriously damaged,79,286
2958,infraction,nf,"offence, infrigement, infraction",ceux qui commettent des infractions doivent payer –,those who break the law must pay,60,626
2959,tir,nm,"fire, shot, launch",il y a eu des tirs dans le couloir –,there were shots fired in the hallway,56,715
2960,envoi,nm,"sending, dispatching",il faut empêcher l’envoi de ces signaux –,you must stop sending these signals,57,694
2961,arrangement,nm,"arrangement, layout, order, agreement",j’ai conclu un arrangement avec le diable –,I made an agreement with the devil,81,248
2962,pardonner,v,"to forgive, excuse","si tu m’aimes vraiment, pardonne-moi –","if you really love me, forgive me",58,651
2963,collaborer,v,"to collaborate, contribute",ce groupe de travail a collaboré avec toutes sortes de spécialistes –,this work group collaborated with all kinds of specialists,67,479
2964,danse,nf,"dance, dancing",m’accorderez-vous cette danse? –,may I have this dance?,73,372
2965,tester,v,to test,"opératrice, veuillez tester ce numéro –","operator, please test this number",72,403
2966,proclamer,v,"to proclaim, declare",les résultats officiels seront proclamés samedi –,the official results will be announced Saturday,71,406
2967,genou,nm,knee,la victime était à genoux devant le chien –,the victim was kneeling in front of the dog,60,616
2968,dominant,adj,"dominant, prevailing",dans toute relation il y a un dominant et un dominé –,in every relation there is dominator and a dominee,63,558
2969,péril,nm,peril,"aujourd’hui, notre porte-parole est en péril –",today our spokesman is in danger,78,305
2970,préférence,nf,"preference, preferably",ma préférence va toujours et encore à la poésie –,my preference is still and forever poetry,72,391
2971,vain,adj,vain,j’ai tout essayé … mais en vain –,I tried everything … but in vain,60,621
2972,rentrée,nf,"reopening, return, start",j’attendis la rentrée avec impatience –,I awaited the reopening of school impatiently,74,368
2973,coller,v,"to stick, paste",les timbres étaient bien collés sur ces cartes postales –,the stamps were securely stuck onto these postcards,64,537
2974,monopole,nm,monopoly,nul n’a le monopole des bonnes idées –,no one has the monopoly on good ideas,68,462
2975,approfondir,v,"to deepen, make deeper, go further into",le sujet mérite donc d’être approfondi –,the subject therefore deserves further study,70,419
2976,incendie,nm,"fire, blaze",les pompiers ont maitrisé tous les incendies –,the firemen brought all of the fires under control,64,531
2977,proximité,nf,"proximity, nearness, closeness",ils restaient à proximité –,they stayed close by,69,437
2978,hélicoptère,nm,helicopter,des hélicoptères survolaient l’ambassade –,helicopters were flying over the embassy,57,670
2979,bouteille,nf,bottle,j’ai cassé une bouteille de bière –,I broke a beer bottle,64,533
2980,championnat,nm,championship,elle a participé à 15 championnats canadiens en neuf ans –,she participated in 15 Canadian championships in nine years,48,892
2981,hériter,v,to inherit,sa femme héritait des dettes –,his wife inherited debts,82,237
2982,élémentaire,adj(f),"elementary, rudimentary, basic",il posait des questions élémentaires –,he asked very basic questions,76,324
2983,entité,nf,entity,ce ne sont pas des entités commerciales –,these are not commercial entities,60,619
2984,souffler,v,"to blow, puff",vous êtes là où le vent souffle –,you’re there where the wind blows,68,454
2985,dit,nadj,"said, so-called; tale",l’OTAN s’est transformée en organisation dite « de sécurité » –,NATO transformed into a so-called “security” organization,79,275
2986,mélange,nm,"mixing, mixture, blend",il m’écouta avec un mélange de crainte et d’admiration –,he listened to me with a mixture of fear and admiration,73,377
2987,pourcentage,nm,"percentage, commission, cut",elles calculent les pourcentages sur leurs profits –,they calculate the percentages on their profits,71,404
2988,permis,nm(pl),"license, permit, permitted","vos papiers? pièce d’identité, permis de conduire –","your papers? identity card, driver’s license",72,391
2989,mélanger,v,"to mix, mix up, confuse",il mélangeait un peu les dates –,he got the dates a little bit mixed up,80,257
2990,proprement,adv,"cleanly, neatly, properly",je trouve cela proprement scandaleux –,I find that properly scandalous,74,351
2991,enfoncer,v,"to ram, drive in, hammer in, sink in",commencons par enfoncer les portes –,let’s start by knocking down the doors,69,444
2992,clandestin,nadj,"underground, clandestine",le flux des immigrés clandestins en Espagne n’a cessé de grossir –,the flow of illegal immigrants in Spain grew unchecked,70,430
2993,super,"adji, nm",great,"si vous pouviez, ce serait super –","if you could, that would be great",51,794
2994,encontre,adv,contrary to,tu ne peux pas aller à l’encontre de sa personnalité –,you can’t go contrary to his personality,65,512
2995,syndical,adj,(trade-) union,le mouvement syndical devra lui aussi être aidé –,the union movement will also have to be helped,62,557
2996,deviner,v,"to guess, solve",sa tête baissée laissait deviner une calvitie naissante –,his bowed head betrayed the onset of balding,59,627
2997,tracer,v,"to draw, write, mark out",la voie est tracée mais elle est difficile –,the route is marked but it is difficult,75,333
2998,sagesse,nf,"wisdom, moderation",j’ai profité énormément de sa sagesse –,I profited enormously from his wisdom,71,402
2999,baiser,"nm, v",to kiss,votre amoureux vous a donné un baiser d’adieu –,your lover gave you a goodbye kiss,52,767
3000,user,v,"to wear out, wear away, use up",use de ton charme pour le convaincre –,use some of your charm to convince him,69,445
3001,enfer,nm,hell,l’infatuation est l’enfer de l’esprit –,infatuation is the mind’s hell,64,521
3002,pilote,"nm, nf","pilot, experimental",y a-t-il encore un pilote dans l’avion? –,is there still a pilot in the airplane?,67,467
3003,abonné,nadj,"subscribed, subscriber",le texte du message reçu de l’abonné –,the text of the message received by the subscriber,42,1030
3004,objection,nf,objection,il n’y pas d’objections de votre part –,there are no objections on your behalf,77,308
3005,correction,nf,correction,alors j’ai fait cette correction –,so I made this correction,68,462
3006,vocation,nf,"vocation, calling",c’est là qu’il trouva sa vocation –,that’s where he found his calling in life,72,391
3007,facture,nf,"invoice, bill",les gens ne peuvent payer leurs factures –,people can’t pay their bills,76,326
3008,relancer,v,"to throw back, restart, relaunch",cela aurait pour effet de relancer l’économie –,this will produce an economic recovery,68,459
3009,luxe,nm,luxury,la colère est un luxe que je ne peux me permettre –,anger is a luxury I can’t afford,72,391
3010,nomination,nf,"appointment, nomination",j’ai été très heureux d’apprendre votre nomination –,I was very pleased to hear of your nomination,65,499
3011,poster,"nm, v","poster; to post, mail",nous y avons posté une vigie –,we set up a stakeout,86,179
3012,bar,nm,bar,nous buvons un café dans le bar voisin –,we’re drinking a coffee in the local bar,65,498
3013,tantôt,adv,"this afternoon, sometimes","des voix tantôt masculines, tantôt féminines –","voices that were sometimes masculine, sometimes feminine",60,596
3014,publiquement,adv,publicly,il ne voulait pas critiquer publiquement ses supérieurs –,he didn’t want to publicly criticize his superiors,75,341
3015,gueule,nf,"mouth, trap",ferme ta grande gueule! –,shut your big trap!,58,634
3016,comparable,adj(f),comparable,le bruit était comparable à une explosion –,the noise was like an explosion,72,384
3017,sympathie,nf,"liking, warmth, friendship, sympathie",vous avez ma sympathie –,you have my sympathy,74,352
3018,structurel,adj,structural,il y a des pressions structurelles dans le système de santé –,there are structural pressures in the health system,52,771
3019,dispenser,v,"to exempt, avoid",vous pouvez me dispenser de vos commentaires –,you can spare me your commentaries,80,254
3020,copain,nm,"friend, buddy, mate","ils deviennent copains, amis, amoureux bientôt –","they soon became buddies, friends, lovers",63,538
3021,aligner,v,"to lign up, align",il aligna sur le comptoir les trois piécettes d’argent –,he lined up three small silver coins on the counter,77,296
3022,absorber,v,"to absorb, remove, take up, take over","j’étais absorbé, obsédé par mes recherches –","I was absorbed, obsessed by my research",73,367
3023,compagnon,nm,"companion, craftsman, journeyman",il invitait souvent des compagnons de son âge à venir –,he often invited his same-age companions to come over,75,335
3024,déroulement,nm,"development, progress",nous avons examiné le déroulement des événements –,we studied the unfolding of the events,81,247
3025,dévoiler,v,"to unveil, reveal, disclose",pouvez-vous nous dévoiler l’évolution de l’intrigue? –,can you reveal to us how the affair unfolded?,76,314
3026,opérationnel,adj,"operational, operating",tous les systèmes sont opérationnels –,all systems are operational,75,336
3027,freiner,v,"to brake, slow down",il se peut que je freine brusquement –,I might brake suddenly,78,289
3028,rattraper,v,"to recapture, recover, catch up, make up for",il a fallu plus tard rattraper le temps perdu –,later we had to make up for lost time,76,316
3029,matinée,nf,morning,j’ai passé la matinée à lire –,I spent the morning reading,64,523
3030,régir,v,to govern,nous avons des lois pour régir les activités de la presse –,we have laws to govern the activities of the press,68,445
3031,poème,nm,poem,souviens-toi du poème que je t’ai fait lire –,remember the poem that I had you read,62,561
3032,bassin,nm,"bowl, basin",une large allée centrale menait à un bassin –,a large central alley led to a reservoir,75,337
3033,éteindre,v,"to extinguish, put out, turn off",elle a éteint la lumière –,she turned off the light,61,570
3034,ministériel,adj,ministerial; minister,les ministériels devraient voter selon leur conscience –,the ministers should vote according to their conscience,59,611
3035,rage,nf,"rage, fury, rabies",la guerre fait rage dans les ténèbres –,war is raging in the darkness,74,351
3036,enregistrement,nm,"recording, registration, check-in, logging","pour moi, les enregistrements falsifient la psychanalyse –","for me, recordings falsify psychoanalysis",68,447
3037,débarquer,v,"to unload, land, disembark",de nouveaux groupes étrangers ont débarqué en Italie –,new groups of foreigners have landed in Italy,77,297
3038,systématiquement,adv,systematically,ce genre de choses sort systématiquement –,this kind of thing happens systematically,77,307
3039,énormément,adv,enormously,j’ai énormément d’admiration pour lui –,I have a lot of admiration for him,63,540
3040,respirer,v,to breath,"respirez à fond, calmez-vous –","breathe deeply, calm down",59,615
3041,dictature,nf,dictatorship,nous voulons éviter une nouvelle dictature –,we want to avoid a new dictatorship,74,344
3042,acheteur,nm,"buyer, purchaser",le gouvernement est le plus gros acheteur de biens –,the government is the greatest purchaser of goods,83,212
3043,équiper,v,"to equip, kit out, fit out, tool up",quelque 1.800 caméras de surveillance équipent les gares –,"the train stations are equipped with some 1,800 surveillance cameras",69,423
3044,édifice,nm,building,un édifice s’élève pierre à pierre –,a building is constructed one stone at a time,79,269
3045,lot,nm,"share, prize, lot",la négligence sera le lot de cet enfant du malheur –,negligence will be the lot of this child of misfortune,83,218
3046,fondement,nm,foundation,l’avenir reposait sur ces fondements –,the future rested on this foundation,71,396
3047,spirituel,nadj,"witty, spiritual, sacred",c’est une fiction moderne spirituelle et intelligente –,it’s a modern work of fiction that’s spiritual and intelligent,67,460
3048,fournisseur,nm,"supplier, provider",je ne suis que le fournisseur. je ne sais rien –,I’m only the middleman. I don’t know anything,73,360
3049,détriment,nm,detriment,la mondialisation se fait au détriment des moins forts –,globalizaton occurs to the detriment of the weak,76,318
3050,unanime,adj(f),unanimous,elle a reçu l’approbation unanime de l’opinion publique –,she received unanimous approval from public opinion,53,733
3051,agiter,v,"to shake, disturb",le sujet agite beaucoup la presse –,the subject really stirs up the press,64,518
3052,élimination,nf,elimination,il avait programmé l’élimination des paysans –,he engineered the elimination of all peasants,72,378
3053,nazi,nadj,Nazi,négocier avec les nazis? jamais –,negotiate with the Nazis? never,77,296
3054,col,nm,"collar, mountain pass",tu devrais arranger un peu ton col –,you should adjust your collar,73,363
3055,impressionner,v,"to impress, upset",vous avez impressionné nos collègues –,you impressed our colleagues,80,257
3056,accessible,adj(f),"accessible, approachable",je pense être un patron plutôt accessible –,I think I’m a rather approachable boss,71,393
3057,résidence,nf,"residence, block of flats",bienvenue dans ma résidence d’été –,welcome to my summer residence,71,396
3058,dedans,"adv, nm(pl), prep","inside, indoors",je suis tombé dedans quand j’étais petit –,I fell into it when I was young,62,547
3059,agressif,nadj,aggressive,"elle est devenue agressive, hostile –","she has become aggressive, hostile",81,236
3060,loger,v,"to put up, accommodate, stay, find accommodation",nous savons maintenant où ils se logent –,we know where they live now,81,234
3061,ouvertement,adv,"openly, overtly",il a parlé assez ouvertement –,he spoke openly enough,81,240
3062,patience,nf,patience,leur patience avait des limites –,their patience had limits,77,298
3063,stimuler,v,to stimulate,elle ne stimule aucunement l’immunité cellulaire –,it in no way stimulates the cell’s immunity,72,369
3064,classement,nm,"classification, ranking",tes classements aux courses ont été excellents l’an dernier –,your race results were excellent last year,49,811
3065,arrestation,nf,arrest,vous êtes en état d’arrestation –,you are under arrest,58,617
3066,longuement,adv,at length,"elle m’a longuement regardé, sans colère –","she looked at me for a long time, without anger",71,385
3067,ancêtre,"nm, nf","ancestor, forerunner","en fait, mes ancêtres viennent d’lnde –","in fact, my ancestors come from India",82,229
3068,intensité,nf,intensity,ils relayent la vérité avec la même intensité que les mensonges –,they convey the truth as intently as they do lies,79,272
3069,grandeur,nf,"size, greatness",la grandeur dominait dans ce cercle d’élite –,the grandeur dominated in this circle of the elite,69,415
3070,entraînement,nm,"training, coaching, drive","bien joué, ton entraînement est terminé –",well done—your training is complete,72,373
3071,déborder,v,"to overflow, boil over, go out, go over",je suis débordé au travail –,I’m swamped at work,78,284
3072,conducteur,nadj,"driver, operator, conductor",le conducteur a été tué sur le coup –,the driver was killed instantly,74,336
3073,pollution,nf,pollution,il y a des risques importants de pollution –,there’s a significant risk of pollution,69,416
3074,islamique,adj(f),Islamic,nous incarnons un mouvement islamique révolutionnaire –,we embody a revolutionary Islamic movement,54,693
3075,attribution,nf,"awarding, allocation, assignment, attribution",certaines attributions en matière nucléaire relèvent encore des états –,some prerogatives relative to nuclear power still depend on the states,68,442
3076,caméra,nf,camera,ils ont souri devant les caméras –,they smiled in front of the cameras,66,470
3077,dissimuler,v,"to conceal, hide",l’homme semble dissimuler un passé secret –,the man seems to conceal a secret past,70,404
3078,chronique,nadj(f),"chronic, column, page, chronicle",c’est un mal chronique auquel il va falloir s’attaquer –,it’s a chronic illness that should be attacked,73,358
3079,ère,nf,era,nous vivons à l’ère de la mondialisation –,we live in an era of globalization,77,291
3080,rappel,nm,"reminder, summary, recall, return, remember",je suis un rappel d’un moment douloureux de ta vie –,I’m a reminder of a painful time of your life,70,396
3081,fabricant,nm,manufacturer,rien ne semble effrayer le fabricant français –,nothing seems to scare the French manufacturer,68,438
3082,utilité,nf,"use, usefulness,",tu ne m’es d’aucune utilité –,you are of no use to me,80,253
3083,ethnique,nadj(f),ethnic,les luttes politiques entre divers groupes ethniques –,the political struggle between different ethnic groups,70,399
3084,annexe,"adj(f), nf","annex, appendix, related issue",le texte du rapport figure à l’annexe –,the text of the report is located in the appendix,56,663
3085,interlocuteur,nm,speaker,vous aimez voir les yeux de vos interlocuteurs –,you like to see the eyes of the people you talk to,76,314
3086,spécifier,v,to specify,je ne peux pas spécifier l’année –,I can’t specify the year,43,952
3087,souple,adj(f),"supple, agile, soft, floppy, flexible",faut être agile et souple –,you gotta be agile and flexible,82,219
3088,rémunération,nf,"remuneration, payment, pay",comment jugez-vous la rémunération des dirigeants français –,what do you think of French leaders’ pay?,70,392
3089,faillite,nf,"bankruptcy, collapse, failure",beaucoup d’entre eux devront déclarer faillite –,many of them will have to declare bankruptcy,70,396
3090,touchant,"adj, prep","with regard to, concerning, touching, moving",c’est un personnage très touchant –,he has a very touching personality,72,366
3091,hostile,adj(f),hostile,les rues me semblaient hostiles –,the streets seemed hostile to me,71,383
3092,imprimer,v,"to print, print out",je demande que ce rapport soit imprimé –,I request that this report be printed,78,274
3093,abuser,v,"to abuse, mislead, take advantage","j’ai été injuste, j’ai abusé de ma force –","I was unjust, I abused my authority",78,277
3094,vérification,nf,"check, verification",arrêtez-le au coin pour vérification –,stop him at the corner for an identity check,56,643
3095,aveugle,nadj(f),blind,un jour tu seras aveugle. comme moi –,someday you’ll be blind. like me,64,504
3096,jurer,v,to swear,je jure sur la tombe de ma grand-mère –,I swear on my grandmother’s grave,59,588
3097,trésor,nm,"treasure, treasury",t’es complètement obsédé par un trésor –,you’re completely obsessed by a treasure,72,362
3098,vingtaine,nf,about twenty,une vingtaine de personnes auraient été interpellées –,about 20 persons were apparently summoned,66,457
3099,séquence,nf,sequence,certaines séquences virales protègent les cellules –,some viral sequences protect cells,48,829
3100,musicien,nadj,musician,ça prend de vrai musiciens pour jouer du blues –,it takes true musicians to play the blues,62,531
3101,routier,nadj,"road, long-distance lorry or truck driver",nous avons besoin d’un réseau routier continental –,we need a continental network of roads,63,524
3102,embrasser,v,"to kiss, embrace",je n’embrasse pas des inconnus. moi non plus –,I don’t kiss strangers. neither do I,60,577
3103,échéance,nf,"expiration date, date of payment, deadline",le contrat arrive à échéance dans quelques mois –,the contract expires in a few months,72,373
3104,surplus,nm(pl),surplus,"s’il y a des surplus, je les prends –","if there’s a surplus, I’ll take them",57,628
3105,prématuré,nadj,premature,c’est le résultat de la mort prématurée de ta mère –,it results from the premature death of your mother,85,172
3106,décrocher,v,"to take down, take off, pick up, lift",je me suis enfin décidé à décrocher le téléphone –,I finally decided to pick up the telephone receiver,74,328
3107,rembourser,v,"to reimburse, pay back, pay off, repay",la compagnie d’assurance me remboursera de toute manière –,"anyway, the insurance company will reimburse me",71,380
3108,adhérer,v,"to stick to, support, join, be a member of","quoi que vous fassiez, adhérez à l’Union –","whatever you do, join the Union!",76,310
3109,défenseur,"nm, nf",defender,mon fusil et moi sommes les défenseurs de ma patrie –,my rifle and I are the defenders of my homeland,72,366
3110,citation,nf,"quote, quotation, citation",j’aimerai mentionner quelques citations –,I would like to mention some citations,73,352
3111,reconstruction,nf,reconstruction,"après notre victoire, la reconstruction sera très rapide –","after our victory, reconstruction will be very swift",65,485
3112,retomber,v,"to fall again, fall down again","il essaie de se lever, retombe –","he tried to stand up, falls down again",71,383
3113,pourvoir,v,"to provide, equip, supply, furnish","dans quelques années, l’Iran sera pourvu de l’arme nucléaire –","in a few years, Iran will be equipped with the nuclear weapon",77,281
3114,systématique,nadj(f),systematic,la théologie comporte une partie systématique –,theology includes a systematic component,75,320
3115,véritablement,adv,"truly, really","elle me démolit, véritablement. elle vous démolit? –","she destroys me, really. does she destroy you?",71,378
3116,parallèlement,adv,"in parallel, similarly",j’ai toujours mené parallèlement le travail poétique et le travail social –,I always kept my poetic work and social work in parallel,70,393
3117,légume,"nm, nf",vegetable,je ne mange pas de légumes non plus –,I don’t eat vegetables either,81,229
3118,francophone,adj(f),"French-speaking, French speaker, francophone",nous devons parler français avec les francophones –,we should speak French with francophones,58,608
3119,émaner,v,"to issue from, emanate from, come from, radiate from","quelque chose émane de lui, non? –","something radiates from him, doesn’t it?",74,328
3120,souffle,nm,"breath, puff",je détournais la tête en retenant mon souffle –,I turned away my head and held my breath,65,476
3121,lac,nm,lake,je vais vous faire courir autour du lac –,I’m going to make you run around the lake,73,344
3122,souhait,nm,wish,"fais un souhait, mon chéri –","make a wish, my dear",78,277
3123,prévaloir,v,to prevail,les Etats-Unis se félicitent d’avoir fait prévaloir leurs vues –,the U.S. is proud of having made its views prevail,75,321
3124,sixième,"det, nm, nf",sixth,je crois que c’est la sixième saison de cette émission –,I think it’s this program’s sixth season,71,371
3125,enveloppe,nf,envelope,elle a fait tomber une enveloppe dans ma chambre –,she dropped an envelope in my room,75,319
3126,extension,nf,"extension, stretching, expansion",on craint surtout l’extension de la guerre civile –,our worst fear is an extension of the civil war,67,446
3127,effondrer,v,"to collapse, cave in, fall down",notre pays était complètement effondré,,,
3128,apprêter,v,"to prepare, get ready, dress",nous nous apprêtons à adopter un nouveau système –,we’re preparing to adopt a new system,71,368
3129,anonyme,adj(f),anonymous,on parle d’une adresse anonyme sur l’Internet –,people talk about an anonymous Internet address,76,298
3130,cibler,v,to target,elles pourront frapper des groupes ciblés –,they can strike the targeted groups,73,337
3131,additionnel,adj,additional,elle n’a pas besoin de fonds additionnels –,she has no need of additional funds,71,367
3132,excès,nm(pl),"excess, surplus, abuse",il y a eu un excès de confiance chez certains –,some of them had an excess of confidence,72,364
3133,douzaine,nf,dozen,il a écrit une douzaine de poèmes courts –,he wrote about a dozen short poems,83,199
3134,turc,"adj, nm","Turk, Turkish",les Turcs musulmans se répandirent en Europe –,the Moslem Turks spread across Europe,52,720
3135,incertain,nadj,"uncertain, unsure",la frontière qui les sépare est incertaine –,the border separating them is poorly defined,72,356
3136,épouser,v,"to marry, wed",je veux t’épouser –,I want to marry you,60,552
3137,consensus,nm(pl),consensus,il faut obtenir un vaste consensus –,we need a vast consensus,66,452
3138,chat,nm,cat; chat,je crois qu’un chat a dormi sur ma tête hier –,I think a cat slept on my head yesterday,67,438
3139,avertissement,nm,warning,tu m’avais déjà donné un avertissement –,you had already warned me,77,284
3140,excédent,nm,surplus,nous savons que l’excédent va cesser d’augmenter –,we know that the surplus will stop increasing,56,640
3141,mondialisation,nf,"internationalisation, globalisation",je suis pour une mondialisation avec des règles éthiques –,I’m all for globalization with ethical rules,63,509
3142,conventionnel,nadj,conventional,ces missiles étaient équipés de têtes conventionnelles –,these missiles were equipped with conventional warheads,79,250
3143,unanimité,nf,unanimity,leur décision devra être prise à l’unanimité –,their decision will have to be made unanimously,63,496
3144,romain,adj,Roman,elle heurta le soldat romain sur le casque –,she slugged the Roman soldier on the helmet,74,320
3145,inégalité,nf,"difference, uneveness, inequality",il protesta avec véhémence contre cette inégalité –,he vehemently protested this inequality,70,390
3146,originaire,adj(f),"original, first, native to",je suis originaire d’Europe de l’Est –,I come from Eastern Europe,72,351
3147,finale,"nm, nf","finale, final event","c’est la finale du foot, le Super Bowl –","it’s the football championship, the Super Bowl",48,809
3148,mademoiselle,nf,Miss,"excusez moi, mademoiselle. vous pouvez m’aider? –","excuse me, miss. can you help me?",54,670
3149,coûteux,adj(pl),"expensive, costly",l’équipement individuel est extrêmement coûteux –,the standalone equipment is very expensive,73,342
3150,ventre,nm,"belly, stomach","il s’approchait, son ventre brillait entre les vagues –","he approached, his stomach glistening among the waves",58,583
3151,soixante,"det, nmi",sixty,il y a plus de soixante ans que j’en ai perdu l’habitude –,I dropped the habit over sixty years ago,64,483
3152,bière,nf,beer; coffin,je veux prendre deux bouteilles de bière avant de partir –,I want to take two bottles of beer before leaving,68,419
3153,passif,nadj,"passive, liabilities",nous ne jouons pas un rôle passif –,we’re not playing a passive role,76,291
3154,interrogation,nf,"question, interviewing, interrogation, questioning, test",je laisse toutes ces interrogations à votre réflexion –,I leave all these questions to your pondering,79,255
3155,voile,"nm, nf","veil, sail",j’ai le vent dans les voiles –,I have the wind in my sails,74,320
3156,accentuer,v,"to stress, to emphasize, become more pronounced",la méfiance entre salariés et employeurs s’accentue –,the mistrust between salaried workers and employers is growing,74,324
3157,rattacher,v,"to attach, join, tie",a quelle école vous rattachez-vous? –,what school do you go to?,78,260
3158,manuel,"adj, nm",manual,il faudra écrire un manuel d’utilisation –,we’ll need to write a user’s manual,73,337
3159,contracter,v,"to contract, take out, tense",elles ont contracté la maladie –,they contracted the sickness,74,321
3160,territorial,adj,"territorial, land",le droit à l’intégrité territoriale est inscrit dans la loi –,the right to territorial integrity is upheld in the law,66,454
3161,subsister,v,"to subsist, remain","le racisme, lui, subsiste encore –",but racism still remains,64,483
3162,carré,nadj,"square, broad, plain",la salle était petite et carrée –,the room was small and square,72,350
3163,voleur,nadj,"thief, light-fingered",je ne suis pas un voleur –,I’m not a thief,75,304
3164,centrale,nf,"power station, central office",ce devait être la plus grande centrale électrique au gaz naturel –,it was supposed to be the largest natural gas electrical power station,71,370
3165,pôle,nm,pole,il sera parti au Pôle Nord –,he will have left for the North Pole,72,356
3166,délit,nm,"crime, offence",tous avaient été surpris en flagrant délit –,they were all caught in the act,76,286
3167,usager,nm,user,l’usager modifie les paramètres de renvoi d’appel –,the user modifies the call forwarding parameters,46,826
3168,musical,adj,musical,ce genre musical est plus anglophone que francophone –,this style of music is more English than French,60,551
3169,allumer,v,"to switch on, light up, turn on",allumons la télé –,let’s turn on the TV,60,543
3170,quelquefois,adv,sometimes,quelquefois je pense qu’il a raison –,sometimes I think he’s right,56,613
3171,disperser,v,"to scatter, spread, disperse",l’armée va disperser la foule –,the army’s going to disperse the crowd,77,280
3172,déchirer,v,"to tear up, tear, rip",le papier était déchiré –,the paper was torn,69,399
3173,mépris,nm(pl),"contempt, scorn, disdain",je n’ai plus que du mépris pour elle –,I have nothing but disdain for her,72,344
3174,échantillon,nm,sample,les échantillons sont faciles à transporter –,the samples are easy to transport,67,423
3175,continuité,nf,"continuity, continuation",nous sommes conscients de la continuité de cet effort –,we are aware of the ongoing nature of this effort,59,559
3176,fichier,nm,file,ouvrez simplement un nouveau fichier –,just open a new file,46,825
3177,conquête,nf,conquest,il rêve de conquêtes militaires –,he dreams of military conquests,75,309
3178,contourner,v,"to bypass, go round","avec les chariots, on va contourner les rapides –","with the wagons, we’ll bypass the rapids",82,206
3179,supplément,nm,"supplement, extra",on pourrait peut-être obtenir en douce un supplément de papier –,maybe they can sneak us an extra quantity of paper,79,246
3180,sincère,adj(f),sincere,j’offre mes sincères condoléances à sa famille –,I offer my sincere sympathies to his family,72,342
3181,optique,nadj(f),"optical, optic, perspective",j’étais dans une optique de colonie de vacances –,I was in a vacation colony frame of mind,75,302
3182,maximal,adj,maximal,le seuil de pollution maximale avait été atteint –,the maximum pollution level was reached,62,504
3183,permission,nf,"permission, leave","avec votre permission, je me retire –","with your permission, I shall withdraw",61,516
3184,méchant,nadj,"nasty, wicked, mean",ce vilain méchant ne te fera rien –,this no-good jerk won’t do anything to you,65,460
3185,idéologie,nf,ideology,je n’approuvais pas son idéologie économique –,I didn’t approve of his economic ideology,69,388
3186,interview,nf,interview,ils préfèrent donner des interviews téléphoniques –,he prefers being interviewed on the telephone,56,615
3187,désespoir,nm,despair,votre rire trahit un désespoir hystérique –,your laugh betrays a hysterical despair,67,426
3188,humeur,nf,"mood, temper",il paraissait de bonne humeur –,he seemed to be in a good mood,62,496
3189,demandeur,nm,"seeker, complainant",personne n’avait voulu accueillir les demandeurs d’asile –,nobody wanted to welcome the asylum seekers,52,684
3190,horrible,adj(f),"horrible, terrible, dreadful, hideous",la violence est une chose horrible –,violence is a horrible thing,70,373
3191,conquérir,v,to conquer,tu dois conquérir la foule … pour conquérir ta liberté –,you must conquer the crowds … to conquer your freedom,74,311
3192,horaire,nadj(f),"schedule, timetable, hourly",j’ai un horaire assez chargé –,I have a rather busy schedule,72,339
3193,encouragement,nm,encouragement,je crois qu’il apprécie les encouragements –,I think he appreciated the encouragement,87,147
3194,motiver,v,"to justify, account for, motivate",qu’est-ce qui vous a motivé à écrire ce livre? –,what motivated you to write this book?,72,345
3195,plier,v,"to fold, fold up, fold back, bend",j’ai un lit pliant –,I have a folding cot,72,343
3196,homologue,adj(f),"counterpart, homologue",j’en discuterai avec mon homologue –,I’ll discuss it with my counterpart,62,509
3197,successif,adj,successive,les déplacés sont arrivés par vagues successives –,the displaced persons arrived in successive waves,72,351
3198,manifestement,adv,"manifestly, clearly",elle a manifestement bénéficié d’un large soutien –,she clearly enjoyed widespread support,76,293
3199,olympique,adj(f),Olympic,il s’était dopé pour les Jeux olympiques –,he doped himself for the Olympic Games,51,718
3200,littéralement,adv,literally,les radiations vont littéralement cuire la planète –,radiation will literally cook the planet,81,223
3201,reproduction,nf,reproduction,j’ai une superbe collection de reproductions –,I have a superb collection of reproductions,73,331
3202,propice,adj(f),"favorable, auspicious propitious",la situation n’était pas très propice –,the situation was not ideal,84,175
3203,chèque,nm,check,nous réglerons par chèque en fin de mois de livraison –,we will pay by check at the end of each delivery’s month,70,378
3204,explorer,v,"to explore, investigate, examine",il faudrait explorer le coin –,the place should be explored,72,342
3205,matériau,nm,material,"le granit est un matériau noble, solide, éternel –","granite is a noble, solid, eternal material",72,346
3206,dépendance,nf,"dependence, dependency",la cocaïne ne crée pas de dépendance physique –,cocaine doesn’t create a physical addiction,73,322
3207,nu,nadj,"naked, nude",au fait…j’aime dormir nu –,in fact…I like to sleep in the nude,64,473
3208,poignée,nf,"handful, fistful, handle",il saisit la valise par la poignée –,he grasped the suitcase by the handle,76,278
3209,abaisser,v,"to pull down, lower, reduce",les prix ne sont pas abaissés proportionnellement aux coûts –,the prices aren’t reduced proportionately to costs,72,340
3210,divergence,nf,"divergence, difference",les divergences persistent entre les grandes puissances –,differences persist among the superpowers,74,307
3211,restant,"adj, nm","remaining, the rest, the remainder","elle sera toujours là, pour le restant de mes jours –","she will always be there, for the rest of my days",79,237
3212,détention,nf,"detention, possession",il existe des règles sur la détention de prisonniers –,there are rules for detaining prisoners,64,472
3213,étouffer,v,"to suffocate, smother, muffle",elle avait été contrainte de l’étouffer –,she was forced to suffocate him,72,334
3214,inscription,nf,"registration, enrolment; engraving","c’est quoi, l’inscription, sur votre casque? –",what does the engraving on your helmet say?,78,250
3215,montée,nf,"climb, ascent, rise, raising",la demande interne reste bridée par la montée du chômage –,internal demand remains flat due to the climb in unemployment,71,354
3216,approvisionnement,nm,"supply, supplies, stock, supplying, stocking",les approvisionnements ont été réduits de 25 % –,supplies have been reduced by 25%,68,398
3217,municipalité,nf,municipality,dans chaque municipalité on en trouve des écoles françaises –,in every municipality there are French schools,61,506
3218,consécutif,adj,consecutive,"pour la seconde année consécutive, la croissance sera négative –","for the second consecutive year, growth will be negative",61,505
3219,nuage,nm,cloud,quelques petits nuages se roulaient en boule dans le ciel –,a few small clouds somersaulted through the sky,61,515
3220,institutionnel,adj,institutional,"là, plus aucun lieu institutionnel ne les protège –","there, no institutional tie protects them",64,469
3221,confédération,nf,confederation,les quatre confédérations ont arrêté leur décision mardi –,the four confederations announced their decision Tuesday,63,479
3222,quiconque,pro,"whoever, anyone who",je donnerais ma chemise à quiconque en aurait besoin –,I would give my shirt to anyone who needed it,72,342
3223,vendeur,nm,"salesman, seller","ça, c’est un vendeur. il a fait une promesse –",now there’s a salesman. he’s made a promise,77,264
3224,réplique,nf,"reply, retort; replica",c’est une réplique de la Grande Pyramide de Giza –,it’s a replica of the Great Pyramid of Giza,78,259
3225,acquitter,v,"to acquit, pay, settle, pay off",il a été acquitté de l’accusation –,he was acquitted of the charge,70,367
3226,intervalle,nm,"space, distance, interval",il passe devant moi à des intervalles sans doute réguliers –,he passes before me in what must be regular intervals,55,621
3227,métro,nm,"underground, metro",toutes les lignes de métro fonctionnaient –,all the subway lines were working,71,347
3228,coutume,nf,custom,la coutume est une seconde nature –,customs are a kind of second nature,79,246
3229,fatiguer,v,"to tire, get tired","si j’étais fatigué, je dormais –","if I was tired, I went to sleep",62,490
3230,panique,nadj(f),panic,ils essaient de créer la panique –,they are trying to cause panic,78,254
3231,abriter,v,"to shelter, shade",je sais où ce monstre s’abrite –,I know where this monster is hiding out,70,363
3232,variété,nf,variety,il y a une variété infinie de biocombustibles –,there’s an infinite variety of biofuels,70,361
3233,bulletin,nm,"bulletin, report",mais vous avez quand même un bulletin de météo –,but you at least have a weather forecast,64,467
3234,flotte,nf,fleet,la flotte japonaise a pris la fuite –,the Japanese fleet escaped,77,267
3235,décourager,v,"to discourage, dishearten, lose heart",il ne faut surtout pas se décourager –,"whatever you do, don’t get discouraged",77,268
3236,poussière,nf,dust,tu es poussière et tu retourneras en poussière –,dust thou art and unto dust shalt thou return,64,456
3237,fierté,nf,pride,ils ont la fierté d’être des propriétaires –,they have the pride of ownership,70,370
3238,épisode,nm,episode,cette musique ne ressemblait à aucun épisode de son existence –,this music didn’t resemble any episode of his existence,72,330
3239,détacher,v,"to untie, detach, remove",détachez votre roue de secours –,remove your spare tyre,69,375
3240,interface,nf,interface,trois éléments d’interface sont définis pour le flux d’information –,three interfaces are defined for the information flow,42,902
3241,administrateur,nm,administrator,voyez comme on est de très bons administrateurs –,see how we’re such good administrators,70,369
3242,doucement,adv,"gently, softly",il a refermé la porte tout doucement –,he closed the door very gingerly,55,615
3243,quoique,conj,"although, though","je n’écrirai plus, quoique j’en souffre –","I don’t write any more, though I suffer because of it",67,412
3244,projection,nf,"projection, ejection, discharge",il y avait des projections sur un écran –,there were projections on a screen,77,261
3245,treize,"det, nmi",thirteen,onze cafards … douze cafards … treize cafards –,eleven cockroaches … twelve cockroaches … thirteen cockroaches,63,478
3246,antenne,nf,antenna,il y a une antenne sur le toit? –,is there an antenna on the roof?,61,507
3247,tarif,nm,"price, rate, fare, tariff",le contenu du message dépendra du tarif –,the content of the message will depend on the rate,68,398
3248,remplacement,nm,"replacement, standing in",il vous en donne une nouvelle en remplacement de votre carte perdue –,he’s giving you a new replacement for your lost card,69,380
3249,devise,nf,"currency, motto, slogan",le dollar progressait également face aux autres devises –,the dollar also gained over the other currencies,70,364
3250,optimisme,nm,optimism,"selon moi, son optimisme ne se justifie pas –","in my opinion, his optimism isn’t justified",78,253
3251,chanteur,nadj,singer,elle réalisait son rêve. elle était chanteuse –,she fulfilled her dream. she was a singer,66,420
3252,décret,nm,decree,le président a signé un décret –,the president signed a decree,68,385
3253,écrit,nadj,writing,"hélas, tous ses écrits sont perdus! –","alas, all of his writings have been lost!",64,459
3254,suggestion,nf,suggestion,cette suggestion enchanta le directeur –,this suggestion charmed the director,70,354
3255,queue,nf,"tail, handle, stalk, stem, rear",faites la queue et ne poussez pas –,get in line and don’t push,69,375
3256,durement,adv,"harshly, severely","nous avons assez durement vécu, en tant que nation –","we have lived quite a harsh life, as a nation",78,248
3257,applaudir,v,"to clap, applaud",il voudrait que nous applaudissions son discours –,he wanted us to applaud his talk,77,265
3258,sucre,nm,sugar,le marché du sucre se présentait comme une gourmandise –,the sugar market resembled a piece of candy,76,272
3259,prioritaire,nadj(f),"priority, having priority, having right of way",je te fais un passe prioritaire –,I’ll give you a special-entry pass,73,321
3260,chair,nf,flesh,elle était bien en chair –,she looked overweight,57,562
3261,exécutif,nadj,executive,la responsabilité du pouvoir exécutif doit être entière –,the responsibility of executive power must be complete,67,399
3262,compétent,adj,competent,je ne suis pas compétent pour ce type d’opération –,I’m not competent for this type of operation,68,384
3263,sable,"adji, nm",sand,j’ai dormi dans le sable des dunes –,I slept in the sand dunes,65,436
3264,corruption,nf,corruption,la population souffre de la corruption des politiciens –,the population suffers from politicians’ corruption,63,470
3265,blé,nm,wheat,le blé n’est plus cultivé dans cette région –,wheat is not cultivated in this region,69,377
3266,chaos,nm(pl),chaos,"pour éviter la panique et le chaos, le public ne doit rien savoir –","to avoid panic and chaos, the public must know nothing",77,265
3267,référer,v,"to refer, consult, refer to",je vous réfère à notre défense –,I refer you to our defense,68,388
3268,obéir,v,"to obey, comply with, respond to",il n’obéit à aucune loi –,he doesn’t obey any law,64,445
3269,fusil,nm,"rifle, gun","sans mon fusil, je ne suis rien –","without my rifle, I’m nothing",68,383
3270,taper,v,"to beat, slam, bang, type",tapez Control-U pour vider le champ Répertoire –,type Control-U to erase the Index field,67,398
3271,cohérent,adj,coherent,votre récit paraît cohérent et logique –,your account seems coherent and logical,72,325
3272,discrétion,nf,discretion,elle était connue pour son absolue discrétion –,she was well known for her total discretion,82,198
3273,odeur,nf,"smell, odor","il sentait mauvais, l’odeur des vieillards –","he smelled bad, the stench of old men",55,598
3274,identification,nf,identification,il n’a pas de papiers d’identification –,he doesn’t have identity papers,61,501
3275,fêter,v,to celebrate,je crois qu’on devrait fêter ça –,I think we should celebrate that,75,288
3276,substantiel,adj,substantial,on a fait une progression substantielle –,we have made substantial progress,75,285
3277,asiatique,nadj(f),Asian,la Russie n’est un pays ni asiatique ni européen –,Russia is neither an Asian country nor a European one,69,376
3278,aspiration,nf,aspiration,nous devons répondre aux aspirations de ces pays –,we must respond to the aspirations of these countries,78,253
3279,photographie,nf,photography,vos photographies m’ont fait passer des heures inoubliables –,I have spent several unforgettable hours with your photographs,74,297
3280,exclusion,nf,"exclusion, expulsion",la pauvreté et l’exclusion sociale sont en grave augmentation –,poverty and social exclusion are increasing seriously,66,413
3281,préconiser,v,"to recommend, advocate",je préconise la souplesse plutôt que la ligne dure –,I recommend flexibility rather than a hard line,66,410
3282,tribune,nf,"platform, forum, gallery",divers orateurs défilèrent à la tribune –,various speakers filed up to the speaker’s gallery,71,342
3283,bénéficiaire,nadj(f),beneficiary,nous demeurons les bénéficiaires des sacrifices –,we are the beneficiaries of sacrifices,62,486
3284,historien,nm,historian,les historiens en débattront pendant longtemps –,historians will debate this for a long time,72,331
3285,seize,"det, nmi",sixteen,elle y chante depuis l’âge de seize ans –,she has been singing there since she was sixteen years old,,
3286,tentation,nf,temptation,des tentations lui revinrent à l’esprit –,temptations came into his mind,75,284
3287,gloire,nf,"glory, fame","il ne recherche ni gloire, ni fortune –",he seeks neither glory nor fortune,65,438
3288,vanter,v,"to vaunt, boast, brag",je suis con et je m’en vante –,I’m an idiot and I’m proud of it,74,297
3289,coincer,v,"to jam, hinder, get stuck",nous sommes coincés dans les embouteillages –,we’re stuck in traffic jams,69,367
3290,silencieux,nadj(pl),"silent, noiseless, silencer",elle était silencieuse la plupart du temps –,she was silent most of the time,69,377
3291,continu,nadj,continuous,vous êtes fier de ce succès continu? –,are you proud of this ongoing success?,73,308
3292,chantier,nm,"construction site, roadworks",je vais louer du matériel de chantier –,I will rent construction-site equipment,67,404
3293,croyance,nf,belief,votre salut viendra de votre croyance en la vérité –,your salvation will come from your belief in truth,77,261
3294,ennui,nm,"boredom, trouble, worry",je parie que vous mourez d’ennui –,I bet you’re dying of boredom,60,507
3295,pompier,"adj, nm","fireman, firefighter",les pompiers restaient pessimistes –,the firemen remained pessimistic,65,428
3296,inspection,nf,inspection,je dois faire une inspection sur place très minutieuse –,I have to do a very thorough on-site inspection,72,333
3297,convertir,v,to convert,"vous vous êtes converti, vous avez changé d’idée –","you have converted, you have new ideas",71,345
3298,pouce,nm,"thumb, inch",votre père lève les pouces pour dire bravo –,your father is giving a “well-done” thumbs-up sign,75,281
3299,clientèle,nf,"customers, clientele",on a une clientèle d’habitués qui viennent et reviennent –,we have a clientele of regulars who come and go,69,372
3300,atténuer,v,"to lessen, diminish, dim, subdue, reduce",nous voulons atténuer la pauvreté –,we want to reduce poverty,78,244
3301,révélation,nf,"diclosure, revelation",ce livre a été pour moi une révélation –,this book was a revelation for me,76,273
3302,survivant,nadj,"survivor, surviving",on n’a trouvé que 2 survivants pour l’instant –,so far only 2 survivors have been found,70,354
3303,applicable,adj(f),applicable,plusieurs techniques sont sans doute applicables –,several techniques are undoubtedly applicable,56,581
3304,équitable,adj(f),"equitable, fair",ce n’était ni juste ni équitable –,it was neither just nor fair,58,537
3305,schéma,nm,"diagram, outline",le tyrannosaure obéit à aucune schéma de groupe –,the tyrannosaurus didn’t follow any group scenarios,67,395
3306,acier,nm,steel,l’industrie de l’acier est confrontée à la dure réalité –,the steel industry is confronted with a grim reality,74,301
3307,vainqueur,"nm, nf",winner,"si vous pensez en vainqueurs, vous le deviendrez –","if you think like winners, that’s what you’ll become",57,563
3308,dépendant,adj,"answerable, responsible, dependent","en amour, vous serez dépendant, heureux ou malheureux –","in love you’ll be dependent, whether happy or unhappy",81,209
3309,sud-est,nmi,south-east,15 séismes ont affecté le sud-est de la France –,15 earthquakes affected south-eastern France,59,528
3310,brancher,v,"to plug in, connect",ils n’étaient pas branchés sur le réseau –,they weren’t connected to the network,76,269
3311,concession,nf,concession,toute négociation est faite de concessions mutuelles –,every negotiation results from mutual concessions,70,353
3312,mystérieux,nadj(pl),"mysterious, secretive",l’eau pour moi est un élément mystérieux –,water for me is a mysterious substance,71,341
3313,assdassinat,nm,"murder, assassination",quiconque meurt de faim meurt d’un assassinat –,whoever starves to death suffers an assassination,57,554
3314,rive,nf,"shore, bank","je regagnais la rive gauche, et mon domicile –","I arrived at the left bank, and my home",74,290
3315,tolérance,nf,tolerance,vous apprendrez la tolérance –,you’re learning tolerance,70,354
3316,clarté,nf,"lightness, brightness clearness, clarity",j’ai toujours été impressionné par la clarté de ses pensées –,I have always been impressed with the clarity of his thoughts,70,349
3317,conjoint,nadj,"spouse, joint",je parle le français mais mon conjoint est anglophone –,I speak French but my spouse is English-speaking,62,473
3318,fermement,adv,firmly,nous croyons fermement en ce principe –,we firmly believe in this principle,74,301
3319,redonner,v,"to give back, return, give more",il faut leur redonner un peu de dignité –,we have to give them back a little dignity,76,268
3320,assortir,v,"to match, accompany",j’essaye d’assortir votre visage avec vos cheveux –,I’m trying to match your face with your hair,81,201
3321,change,nm,exchange,sur le marché des changes l’euro est extrêmement ferme –,on the currency market the euro is extremely solid,59,515
3322,star,nf,star,t’es devenu une grande star de cinéma –,you’ve become a great movie star,65,424
3323,grain,nm,"grain, bean, bead; spot, mole",un seul grain de sel dissout un bloc de glace –,a single grain of salt dissolves a block of ice,67,394
3324,compliqué,nadj,"complicated, complex",vous voyez la situation est très compliquée –,you see that the situation is very complicated,77,255
3325,malaise,nm,"uneasiness, discomfort",les malaises sont souvent soulagés par le rire –,discomfort is often alleviated by laughter,74,292
3326,restaurer,v,"to restore, feed",nous allons d’abord nous restaurer –,we’re going to eat first of all,80,212
3327,ambassade,nf,embassy,faites une réclamation à votre ambassade! –,complain to your embassy!,59,522
3328,diplôme,nm,"diploma, certificate",tous aspiraient à avoir un diplôme de la Sorbonne –,everyone wanted a diploma from the Sorbonne,77,257
3329,miroir,nm,mirror,on avait un miroir mais quelqu’un l’a cassé –,we had a mirror but somebody broke it,67,386
3330,spectaculaire,adj(f),spectacular,c’est un changement historique et spectaculaire –,it’s a historical and spectacular change,70,350
3331,restructuration,nf,"restructure, restructuring","parallèlement, une restructuration va être lancée –","in parallel, a restructuring will begin",63,450
3332,proie,nf,prey,ils sont régulièrement la proie des nombreuses prostituées –,they regularly fall prey to numerous prostitutes,75,277
3333,domination,nf,"domination, dominion, rule",il faut craindre une domination américaine excessive –,we should fear excessive American domination,64,435
3334,otage,nm,hostage,il a pris un flic en otage –,he took a cop hostage,53,628
3335,moquer,v,"to mock, make fun of","il s’est moqué de moi, comme de vous –","he made fun of me, and of you as well",63,451
3336,allier,v,"to ally, match, unite",le Hezbollah est allié à toutes les forces de résistance –,Hezbollah is allied with all the resistance forces,71,338
3337,couvert,nadj,"covered, overcast; place, seat, cutlery","je me sauvai, sous le couvert de la nuit –",I fled under the cover of night,71,333
3338,demi-heure,nf,half an hour,ça fait une demi-heure que je vous attends –,I have been waiting for you for half an hour,75,275
3339,placement,nm,"investment, placing",il gère des placements pour l’argent de la drogue –,he launders drug money,57,545
3340,difficilement,adv,with difficulty,leur insatiabilité les rend parfois difficilement supportables –,sometimes their instability renders them barely tolerable,74,286
3341,grille,nf,"railings, gate, grid, scale",il tapait du poing sur la grille –,he pounded the gate,67,388
3342,vieillir,v,to grow old,"en vieillissant, les choix se réduisent –","getting old, your choices become more limited",74,289
3343,abord,nm,"manner; approach, access, environs",ils vivent aux abords de Madrid dans leurs caravanes –,they live in the outskirts of Madrid in their trailers,78,240
3344,exigeant,adj,"demanding, difficult",Simone était une femme exigeante –,Simone was a demanding woman,82,196
3345,primitif,nadj,primitive,nous ne pouvons pas accepter cette forme primitive de justice –,we can’t countenance this primitive form of justice,47,728
3346,lune,nf,moon,"le soleil se couche, la lune se lève –","the sun sets, the moon rises",60,492
3347,mention,nf,"mention, note, comment, notice",on n’a même pas fait mention du problème –,nobody even mentioned the problem,76,261
3348,pertinent,adj,"pertinent, relevant",je lui posai quelques questions pertinentes –,I asked him some relevant questions,61,476
3349,brièvement,adv,briefly,"messieurs, je voudrais intervenir très brièvement –","sirs, may I interrupt briefly",72,319
3350,actionnaire,"nm, nf",shareholder,les actionnaires recevront un dividende –,the shareholders will receive a dividend,57,536
3351,emprisonner,v,"to imprison, jail, put in jail, trap",vous avez été harcelé et emprisonné pour vos opinions –,you have been harrassed and imprisoned for your opinions,82,186
3352,raisonnement,nm,reasoning,le livre explique en détail ce raisonnement assez simple –,the book details this rather simple rationale,72,316
3353,monstre,nadj(f),monster,vous êtes bien le monstre que j’ai créé –,you are indeed the monster that I created,66,394
3354,quai,nm,"platform, quay, embankment",ce quai est interdit d’accès aux civils –,this quay is off limits to civilians,68,378
3355,légende,nf,"legend, caption, key",je lisais des contes et légendes mythologiques –,I read mythological fables and legends,76,267
3356,spécialité,nf,specialty,la santé n’est pas ma spécialité –,health isn’t my specialty,81,200
3357,cruel,adj,"cruel, ferocious, bitter",ce type est aussi intelligent que cruel –,this guy is as intelligent as he is cruel,70,344
3358,démission,nf,resignation,le conseil de direction veut ta démission sous 30 jours –,the board of directors wants your resignation within 30 days,60,496
3359,quatorze,"det, nmi",fourteen,elle échoue quatorze mois plus tard –,it failed fourteen months later,61,478
3360,redouter,v,"to dread, fear",elle redoutait que sa fille ne devînt une intellectuelle –,she was afraid her daughter would become an intellectual,67,380
3361,médaille,nf,medal,comme si j’avais gagné une médaille –,as if I had won a medal,68,374
3362,célibataire,nadj(f),"single, unmarried","au fait, je suis célibataire, sans aucune attache –","in fact, I’m single, without any attachments",80,212
3363,impasse,nf,"dead end, cul-de-sac",il nous laisse dans l’impasse –,it leaves us at a stalemate,75,269
3364,contredire,v,to contradict,j’aimerais que vous le contredisiez –,I would like you to contradict him,81,197
3365,atelier,nm,"workshop, studio",j’étais seul dans un petit atelier –,I was alone in a small studio,71,330
3366,amical,adj,friendly,on avait des rapports très amicaux –,we had a very friendly relationship,75,275
3367,empire,nm,empire,il laissait à son fils un empire florissant –,he left to his son a flourishing empire,63,441
3368,redresser,v,"to straighten, set right, redress, turn around",il se redresse légèrement sur sa chaise –,he straightened up in his chair almost imperceptibly,66,403
3369,invisible,adj(f),invisible,vous traversez maintenant une frontière invisible –,you’re now crossing an invisible border,68,366
3370,ramasser,v,"to pick up, collect, gather",je ramassai mon parapluie –,I gathered up my umbrella,64,434
3371,politicien,nadj,politician,tous les politiciens disent : les gens ordinaires sont intelligents –,all politicians say: ordinary people are intelligent,69,355
3372,acheminer,v,"to forward, dispatch, transport",d’autres produits doivent être acheminés au port –,other products will have to be shipped to the port,55,567
3373,comédie,nf,"comedy, playacting",c’est une comédie et les gens ont besoin de rire –,it’s a comedy and people need to laugh,69,350
3374,propagande,nf,propaganda,la propagande nous permettra de conquérir le monde –,propaganda will enable us to conquer the world,79,222
3375,colonie,nf,colony,l’esclavage a été aboli dans les colonies françaises en 1848 –,slavery was abolished in French colonies in 1848,62,459
3376,désordre,nm,"disorder, confusion",il y a du désordre dans la cuisine –,the kitchen is relatively messy,72,307
3377,infini,nadj,"inifinite, infinity","il m’a écoutée, avec une infinie patience –",he listened to me with infinite patience,58,518
3378,savant,nadj,"scientist, scholar, learned, scholarly, clever, skilfull",on pouvait être homme sans être savant –,you could be a man without having to be a scholar,64,426
3379,terreur,nf,"terror, dread","de terreur, ses cheveux sont devenus blancs –",his hair has become white from terror,68,362
3380,recruter,v,to recruit,nous avons ainsi recruté un linguiste! –,so we have recruited a linguist!,71,324
3381,conformer,v,"to model, conform",cet objectif est conforme au mandat –,this goal conforms with the mandate,72,308
3382,virus,nm(pl),virus,elle porte un virus extraterrestre –,she carries an extraterrestrial virus,59,498
3383,reconnaissant,adj,grateful,nous avons de quoi être reconnaissants –,we have something to be thankful for,77,247
3384,délibérer,v,"to deliberate, debate",il délibéra longtemps avec lui-même –,for a long time he debated within himself,81,194
3385,inattendu,adj,unexpected,tout cela est bien inattendu –,all of this is quite unexpected,76,259
3386,tunnel,nm,tunnel,ils entreprennent de creuser un tunnel -,they undertake the digging of a tunnel,71,319
3387,cousin,nm,cousin,seule ma cousine Madeleine enfreignait cet interdit –,only my cousin Madeleine violated this proscription,63,433
3388,puiser,v,"to draw, take","où puisez-vous tout cet optimisme, cette sérénité? –",whence comes all of this optimism and serenity of yours?,79,227
3389,géographique,adj(f),"geographic, geographical",ils sont découpés en zones géographiques –,they are carved into geographic zones,72,306
3390,réacteur,nm,"reactor, jet engine",le conduit mène directement au réacteur –,the pipe leads directly to the reactor,63,438
3391,ajuster,v,"to adjust, alter, aim, aim at",je vais essayer de m’ajuster –,I’ll try to adjust,80,213
3392,œuvrer,v,to work,nous n’avons cessé d’æuvrer pour la promotion des femmes –,we haven’t stopped working to promote women,73,299
3393,sommeil,nm,"sleep, sleepiness",ton père est mort dans son sommeil –,your father died in his sleep,59,504
3394,automatiquement,adv,automatically,les résultats seront automatiquement enregistrés –,the results will be automatically stored,72,308
3395,balance,nf,"scales, balance",la balance commerciale franco-allemande a été équilibrée en janvier –,the German-French commercial balance was evened out in January,70,336
3396,dépression,nf,depression,il ne se remettra pas de sa dernière dépression –,he won’t recover from his last depression,79,227
3397,pompe,nf,pump,les prix de l’essence à la pompe varient –,the price of gas at the pump varies,77,242
3398,contestation,nf,"questioning, protest",il n’y a aucune contestation à cet égard –,there is no disputing that,69,354
3399,inconvénient,nm,"snag, drawback, disadvantage, inconvenience",c’était là un inconvénient que je ne pouvais éviter –,that was a setback that I couldn’t avoid,79,218
3400,frein,nm,brake,vos freins marchent pas? –,your brakes don’t work?,82,187
3401,inspiration,nf,inspiration,j’ai eu l’inspiration pour faire cette peinture –,I was inspired to make this painting,73,294
3402,candidature,nf,"application, candidacy, candidature",ma candidature ne pouvait pas être considérée –,my candidacy couldn’t be considered,62,449
3403,armement,nm,"arms, weapons, armament",l’industrie des armements avait une importance –,the arms industry has some importance,64,414
3404,épargne,nf,"savings, saving",le portefeuille des fonds d’épargne devrait fortement progresser –,the savings funds portfolio should strengthen considerably,63,436
3405,iranien,nadj,Iranian,la puissance iranienne est inquiétante –,Iranian power is worrisome,51,631
3406,conférer,v,to confer,ce statut nous confère des privilèges inaliénables –,this law grants us inalienable rights,71,324
3407,stupide,adj(f),"stupid, silly, bemused",ah que je suis stupide! –,"gee, I’m stupid!",67,383
3408,surpris,adj(pl),"surprised, amazed",vous avez l’air surpris de me voir –,you seem surprised to see me,80,209
3409,interpeller,v,"to call out to, question","enfin, cinq personnes ont été interpellées –","in all, five people were taken in for questioning",59,504
3410,fréquemment,adv,frequently,les victimes sont fréquemment des femmes –,the victims are often women,80,211
3411,symbolique,nadj(f),symbolic,c’est un échec au moins symbolique –,it’s at least a symbolic failure,68,362
3412,pavillon,nm,"country house, villa, wing pavilliion, flag",il m’emmena bavarder dans le pavillon de la piscine –,he took me to chat in the pool’s pavilion,77,241
3413,pape,nm,pope,le pape condamne les camps de concentration –,the Pope condemns the concentration camps,59,495
3414,préliminaire,nadj(f),"preliminary, introductory",les résultats préliminaires nous promettent une longue et difficile nuit –,the preliminary results guarantee us a long and difficult night,79,222
3415,sensation,nf,sensation,il y a une sensation de flottement quand tu cours –,there’s a sensation of floating when you run,68,365
3416,troubler,v,"to disturb, disrupt, cloud",j’ai cru que cela me troublerait –,I thought that would bother me,67,368
3417,angoisse,nf,"distress, anguish, dread, fear",je m’étais endormi dans l’angoisse –,I fell asleep amidst anguish,67,379
3418,générosité,nf,"generosity, generously",je vous remercie beaucoup de votre générosité –,thank you very much for your generosity,80,212
3419,chaise,nf,chair,nous étions assis sur de petites chaises en bois –,we were seated on little wooden chairs,59,486
3420,hautement,adv,highly,c’est hautement improbable –,that’s highly improbable,83,174
3421,légitimité,nf,legitimacy,il faut reconnaître la légitimité de leur revendication –,we have to recognize the legitimacy of their claim,71,323
3422,emprunt,nm,loan,la durée de l’emprunt sera de sept ans –,the loan period will be seven years,60,485
3423,clause,nf,clause,ces clauses devraient respecter les droits de la personne –,these clauses must respect personal rights,72,310
3424,clef,nf,key,j’ai tourné la clef dans la serrure –,I turned the key in the lock,62,446
3425,répression,nf,"repression, suppression, crack-down",la répression entraîne un surcroît d’activisme –,repression entails excessive activism,65,397
3426,tombe,nf,"grave, tomb",je jure … sur la tombe de ma grand-mère -,I swear … on my grandmother’s grave,70,325
3427,dériver,v,"to divert, derive",leurs tissus sont dérivés des cellules de l’embryon –,their tissue is derived from embryonic cells,76,253
3428,évacuer,v,"to evacuate, clear",vous avez cinq minutes pour évacuer les lieux –,you have five minutes to evacuate the premises,59,499
3429,blocage,nm,block,il a pour résultat de supprimer le blocage -,as a result it removes the blockage,51,632
3430,faille,nf,fault,c’était un homme avec des failles –,he was a man with faults,83,169
3431,fouiller,v,"to search, frisk, go through, rummage through","on a fouillé sa maison, ses entrepôts –","his house, his warehouses were searched",69,340
3432,respectivement,adv,respectively,ces deux types de manoeuvres se déroulent respectivement depuis 1976 et 1973 –,these two types of manoeuvres have taken place respectively since 1976 and 1973,63,430
3433,éternel,nadj,"eternal, everlasting",je ferai de Rome une merveille éternelle -,I will make Rome an eternal wonder,63,435
3434,intime,nadj(f),"intimate, close, secret, private",je préfère publier mon journal intime –,I prefer to publish my personal diary,65,393
3435,cerner,v,"to surround, encircle, delimit",vous m’aidez à cerner mes problèmes –,you help me put a finger on my problems,81,198
3436,hostilité,nf,"hostility, hostilities",je ressens beaucoup d’hostilité de ta part –,I sense much hostility on your part,71,312
3437,manche,"nm, nf","handle, sleeve",je l’essuie avec ma manche –,I wipe it with my sleeve,64,420
3438,mathématique,nadj(f),mathematical; mathematics,les mathématiques vous aident à vous connaître –,math helps you know yourself,55,554
3439,gamin,nm,kid,tu penses que le gamin a menti? –,you think the kid lied?,61,460
3440,induire,v,"to infer, induce, result in , lead to",je ne veux pas vous induire en erreur -,I don’t want to lead you into error,74,280
3441,temple,nm,temple,j’ai trouvé le temple –,I found the temple,61,454
3442,maîtrise,nf,"mastery, command, control, master’s degree",la maîtrise de la douleur semblait être l’autre problème –,controlling pain seemed to be the other problem,63,428
3443,arbitrage,nm,"refereeing, umpiring, arbitration",l’arbitrage peut être long et coûteux –,the arbitration might be long and costly,77,238
3444,boucler,v,"to fasten, loop, resolve",je suis content qu’on ait bouclé cette affaire rapidement –,I’m happy this affair was resolved quickly,76,256
3445,réparation,nf,"repair, repairing, correction, compensation",les travaux de réparation ont été arrêtés –,repair work was stopped,76,250
3446,évêque,nm,bishop,"je ne suis pas évêque, mon fils –","I’m not a bishop, my son",69,347
3447,déléguer,v,to delegate,elle dit avoir délégué ce pouvoir à sa sousministre –,she said she delegated this power to her deputy,69,346
3448,solitude,nf,"solitude, loneliness",il vivait dans la solitude –,he lived in solitude,59,481
3449,miner,v,"to mine, erode",ce conflit mine le quatrième pays le plus peuplé du monde –,this conflict is eroding the fourth most populous country in the world,,
3450,superbe,nadj(f),"superb, magnificient, handsome, gorgeous",votre gazon semble superbe –,your lawn looks magnificent,69,344
3451,gonfler,v,"to inflate, blow up, swell",cette pensée lui gonfla le cæur –,this thought swelled his heart,76,256
3452,missile,nm,missile,seize missiles air-sol ont visé cette base,– sixteen surface-to-air missles were aimed at this base,56,527
3453,minuit,nm,midnight,elles se sont endormies peu après minuit,,,
3454,composante,nf,component,certaines composantes de son environnement sont plastiques –,certain components of his environment are plastic,69,336
3455,veuf,nadj,surviving spouse,"vous savez, moi-même je suis veuf –","you know, I’m a widower myself",72,307
3456,comparaître,v,to appear,certains témoins ont accepté de comparaître devant nous –,some witnesses agreed to appear before us,61,458
3457,trame,nf,"weft, framework; tram",les trames urbaine et péri-urbaine changent plus rapidement –,urban and suburban trams are changing more quickly,45,742
3458,bain,nm,"bath, bathing","un jour, ils sont allés au bain public –","one day, they went to the public baths",63,421
3459,sûreté,nf,"safety, reliability","j’ajoute, pour plus de sûreté, ceci –","for more security, I add this",77,237
3460,hâte,nf,"haste, impatience",on avait caché en hâte les drapeaux –,they hastily hid the flags,71,307
3461,instituer,v,"to introduce, impose, establish, institute",ils ont institué un plan de réduction du déficit –,they adopted a deficit reduction plan,78,227
3462,format,nm,format,j’aime beaucoup le format court –,I really like the short format,51,620
3463,hiérarchie,nf,hierarchy,il était vite monté dans la hiérarchie –,he quickly climbed the hierarchy,73,288
3464,estimation,nf,"appraisal, valuation, assessment, estimate",c’est une estimation prudente –,it’s a safe guess,64,406
3465,mutation,nf,"transfer, transformation, mutation",il peut identifier une mutation chez les patients affectés –,he can identify a mutation in the patients who were affected,61,453
3466,imminent,adj,"imminent, impending",j’annonçai mon retrait imminent –,I announced my pending retirement,83,165
3467,héroïne,nf,heroine,"l’héroïne avait mon âge, dix-huit ans –","the heroine was my age, eighteen years",80,198
3468,esclave,nadj(f),slave,l’esclave se révolte contre le maître –,the slave rebels against the master,63,428
3469,marocain,nadj,Moroccan,les chèvres marocaines ont quasiment tout mangé –,the Moroccan goats ate practically everything,52,597
3470,menu,"adv, nadj","menu, slender, slim, minor",il y a du poulet au menu –,there’s chicken on the menu,69,342
3471,imaginaire,nadj(f),imaginary,tu as vécu dans un monde imaginaire –,you have lived in an imaginary world,64,407
3472,administrer,v,"to manage, run, administer; to give",on leur administre souvent des médicaments –,they are often given medications,69,333
3473,atteinte,nf,"reach; attack, blow",notre père voulait se mettre hors d’atteinte –,our father wanted to get out of the line of attack,71,306
3474,démissionner,v,to resign,j’ai donc décidé de démissionner de mon poste de coach –,so I decided to resign my coaching position,68,346
3475,racheter,v,"to repurchase, buy back, redeem",j’ai apporté de l’argent pour racheter mon fils –,I brought money to buy back my son,73,287
3476,théorique,adj(f),theoretical,ma question n’était pas purement théorique –,my question was not exclusively theoretical,66,373
3477,guise,nf,"wish; like, by way of",ils ne veulent pas voter à sa guise –,they don’t want to vote the way he wants them to,80,203
3478,scandaleux,adj(pl),"scandalous, outrageous",le coût des études est devenu scandaleux–,the cost of an education has become scandalous,77,232
3479,vulnérable,adj(f),vulnerable,une femme tamoule est une personne vulnérable au Sri Lanka –,a Tamil woman is a vulnerable person in Sri Lanka,79,211
3480,ennuyer,v,"to bore, worry, bother",j’espère que je ne vous ennuie pas –,I hope I’m not boring you,59,485
3481,élan,nm,"momentum, surge, rush; elk, moose",il suffisait d’un élan du cæur pour le désarmer –,a mere outpouring of the heart caught him off guard,69,341
3482,nominal,nadj,nominal,"selon notre enquête, les ventes nominales ont augmenté –","according to our research, small-ticket item sales increased",50,622
3483,manipuler,v,"to handle, manipulate",le gouvernement espagnol nous manipule depuis longtemps –,the Spanish government has been manipulating us for a long time,79,207
3484,peiner,v,"to toil, labor, struggle",les étudiants diplômés peinent à trouver du travail –,the graduates are struggling to find work,78,218
3485,renouvellement,nm,"replacement, recurrence, repetition",nous appuyons le renouvellement de la licence de la station –,we support renewal of the station’s license,67,362
3486,noble,nadj(f),noble,"l’eau est une matière plus noble, et sans doute plus précieuse –","water is a nobler resource, and undoubtedly more precious",62,430
3487,hebdomadaire,nadj(f),weekly,je vais animer une autre émission hebdomadaire –,I’m going to host another weekly broadcast,63,413
3488,approbation,nf,approval,elle a reçu l’approbation unanime –,she received unanimous approval,65,385
3489,protestant,nadj,Protestant,j’ai commencé à fréquenter une église protestante –,I have started going to a Protestant church,75,259
3490,faisceau,nm,"bundle, beam, stack",elle émettait un faisceau de lumière jaune –,it emitted a beam of yellow light,42,777
3491,regagner,v,"to win again, regain, get back, make up",vous pouvez regagner votre ville –,you can go back to your city,67,355
3492,dégât,nm,damage,ils essaient de nettoyer les dégâts –,they’re trying to clean up the damage,66,371
3493,pilier,nm,pillar,elle avait l’air liée au pilier de fer –,she looked like she was tied to an iron pillar,76,250
3494,animateur,nadj,"animator, host",vous étiez animateur et pas chanteur –,you were a show host and not a singer,54,563
3495,multinational,adj,multinational,on n’est pas une entreprise multinationale –,we aren’t a multinational corporation,67,357
3496,méfier,v,"to distrust, mistrust",il se méfie des étrangers –,he’s wary of strangers,71,304
3497,étroitement,adv,closely,on pourrait penser qu’ils sont étroitement liés –,one might think that they are closely connected,76,240
3498,jouet,nm,toy,les boutons ne sont pas des jouets –,buttons are not playthings,71,303
3499,formé,nm,formed,"une fois formé, le profit est réglementé –","once it’s formulated, profit is regulated",79,213
3500,complice,nadj(f),accomplice,je restai longtemps leur complice –,for a long time I remained their accomplice,71,302
3501,homosexuel,nadj,homosexual,il n’avait plus honte d’être homosexuel –,he wasn’t ashamed to be homosexual,68,348
3502,toile,nf,"cloth, canvass, web",j’ai horreur des toiles d’araignée –,I hate spider webs,69,328
3503,laver,v,"to wash, clean",lavez-vous les mains avant de manger –,wash your hands before eating,66,375
3504,empreinte,nf,"imprint, print, mark, impression",la police a retrouvé des empreintes –,the police found fingerprints,71,312
3505,faillir,v,"to have almost, fail, fail to",j’ai failli tout perdre –,I almost lost everything,68,347
3506,curiosité,nf,curiosity,ma curiosité reste insatisfaite sur certains points –,my curiosity remains unsatisfied on a few points,62,422
3507,passeport,nm,passport,"billet et passeport, s’il vous plaît –","ticket and passport, please",79,205
3508,creux,nadj(pl),"hollow, empty, hole",aux heures creuses,"in the off hours—during the night, for example",67,359
3509,livraison,nf,delivery,la livraison du navire est prévue en avril –,delivery of the ship is slated for April,67,352
3510,château,nm,castle,je viens prendre possession de son château –,I have come to take over his castle,71,308
3511,nous-mêmes,pro,ourselves,on n’aurait pas fait mieux nous-mêmes –,we wouldn’t have done better ourselves,74,268
3512,forum,nm,"forum, newsgroup",elle va organiser un forum –,she will organize a forum,67,358
3513,via,prep,via,j’ai déjà fait des interviews via Internet –,I have already been interviewed over the Internet,65,384
3514,coter,v,"to quote, rate","en septembre, le dollar cotait encore 1.20 euro –","In September, the dollar still stood at 1.20 euros",66,364
3515,éclat,nm,"splinter, fragment, brightness, burst",des éclats de rire se firent entendre derrière une porte –,peals of laughter could be heard behind a door,63,409
3516,sincèrement,adv,sincerely,je pense sincèrement qu’il est un type bien –,I sincerely think he’s a decent fellow,72,294
3517,thé,nm,tea,je vous ai aussi apporté du thé –,I have also brought you some tea,64,400
3518,préférable,adj(f),preferable,"madame, je crois préférable que nous discutions en privé –","ma’am, I belive it would be preferable for us to discuss this in private",77,233
3519,attachement,nm,"attachment, affection",il éprouva une sorte d’attachement pour ce vieillard –,he felt some kind of affection for this old-timer,82,177
3520,liquide,nadj(f),liquid,il a avalé du liquide vaisselle –,he swallowed some liquid dishwashing detergent,71,309
3521,gamme,nf,"range, scale",nous avons déjà une bonne gamme de programmes –,we already have a good range of programs,59,467
3522,motivation,nf,"motivation, application",cet assassinat n’aurait pas de motivations politiques –,this assassination presumably lacks political motives,74,272
3523,protestation,nf,"protest, protestation",j’ai reçu des lettres de protestation –,I received letters of protest,69,332
3524,demeure,nf,"residence, home","ils retrouvent leurs demeures pillées, brûlées, leurs champs dévastés –","they find their homes looted, burned, their fields devastated",72,288
3525,adéquat,adj,"appropriate, suitable, adequate",la protection sociale n’est pas adéquate –,the social safety net is not adequate,63,416
3526,geler,v,"to freeze, ice over, suspend",vous allez geler avec ce petit manteau –,you’re going to freeze with this light coat,77,233
3527,défiler,v,"to unthread, parade",les manifestants ont défilé silencieusement dans la rue –,the protesters paraded silently in the street,71,308
3528,peintre,nm,painter,je suis le seul peintre valable des Etats-Unis –,I’m the only worthwhile painter in the U.S.,71,301
3529,volontairement,adv,"voluntarily, willingly","volontairement, je fermai les yeux –","willingly, I closed my eyes",82,169
3530,magique,adj(f),magic; magical,je n’ai pas de pouvoir magique moi –,"me, I don’t have any magic powers",72,285
3531,bien-être,nmi,well being,tous ces services dépendent au bien-être économique de notre pays –,all of these services depend on the economic well-being of our country,68,347
3532,cap,nm,cape,"mettez le cap sur la rive gauche, commanda-t-il –","set course for the left bank, he ordered",75,255
3533,raide,adj(f),"stiff, straight","elle se tient immobile, raide, les regardant –",she remained immobile and stiff while looking at them,51,599
3534,maigre,nadj(f),"thin, skinny, slim, lean",c’était un homme maigre et chauve –,"he was a thin, bald man",71,303
3535,artistique,adj(f),artistic,ils ont une vraie vision artistique –,they have truly artistic vision,66,363
3536,aspirer,v,"to breathe in, inhale, aspire to",Paule aspira la fumée de sa cigarette –,Paule breathed in the smoke of his cigarette,77,234
3537,habituellement,adv,"usually, generally",les groupes sont habituellement composés de huit élèves –,the groups are usually made up of eight students,72,284
3538,quasiment,adv,"almost, early",il a quasiment tout gagné –,he almost won everything,68,340
3539,allure,nf,"speed, pace, walk, look, appearance",les voitures filaient à vive allure –,the cars sped away,71,297
3540,deuil,nm,"mourning, grief",il laisse dans le deuil son épouse –,he leaves behind a grieving wife,72,289
3541,énoncer,v,"to state, set out, express",ce qui se conçoit bien s’énonce clairement –,that which is conceived well is expressed clearly,66,368
3542,islamiste,"nm, nf",Islamist,je pense que la piste islamiste progresse plus que les autres –,I think the Islamic way is progressing more than the others,50,609
3543,prénom,nm,first name,il appelle les journalistes par leur prénom –,the calls journalists by their first name,69,320
3544,réussi,adj,successful,sa vie est beaucoup plus réussie que la nôtre –,his life is much more successful than ours,84,151
3545,bilatéral,adj,bilateral,les relations bilatérales ont enregistré récemment des changements positifs –,bilateral relations recently involved positive changes,66,365
3546,rétablissement,nm,"restoring, re-establishment, recovery",nous leur souhaitons un prompt rétablissement –,we wish them a swift recovery,70,318
3547,cynique,nadj(f),"cynical, cynic",leur cinéma est terriblement cynique –,their cinema is terribly cynical,83,165
3548,environnemental,adj,environmental,les questions environnementales transcendent les frontières –,environmental issues transcend borders,57,495
3549,constructeur,nadj,"builder, manufacturer",VW est devenu le premier constructeur européen –,VW has become the largest European manufacturer,58,475
3550,colonel,nm,colonel,le colonel voudrait vous voir immédiatement –,the colonel wishes to see you immediately,65,384
3551,næud,nm,knot,"fais un double næud, mais doucement –","make a double knot, but do it carefully",52,573
3552,peindre,v,"to paint, depict, portray",le mur était peint d’une couleur ocre –,the wall was painted ochre,63,411
3553,bâton,nm,"tick, club, baton",elles sont armées de bâtons –,they’re armed with clubs,70,309
3554,démocrate,nadj(f),"democrat, democratic",pour certains responsables démocrates la réponse est claire –,for certain democratic leaders the answer is clear,57,493
3555,précédemment,adv,previously,j’ai développé tout ceci précédemment –,I had already developed this,71,294
3556,idiot,nadj,"idiot, fool, stupid","bouge-toi, espèce d’idiot –","move, you idiot",58,482
3557,querelle,nf,quarrel,les querelles politiciennes n’intéressent pas le peuple –,political squabbles don’t interest the populace,76,240
3558,explosif,nadj,explosive,il y a assez d’explosif pour raser tout un quartier –,there are enough explosives to level a whole neighborhood,63,399
3559,flic,"nm, nf",cop,"si tu vois des flics, appelle-moi –",call me if you see any cops,48,642
3560,solitaire,nadj(f),"solitary, lone, lonely",vous avez une vie plutôt solitaire –,you lead a rather solitary existence,67,346
3561,déceler,v,"to discover, detect",l’erreur administrative a été décelée puis corrigée –,the administrative error was found and corrected,77,232
3562,herbe,nf,"grass, herb",l’herbe est plus verte ailleurs –,the grass is greener elsewhere,62,420
3563,élevé,adj,"high, heavy, tall",c’est un pourcentage assez élevé –,that’s quite a high percentage,64,387
3564,acharner,v,to go at fiercely and unrelentingly,c’est une lutte acharnée pour la vie –,it’s a fierce fight to the death,76,242
3565,bombardement,nm,"bombing, shelling",jamais le nombre des victimes des bombardements n’a été publié –,the number of bombing victims was never published,59,467
3566,bagage,nm,"luggage, baggage",je voyageais sans bagages –,I travelled without luggage,76,243
3567,singulier,nadj,"unique, singular",il n’arrive pas de choses singulières –,unusual things don’t happen,61,424
3568,capitalisme,nm,capitalism,tout le capitalisme est fondé sur la notion de rareté –,capitalism is completely founded on the notion of scarcity,60,438
3569,suspension,nf,"hanging, suspending, breaking off, postponement, suspension",Pyongyang confirme publiquement la suspension des tirs de missiles –,Pyongyang publicly confirms a suspension of missile launches,67,350
3570,mince,"adj(f), intj","thin, slim, slender",elle est mince et jolie et elle ment –,she is thin and beautiful and she lies,68,335
3571,assimiler,v,"to assimilate, take in",les gens ne peuvent pas tout assimiler –,people can’t take it all in,74,260
3572,plume,"nm, nf",feather,cet oiseau a beaucoup plus de plumes blanches –,this bird has many white feathers,65,374
3573,publicitaire,nadj(f),"advertising, promotional",nous n’avons pratiquement pas de budget publicitaire –,we have almost no advertising budget,68,332
3574,incarner,v,"to embody, incarnate","en cela, il incarne la quintessence de l’esprit poétique –",herein he embodies the essence of the poetic spirit,71,292
3575,opter,v,"to opt, decide",j’ai donc opté pour une coiffure simple –,so I chose a simple haircut,80,195
3576,habiller,v,"to dress, get dressed",il s’habille comme un vampire –,he’s dressed like a vampire,65,379
3577,trajet,nm,"journey, route","durant le trajet, nous avons été peu bavards –","during the trip, we did very little talking",52,576
3578,sinistre,nadj(f),"disaster, sinister",leurs rires résonnaient de façon sinistre –,their laughter echoed ominously,76,238
3579,pis,"adv, nm(pl)",worse,les choses vont de mal en pis –,things are going from bad to worse,68,335
3580,reconstruire,v,"to rebuild, reconstruct",on a donc reconstruit la planète –,so we rebuilt the planet,78,210
3581,tueur,nm,"killer, hit man","oh vous savez, un tueur est rarement drôle –","oh, you know, a killer is rarely funny",66,363
3582,tournoi,nm,tournament,j’ai gagné ce tournoi –,I won the tournament,48,640
3583,cimetière,nm,"cemetery, graveyard","dans un cimetière, la mort est supportable –","in a cemetery, death is bearable",67,342
3584,douane,nf,"customs, duty",nos agents de douane ne sont pas équipés –,our customs agents are not equipped,65,379
3585,domestique,nadj(f),"servant, domestic",c’est au foyer domestique qu’elles avaient pris leurs leçons –,home is where they learned their lessons,65,369
3586,soucieux,adj(pl),"concerned, worried",j’en suis soucieux mais non surpris –,I’m worried about it but not surprised,77,229
3587,premièrement,adv,first,"pour nous, jouer, performer est premièrement une passion! –","for us playing, performing is first of all a passion",57,482
3588,complicité,nf,complicity,il y a une complicité d’instinct entre elle et moi –,there’s an instinctive collusion between her and me,72,288
3589,décréter,v,"to declare, decree",le gouvernement a décrété un deuil de sept jours –,the government declared a week-long period of mourning,71,300
3590,flamme,nf,"flame, fire, fervor, brilliance",ils ont dû voir les flammes –,they must have seen the flames,66,355
3591,approprié,adj,appropriate,il faudra prendre des mesures appropriées –,appropriate measures must be taken,58,472
3592,dix-huit,"det, nmi",eighteen,j’ai une fille de dix-huit ans –,I have an eighteen-year-old daughter,62,417
3593,nouveauté,nf,"novelty, new release",l’émission a perdu son parfum de nouveauté –,the broadcast lost its new feel,68,331
3594,brusquement,adv,"abruptly, suddenly","je me retournai brusquement, surpris de son silence –","I turned around suddenly, surprised by her silence",53,551
3595,coïncider,v,"to coincide, correspond","avec Caïn, la première révolte coïncide avec le premier crime –","with Cain, the first rebellion coincided with the first crime",75,243
3596,déterminé,nadj,"determined, resolute, specific",nous avons passé un contrat à durée déterminée avec Unilever –,we concluded a fixed-period contract with Unilever,70,305
3597,ménager,"nadj, v","to handle, arrange; domestic",cela permettait aussi de ménager la surprise –,it also enabled arranging the surprise,74,253
3598,millénaire,nadj(f),"millennium, thousand-year-old",le tournant du millénaire approche à grands pas –,the millennial changeover is nearing quickly,58,475
3599,alerte,"adj(f), nf","agile, alert, warning",l’armée de terre est en alerte –,the ground forces are on alert,62,409
3600,renforcement,nm,"reinforcement, strengthening",on peut se féliciter du renforcement des mesures pour la formation –,we can be proud of strengthening the measures for training,64,377
3601,ange,nm,angel,est-ce qu’on peut faire un ange d’un démon? –,can you turn a devil into an angel?,59,452
3602,guérir,v,"to cure, heal, get better",le rire guérit tout –,laughter heals everything,68,331
3603,immobilier,nadj,"property, real estate, property business, real estate business",une autre société immobilière a été créée –,another real estate company was formed,60,435
3604,certificat,nm,certificate,elle avait raté de justesse son certificat d’études supérieures –,she barely failed her higher-education certificate,83,162
3605,contaminer,v,"to contaminate, infect",j’ai l’impression d’être contaminé. c’est répugnant –,I feel like I’m contaminated. it’s disgusting,66,352
3606,pénurie,nf,shortage,il n’y a pas de pénurie d’uranium au niveau mondial –,there’s no world shortage of uranium,76,237
3607,tirage,nm,"drawing, circulation, run",vous finirez par présenter le tirage du loto –,you will end by presenting the lottery drawing,74,261
3608,perception,nf,"perception, collection",ça ne correspond pas à ma perception de la ville –,that doesn’t fit my impression of the city,65,370
3609,philosophe,nadj(f),philosopher,il est plus homme que philosophe –,he is more a man than a philosopher,62,407
3610,planche,nf,"plank, board",il a cloué la planche sur la porte –,he nailed the plank onto the door,72,280
3611,crédibilité,nf,credibility,la crédibilité de tous les états financiers est compromisé –,the credibility of our financial state is compromised,70,305
3612,fiction,nf,fiction,ce livre est bien une fiction –,this book is truly a piece of fiction,54,522
3613,handicapé,nadj,"disabled, handicapped",il y a aussi les handicapés physiques –,there are also the physically handicapped,68,325
3614,boisson,nf,"drink, beverage",le thé représente la deuxième boisson consommée dans le monde –,tea is the second-most consumed drink in the world,77,222
3615,élaboration,nf,"working-out, development",vous allez demander l’élaboration d’un dossier –,you’re going to ask that a file be put together,65,369
3616,habitation,nf,"residence, home, dwelling, housing",environ 200 habitations ont été détruites –,about 200 dwellings were destroyed,67,346
3617,représentatif,adj,representative,"le Danemark a des syndicats puissants, très représentatifs –","Denmark has powerful unions, very representative",74,251
3618,débrouiller,v,"to untangle, sort out, manage, get by",tu te débrouilles très bien –,you’re managing very well,73,269
3619,imposition,nf,taxation,il veut un taux d’imposition uniforme –,he wants a uniform tax rate,56,496
3620,générer,v,to generate,les aérosols génèrent des pluies acides –,aerosols produce acid rain,66,358
3621,ajustement,nm,adjustment,l’ajustement reste aussi insuffisant –,the adjustment is still inadequate,68,328
3622,princesse,nf,princess,une princesse ne peut pas embrasser un crapaud? –,a princess can’t kiss a toad?,65,365
3623,virer,v,"to turn, change, transfer, kick out",il vire encore une fois à droite –,he turns right one more time,62,410
3624,facilité,nf,"easiness, ease, aptitude",il lit avec facilité –,he reads easily,72,273
3625,postal,adj,"postal, mail",ils lui écrivaient une carte postale –,they wrote her a postcard,77,221
3626,perturber,v,"to disrupt, disturb",je suis perturbée par une enquête que je mène –,I’m disturbed by an investigation that I’m leading,67,341
3627,répercussion,nf,repercussion,le transport a des répercussions sur tous les aspects de notre vie –,transportation impacts on all aspects of life,57,469
3628,oncle,nm,uncle,je vis avec mon oncle et ma tante –,I live with my uncle and my aunt,59,451
3629,viol,nm,rape,je vais crier au viol –,I’m going to cry rape,74,248
3630,culte,nm,"worship, cult",le culte des anciens dieux a été réinstauré –,the worship of ancient gods was reinstated,71,284
3631,gosse,"nm, nf",kid,"nous, on était gosses, on savait pas –","we were just kids, we didn’t know",60,432
3632,équipage,nm,"crew, gear",les membres d’équipage ont retiré la femme de l’eau –,the crew members pulled the woman from the water,67,339
3633,carburant,nadj,fuel,les prix élevés des carburants ont frappé tous les secteurs de l’économie –,high gas prices have affected all sectors of the economy,68,324
3634,canon,nm,"gun, cannon",ils nous ont attaqués au canon à eau et au gaz lacrymogène –,they attacked us with water cannons and tear gas,70,296
3635,prometteur,nadj,promising,l’avenir n’est pas prometteur –,the future is not promising,82,160
3636,apprentissage,nm,"learning, apprenticeship",chaque poste possède un plan d’apprentissage –,each job has a training plan,61,416
3637,soi-disant,adji,"so-called, supposedly",il m’a donné un bijou soi-disant précieux –,he gave me a supposedly precious jewel,78,204
3638,chaussure,nf,"shoe, sneaker",il faut enlever vos chaussures –,you must remove your shoes,65,357
3639,salarial,adj,salary,le problème de l’équité salariale existe –,there’s a problem with equitable salaries,61,414
3640,abolir,v,"to abolish, do away with",l’esclavage n’a jamais vraiment été aboli –,slavery never really was abolished,72,277
3641,pâte,nf,"paste, dough, pasta",ils mangent du riz et des pâtes tous les jours –,they eat rice and noodles every day,83,157
3642,cohésion,nf,cohesion,"tant que cette situation durera, la cohésion ne sera jamais atteinte –","as long as this situation lasts, unity will never be achieved",52,555
3643,ruine,nf,"ruin, ruins",la maison était en ruine –,the house was in ruins,64,375
3644,percer,v,"to pierce, drill, break into",le couteau avait percé la chair avec précision –,the knife pierced the flesh with exactness,72,273
3645,rassemblement,nm,"gathering, collecting, assembling",rassemblement au gymnase pour une annonce spêciale –,there’s an assembly in the gymnasium for a special annoucement,67,335
3646,malentendu,nm,misunderstanding,ce n’est qu’un malentendu ridicule –,it’s nothing but a ridiculous misunderstanding,64,369
3647,soigneusement,adv,"tidily, neatly, carefully",j’ai soigneusement examiné le document –,I examined the document carefully,76,225
3648,pot,nm,"jar, pot",j’ai arrêté de vendre du pot puis de la coke –,"I stopped selling pot, then coke",67,337
3649,règne,nm,reign,"en France, c’est le règne du politiquement correct –","in France, it’s the reign of political correctness",75,243
3650,impulsion,nf,"impulse, pulse",il y avait une impulsion qui nous poussait –,there was an impulse that pushed us,60,426
3651,physiquement,adv,physically,il était physiquement plus fort que moi –,he was physically stronger than me,81,171
3652,minimal,adj,"minimal, minimum",une peine minimale de quatre ans est juste et équitable –,a minimum sentence of four years is just and equitable,62,404
3653,fossé,nm,ditch,la forêt se terminait par un fossé –,the forest ended at a ditch,78,200
3654,dépens,nmpl,expense,la Russie a affirmé ses ambitions aux dépens de l’Italie –,Russia affirmed its ambitions at Italy’s expense,83,157
3655,implanter,v,"to implant, set up, establish",il est nécessaire d’implanter un nouveau système –,it’s necessary to set up a new system,71,286
3656,descendant,nadj,"downward, descending, descendant",les descendants parleront de leurs ancêtres disparus –,the descendants will speak of their ancestors who have disappeared,76,228
3657,politiquement,adv,"politically, diplomatically",il est politiquement correct d’être anti-américain –,it’s politically correct to be anti-American,72,273
3658,crever,v,"to burst, puncture",quel pneu est crevé? c’est pas de ton côté –,which tire is flat. it’s not on your side,57,474
3659,interruption,nf,"interruption, break","elle parlait sans interruption, d’un air raisonnable –","she spoke uninterrupted, quite reasonably",60,428
3660,polonais,nadj(pl),Polish,vous dites avoir des racines polonaises –,you say you have Polish roots,69,301
3661,patrie,nf,"homeland, home country",ils ont parlé de protection de la patrie –,they talked about protecting the homeland,67,333
3662,prélèvement,nm,"imposition, levying, withdrawal, removal, deduction","un prélèvement est, en réalité, une taxe –","a deduction is, in fact, a tax",64,369
3663,ex,nmfi,ex,mon ex serait ravie que je vous parle –,my ex will be thrilled that I’m speaking to you,51,565
3664,studio,nm,"studio, studio apartment",mon bureau était en face du studio –,my office is across from the studio,64,366
3665,intégrité,nf,integrity,lui au moins a gardé son intégrité –,at least he kept his integrity,68,313
3666,prescrire,v,"to order, command, prescribe, stipulate",ils prescrivent ces médicaments –,they prescribe these medicines,72,273
3667,exhorter,v,"to exhort, urge",je l’exhorte à retirer sa motion –,I exhort her to repeal her motion,57,468
3668,tribu,nf,tribe,"nous sommes une tribu, une communauté –","we’re a tribe, a community",76,222
3669,globe,nm,globe,ils viennent de toutes les régions du globe –,they come from all parts of the globe,83,155
3670,apaiser,v,"to calm, appease, calm down","officiellement, les tensions s’apaisent –","officially, tensions are cooling",75,235
3671,sélectionner,v,to select,il faut avant tout sélectionner les rôles qui nous plaisent –,above all we have to select the roles that we enjoy,58,457
3672,familier,nadj,"familiar, informal","apparemment, cette voix t’est familière –",apparently this voice is familiar to you,66,346
3673,quinzaine,nf,"about fifteen, two weeks","dans moins d’une quinzaine, vous serez un homme libre –","in less than two weeks, you’ll be a free man",69,304
3674,paralyser,v,to paralyze,la mine est paralysée par la grève –,the mine is paralyzed by the strike,76,229
3675,impatience,nf,impatience,nous vous attendons avec impatience –,we’re waiting impatiently for you,70,298
3676,logiciel,nm,"software, program, application",il vous faudra peut-être réinstaller votre logiciel –,you might have to reinstall your software,59,440
3677,visiblement,adv,"obviously, clearly, visibly","il se tait, se domine visiblement –","he shuts up, visibly controlling himself",72,271
3678,suicider,v,to commit suicide,quatre suspects se sont suicidés samedi –,four suspects committed suicide Saturday,70,297
3679,préjugé,nm,"prejudice, bias",il est moins facile de désintégrer un préjugé qu’un atome –,it’s harder to smash a prejudice than an atom,77,216
3680,impératif,nadj,"need, necessity, urgent, imperative","c’est impératif, c’est nécessaire –","it’s imperative, it’s necessary",72,265
3681,renvoi,nm,"dismissal, expulsion, suspension, cross-reference",il allait demander ton renvoi de la police –,he was going to seek your suspension from the police force,58,455
3682,charme,nm,charm,la liberté est une espèce de charme –,liberty is a kind of charm,59,438
3683,atout,nm,"trump, asset",l’Oscar est un atout commercial de calibre mondial –,the Oscar is a worldwide commercial asset,75,240
3684,portugais,nadj(pl),Portuguese,admettons que je sois portugais –,let’s assume I’m Portuguese,64,367
3685,nord-ouest,nmi,north-west,un tremblement de terre secoue le nordouest de la Turquie –,an earthquake shakes northwestern Turkey,59,439
3686,affaiblissement,nm,weakening,l’euro a profité de l’affaiblissement du dollar –,the euro has profited from the weakened dollar,43,702
3687,balayer,v,"to sweep up, sweep out","une fois qu’on aura balayé, ce sera à nouveau impeccable –","once we’ve swept it, it will be impeccable again",75,239
3688,peupler,v,"to populate, inhabit",l’enfer est peuplé d’anges –,hell is populated by angels,76,222
3689,cauchemar,nm,"nightmare, bad dream",toute cette affaire est un vrai cauchemar –,this whole affair is a real nightmare,69,301
3690,pénible,adj(f),"hard, difficult, painful, tiresome",ton incompétence devient extrêmement pénible –,your incompetence is becoming extremely bothersome,69,302
3691,venue,nf,coming,une grande nouveauté récente est la venue des nouveaux dépanneurs –,a big recent trend is the arrival of new convenience stores,78,205
3692,ballon,nm,ball,l’usage de tout autre ballon est strictement interdit –,use of any other ball is strictly forbidden,67,326
3693,abstenir,v,"to abstain, refrain",vous feriez mieux de vous abstenir –,you would do better to abstain,74,244
3694,affrontement,nm,"clash, confrontation",il y a eu des affrontements dans les rues –,there were confrontations in the streets,55,493
3695,expulser,v,"to expel, evict, deport, throw out",les policiers l’expulseront légalement de la propriété –,the police will evict her legally from the property,70,295
3696,resserrer,v,"to tighten up, strengthen","nous devrions nous voir plus souvent, resserrer nos relations –","we should see each other more often, strengthen our relations",83,146
3697,activement,adv,actively,les évadés sont activement recherchés –,the fugitives are being actively sought,75,239
3698,décor,nm,"scenery, décor, set",on a déjà changé le décor en milieu d’année –,we already changed the decor mid-year,66,341
3699,compassion,nf,compassion,nous avons toujours réagi avec compassion –,we have always reacted with compassion,67,325
3700,couronne,nf,"crown, wreath",aucune couronne ne tient sur aucune tête –,crowns don’t stay on anybody’s head,67,326
3701,descente,nf,"descent, raid, downward slope",le PCF poursuit sa descente aux enfers –,the French Communist Party continues its descent into hell,65,356
3702,plancher,"nm, v",floor,il entendit la clef tomber sur le plancher –,he heard the key fall onto the floor,69,307
3703,trentaine,nf,about thirty,je suis contente d’arriver à la trentaine –,I’m happy to have reached thirty years old,68,317
3704,détresse,nf,distress,nous répondons à votre signal de détresse –,we are responding to your distress signal,80,180
3705,escalier,nm,"stairs, staircase",il montait et descendait l’escalier –,he climbed up and down the stairs,57,462
3706,barrage,nm,"barrier, obstruction, dam, roadblock",de nombreux barrages ont été érigés par la police –,many barricades were erected by the police,64,360
3707,néant,nm,nothingness,vous réduisez ma vie à néant –,you’re reducing my life to oblivion,75,237
3708,support,nm,"support, stand",reste là. c’est un support moral –,stay there. it’s a moral support,55,489
3709,effondrement,nm,"collapse, caving-in, falling-in, breaking-down",on va assister à l’effondrement de l’histoire de la finance –,we’ll witness a collapse of financial history,68,309
3710,encaisser,v,"to receive, collect, cash",j’encaisserai son chèque dans la matinée –,I will cash her check in the morning,82,163
3711,déduire,v,"to deduct, deduce, infer, figure out",j’en ai déduit de façon certaine que je l’avais perdue –,I figured out for sure that I had lost it,76,225
3712,baptiser,v,"to name, christen, baptize",j’ai baptisé presque tous les habitants de la ville –,I baptized almost everyone living in the city,73,251
3713,incompatible,adj(f),incompatible,les deux choses sont tout à fait incompatibles –,the two things are completely incompatible,82,160
3714,bienvenu,nadj,welcome,j’aimerais vous souhaiter à tous la bienvenue –,I would like to welcome you all,60,414
3715,espérance,nf,hope,je pars donc dans l’espérance de vous revoir –,so I’m leaving in the hopes of seeing you again,71,282
3716,synthèse,nf,"summary, synthesis",il s’agit d’une synthèse fondée sur les connaissances –,it’s a synthesis based on knowledge,61,402
3717,conjoncture,nf,"situation, climate",la conjoncture économique n’est plus la même –,the economic climate is not the same,54,496
3718,défier,v,"to challenge, defy, distrust",il aimait à défier le destin par fierté –,he liked to defy destiny with pride,77,209
3719,baie,nf,bay; berry,la baie immense de Naples s’éployait sans fin –,the immense bay of Naples extended endlessly,81,165
3720,récompense,nf,"reward, award",ton courage mérite récompense –,your courage should be rewarded,74,248
3721,étendue,nf,"area, expanse, duration, extent, range",il fut surpris de l’étendue de son savoir –,he was surprised at the extent of her knowledge,70,284
3722,tiens,"nadjpl, intj","ah, well","tiens, je te rends tes 5 livres –","here, I’m returning your 5 books",50,567
3723,carnet,nm,"notebook, notepad",j’inscrivais les rendez-vous sur mon carnet –,I wrote the meetings in my notebook,75,235
3724,banc,nm,"bench, workbench, pew",il alla s’asseoir sur le banc –,he went to sit on the bench,63,368
3725,réformer,v,"to re-form, reform, discharge",il était nécessaire de réformer l’ancien système d’assurance-chômage –,it was necessary to reform the old unemployment insurance system,73,257
3726,assise,nf,"basis, foundation",l’équité est l’une des assises fondamentales –,equity is one of the fundamental bases,71,277
3727,énergétique,nadj(f),"energic, vigorous",c’est l’industrie des services énergétiques –,it’s the energy services industry,62,388
3728,reléguer,v,to relegate,ils sont relégués aux banquettes arrières –,they have been relegated to the back bench,86,123
3729,architecte,"nm, nf",architect,c’est un architecte merveilleux –,he’s a marvelous architect,82,155
3730,deuxièmement,adv,secondly,"deuxièmement, ce n’est pas ma faute –","second, it’s not my fault",55,483
3731,vedette,nf,"star, patrol boat","des tas de vedettes viennent ici, vous savez –","lots of movie stars come here, you know",65,341
3732,intervenant,nadj,"contributor, intervener",j’ai été un intervenant de notre système de justice –,I was an intervener in our justice system,59,424
3733,séminaire,nm,"seminar, seminary",je vais vous dire. ces séminaires m’excitent à mort –,I’ll tell you. these seminars bore me to death,70,288
3734,contrer,v,to counter,"heureusement, je sais comment contrer ça –","happily, I know how to counter this",80,177
3735,nerveux,nadj(pl),"nervous, irritable",les tests me rendent nerveux –,tests make me nervous,69,301
3736,assaut,nm,"assault, attack, bout",vous mènerez la 1ère vague d’assaut –,you will lead the first wave of attack,70,290
3737,couteau,nm,knife,pourquoi t’achètes des couteaux? –,why are you buying knives?,65,340
3738,arbitraire,nadj(f),arbitrary,la police se livre à des activités arbitraires –,the police are prone to arbitrary activities,72,267
3739,vraisemblablement,adv,most probably,les prix resteront vraisemblablement stables –,the prices will likely remain stable,75,233
3740,propagation,nf,"propagation, spreading",vous vous acheminez vers une propagation de votre théorie? –,you’re making progress towards spreading your theory?,54,497
3741,masculin,nadj,"male, masculine",je n’entendis que des voix masculines –,all I heard was masculine voices,72,257
3742,imiter,v,to imitate,j’imitais les gestes de mes voisins –,I imitated the gestures of my neghbors,72,263
3743,embaucher,v,to hire,"en onze mois, il a embauché sept personnes –",in eleven months he hired seven people,72,267
3744,primordial,adj,"primordial, basic, vital, primary",la citoyenneté revêt une importance primordiale –,citizenship assumes primary importance,76,220
3745,arbitre,"nm, nf","referee, arbitrer, arbitrator",c’est un bon arbitre. il arbitre bien –,he’s a good arbitrator. he judges well,74,238
3746,manteau,nm,"coat, overcoat",j’aurais dû enlever mon manteau et le jeter par la fenêtre –,I should have removed my coat and thrown it out the window,58,434
3747,implication,nf,implication,ceci peut avoir d’énormes implications –,this could have enormous implications,67,325
3748,grand-père,nm,grandfather,c’est grand-père qui me l’a fait comprendre –,Grandfather’s the one who helped me understand that,61,396
3749,reflet,nm,"reflection, glint, highlight",mes livres sont le reflet de mes propres expériences –,my books reflect my own experiences,64,361
3750,requête,nf,"request, petition",la requête iranienne bloque les négociations –,the Iranian request has stalled negotiations,77,209
3751,décliner,v,"to decline, refuse, turn down",vous avez décliné notre offre –,you have declined our offer,79,188
3752,rideau,nm,curtain,"«ferme les rideaux», dis-je","close the curtains”, I said",61,398
3753,fermé,adj,"shut, closed, locked",je pourrais dessiner les yeux fermés –,I could draw with my eyes closed,72,258
3754,manipulation,nf,"handling, manipulation",la manipulation génétique n’est pas une bonne chose –,genetic manipulation isn’t a good thing,71,267
3755,piquer,v,"to sting, bite, prick, be hot; to steal",ne me piquez pas mon taxi … passez votre chemin –,don’t you take my taxi … scram,64,354
3756,assiette,nf,"plate, dish, bowl",je prendrai l’assiette de crudités –,I will take the veggie plate,73,249
3757,gigantesque,nadj(f),"gigantic, immense",il s’agit là d’un problème gigantesque –,that’s a huge problem,76,213
3758,rival,nadj,rival,ils ne peuvent pas tuer leur rival –,they can’t kill their rival,62,380
3759,refermer,v,"to close again, shut again, close up",j’entends la porte se refermer derrière moi –,I hear the door close behind me,60,407
3760,écu,nm,ecu,plus de 100 millions d’écus seront gaspillés –,over 100 million ecus will be wasted,48,585
3761,confus,adj(pl),"confused, embarrassed","je suis très confus, je ne sais pas pourquoi –",I’m very confused – I don’t know why,72,263
3762,expédition,nf,"dispatch, shipping, shipment, expedition",je n’ai jamais regretté une seule expédition –,I never regretted a single expedition,81,164
3763,reconstituer,v,"to reconstitute, restore, reconstruct",je dois donc reconstituer des réserves –,I therefore have to rebuild some reserves,76,212
3764,protégé,nadj,"protected, protégé",elle était sa protégée et devait normalement lui succéder –,she was his protégée and should normally have replaced him,84,137
3765,chant,nm,song,nous allons prendre des cours de chant à domicile –,we’re going to take singing lessons at home,66,328
3766,diplomatie,nf,diplomacy,il y faut toute une diplomatie et une patience infinie –,there we need true diplomacy and infinite patience,56,455
3767,lieutenant,nm,lieutenant,"la guerre est finie, mon lieutenant –","the war is over, Lieutenant",62,372
3768,réputé,adj,"famous, renowned",son personnel est réputé pour son service hors pair –,its staff has a reputation for unequalled service,68,304
3769,indirect,adj,indirect,est-ce une référence indirecte à la religion? –,is that an indirect reference to religion?,78,190
3770,apte,adj(f),capable,la France est parfaitement apte à s’adapter –,France is perfectly able to adapt,85,124
3771,dépêcher,v,"to dispatch, send, hurry","j’ai bloqué l’ascenseur, dépêchez vous, vite –","I’m holding the elevator—hurry up, quick",64,346
3772,démentir,v,"to deny, refute, contradict",la Maison Blanche a démenti cette nouvelle version –,the White House contradicted this new version,61,384
3773,sud-ouest,nmi,south-west,quelque chose approche en provenance du sud-ouest –,something is coming from the south-west,60,397
3774,envergure,nf,"wingspan, breadth, scope",quel projet d’envergure se fait instantanément? –,what large-scale project happens in an instant?,79,188
3775,touche,nf,"button, key, touch, touchline",elle appuie sur une touche. allo? –,she pushes a button. hello?,75,221
3776,déterminant,nadj,"determining, deciding, crucial",il a joué un rôle déterminant lors du coup d’Etat –,he played a crucial role during the insurrection,73,246
3777,sous-marin,nadj,"submarine, underwater",la marine chinoise dispose de 69 sous-marins –,the Chinese navy has 69 submarines,78,192
3778,acheminement,nm,"routing, shipment",il aurait organisé l’acheminement des explosifs –,he allegedly organized the shipment of explosives,41,694
3779,externe,nadj(f),"external, outer",les problèmes externes se révèlent aussi importants –,the external problems prove as important,69,295
3780,hôte,nm,"host, guest",je sais accueillir mes hôtes –,I know how to welcome my guests,75,224
3781,assassin,nadj,"murderer, assassin",l’assassin cache peut-être ses victimes –,the assassin might be hiding his victims,68,300
3782,confirmation,nf,confirmation,les syndicats veulent une confirmation écrite –,the unions want written confirmation,64,348
3783,tapis,nm(pl),"carpet, mat, covering",il faut les accueillir avec le tapis rouge –,they should be given a red-carpet welcome,74,236
3784,corde,nf,"rope, chord, string",je l’ai étranglé. avec une corde –,I strangled him. with a rope,66,326
3785,notable,nadj(f),"notable, noteworthy",il y a des disparités notables entre pays –,there are noteworthy disparities among countries,72,251
3786,rationnel,nadj,rational,il y a une explication rationnelle à tout cela –,there’s a rational explanation for all that,70,274
3787,divin,"adj, nm","divine, heavenly","vous êtes divine, adorable –","you’re divine, adorable",61,391
3788,endormir,v,"to put to sleep, fall asleep",je ne voulais surtout pas m’endormir au volant –,I certainly didn’t want to fall asleep at the wheel,57,437
3789,épais,"adj(pl), adv","thick, pitch dark, thickly",c’était des lunettes très épaisses –,they were very thick eyeglasses,63,355
3790,exposé,nadj,"account, statement, talk",j’en ai parlé dans mon exposé –,I spoke of it in my statement,70,276
3791,boutique,nf,shop,"les émeutiers pillèrent les boutiques, les maisons, les ateliers –","the rioters looted shops, houses, workshops",71,261
3792,récolter,v,"to harvest, gather",je récolte en permanence les histoires des gens –,I gather for posterity people’s stories,83,146
3793,tchèque,nadj(f),Czech,la République tchèque est l’une des grandes démocraties –,the Czech Republic is one of the great democracies,58,429
3794,autoroute,nf,"motorway, highway, freeway",de nombreuses autoroutes ont dû être fermées –,many highways had to be closed,66,325
3795,maternité,nf,"maternity, motherhood",j’ai pris un congé maternité –,I took maternity leave,84,129
3796,là-dedans,adv,"inside, in it",maintenant rentre là-dedans et fais-moi du thé –,now go back inside and make me some tea,61,384
3797,différend,nm,"disagreement, controversy",nous venons de régler le différend qui nous opposait –,we have just resolved the disagreement that separated us,65,338
3798,explicite,adj(f),explicitly,c’étaient des impératifs assez explicites –,they were rather explicit requirements,79,184
3799,comté,nm,"county, earldom",c’est un des plus beaux comtés au Canada –,it’s one of the most beautiful counties in Canada,62,373
3800,par-dessus,adv,over,elle voulait un enfant par-dessus tout –,she wanted a child more than anything,62,375
3801,quota,nm,quota,il ne peut justifier une hausse des quotas de phoques –,he can’t justify raising the seal quota,65,334
3802,tailler,v,"to cut, carve, engrave, sharpen, trim",le résultat fut une cote mal taillée –,the result was a badly tailored quote,72,253
3803,apparent,adj,"apparent, obvious",je me surprenais à pleurer sans cause apparente –,I surprised myself by weeping without any apparent cause,76,213
3804,enfuir,v,"to run away, flee","je voudrais m’enfuir, mais je suis comme paralysée –",I wanted to escape but it’s like I’m paralyzed,67,315
3805,assistant,nm,assistant,j’ai demandé à être assistant stagiaire –,I asked to be an intern,75,221
3806,portion,nf,"portion, share",les pannes ont frappé de larges portions du sud de Moscou –,blackouts hit large portions of southern Moscow,83,141
3807,allocation,nf,"allocation, granting, allotment, allowance",il dirigeait l’allocation des ressources –,he directed the allocation of resources,70,275
3808,spéculation,nf,speculation,la fièvre de la spéculation a produit les mariages d’argent –,speculation madness led to money marriages,72,251
3809,décéder,v,"to die, pass away, pass on",une vieille dame est décédée pendant qu’elle dormait –,an elderly woman died in her sleep,61,379
3810,serré,"adj, adv","tight, packed, crowded",le budget est serré cette année –,the budget is tight this year,76,214
3811,enquêter,v,"to investigate, hold inquiry, conduct a survey",tu veux vraiment enquêter sur lui? –,you really want to investigate him?,73,241
3812,dix-sep,"det, nmi",seventeen,la ville brûla pendant dix-sept jours –,the city burned for seventeen days,59,408
3813,allonger,v,"to lengthen, extend, stretch out",je m’allongeai sur mon lit –,I stretched out on my bed,66,324
3814,chauffeur,nm,"driver, chauffeur",le chauffeur du véhicule n’a pas été identifié –,the driver of the vehicle has not been identified,68,294
3815,prospérité,nf,prosperity,la société japonaise a connu une grande prospérité –,Japanese society enjoyed great prosperity,72,252
3816,ambiguïté,nf,ambiguity,cette affirmation cache encore bien des ambiguïtés –,this assertion still hides several ambiguities,77,198
3817,bourgeois,nadj(pl),middle class,ses parents vivaient comme des bourgeois –,her parents lived like middle-class people,60,396
3818,touristique,adj(f),"holiday, tourist",elle évite les lieux touristiques –,she avoids tourist traps,76,210
3819,obscur,adj,"dark, vague, obscure",c’est le combat entre les forces obscures et les forces de la lumière –,it’s the struggle between the dark forces and the forces of light,64,347
3820,cou,nm,neck,elle nouait ses bras à mon cou –,she wrapped her arms around my neck,58,420
3821,invention,nf,invention,le calendrier est une invention humaine –,the calendar is a human invention,71,265
3822,boucle,nf,"loop, buckle, curl",ils sont si mignons avec leurs boucles blondes –,they are so cute with their blond curls,64,338
3823,flou,adj,"blurred, fuzzy, vague","tout dans la pièce lui sembla flou, déformé –",everything in the room seemed blurred to him,74,226
3824,redire,v,"to say again, repeat",je te l’ai dit et redit –,"I told you once, and then again",79,179
3825,consultatif,adj,advisory,ils seront réduits à un rôle consultatif –,they will be relegated to an advisory role,65,325
3826,torturer,v,to torture,elle m’a torturée mentalement toute l’année –,she tortured me mentally all year long,73,235
3827,carton,nm,"cardboard, card, score",il y a une petite boîte de carton où vous trouverez un carnet de timbres –,there is a little cardboard box where you will find a book of stamps,69,288
3828,effrayer,v,"to frighten, scare",le futur m’attirait et m’effrayait à la fois –,the future both attracted me and scared me,66,314
3829,pitié,nf,"pity, mercy",enfin le ciel eut pitié de cette mère malheureuse –,finally heaven had pity on this unhappy mother,56,445
3830,complexité,nf,complexity,le livre explore la complexité de la société de l’information –,the book explores the complexity of the information society,69,282
3831,favori,nadj,favorite,le favori a gagné. nous le félicitons –,the faorite won. we congratulated him,68,291
3832,noyau,nm,"core, nucleus, pit",il recracha le noyau d’une olive –,he spat out an olive pit,67,305
3833,brandir,v,"to brandish, wield, wave",il brandit longuement les poings sous l’ovation –,he pumped his fists as the crowd cheered,77,201
3834,repenser,v,to rethink,il faut complètement repenser le tourisme –,tourism must be completely rethought,80,169
3835,timide,nadj(f),"timid, shy, bashful","sois pas timide, petit minou –","don’t be timid, little buddy",73,242
3836,audition,nf,"hearing, examination, audition",on a assisté aux auditions –,we attended the hearings,72,250
3837,comptabilité,nf,"accountancy, accounting, book-keeping",il a fait beaucoup de travail en comptabilité –,he worked extensively in accounting,77,195
3838,précaire,adj(f),"precarious, makeshift",le futur de leurs fils devient précaire –,their son’s future was becoming precarious,77,199
3839,trône,nm,throne,nous sommes des auxiliaires du trône pontifical –,we are assistants to the pontifical throne,64,343
3840,insulter,v,to insult,jamais je ne vous aurais insulté de propos délibérés –,I never would have insulted you deliberately,78,185
3841,saut,nm,"jump, leap",il a fait le grand saut –,he made the big leap,75,216
3842,amende,nf,fine,il devra payer l’amende –,he’ll have to pay the fine,67,307
3843,différemment,adv,differently,les femmes ont voté différemment de leurs maris –,the women voted differently from their husbands,72,243
3844,programmation,nf,programming,c’est trois heures de programmation par jour en direct –,it’s three hours of live daily programming,50,522
3845,crédible,adj(f),credible,"notre système est crédible, reconnu mondialement –","our system is credible, recognized worldwide",76,204
3846,justification,nf,"justification, proof",on ne saurait trouver de justification au terrorisme –,there’s no justification for terrorism,76,210
3847,conservation,nf,"preservation, preserving, retention",quelles mesures de conservation peuvent être prises –,what conservation measures can be taken,65,324
3848,transit,nm,transit,le fric est en transit. bouge pas –,the loot is on its way. don’t move,45,602
3849,organisateur,nadj,"organiser, organising",il a été l’un des principaux organisateurs –,he was one of the principal organizers,64,332
3850,galerie,nf,gallery,il y a toute une galerie de personnages –,there’s a whole range of personalities,74,228
3851,aménagement,nm,"development, planning, fitting, adjustment","alors, on a fait des aménagements –","so, we made some adjustments",70,267
3852,manifestant,nm,"protester, demonstrator",les manifestants ont fait monter la pression –,the protesters increased the pressure,51,507
3853,char,nm,tank,j’entends vaguement les chars qui s’approchent –,I barely hear the tanks as they approach,66,307
3854,criminalité,nf,crime,la prévention de la criminalité devrait être notre objectif final –,crime prevention should be our ultimate goal,57,418
3855,masquer,v,"to mask, conceal, put on a mask","le brouillard descendit des montagnes, masquant le coucher de soleil –","the fog rolled down the mountains, masking the sunset",73,238
3856,masque,nm,mask,je voudrais voir le visage derrière ce masque –,I would like to see the face behind that mask,71,257
3857,dorénavant,adv,"from now on, henceforth",j’écrirai dorénavant sur les deux côtés de la page –,from now on I will write on both sides of the page,80,162
3858,festival,nm,festival,j’étais dans un festival de musique –,I was in a music festival,57,417
3859,prôner,v,"to laud, extol, advocate, commend",l’évangile prône la pauvreté –,the gospel preaches poverty,72,245
3860,radicalement,adv,radically,"aujourd’hui, la situation est radicalement différente –","today, the situation is radically different",77,191
3861,franchise,nf,"frankness, exemption, duty-free, franchise, deductible",vous parlez avec une grande franchise –,you speak very frankly,77,192
3862,ultérieur,adj,"later, subsequent",sauvegardez-la pour un traitement ultérieur –,save it for subsequent processing,56,429
3863,expédier,v,"to send, dispatch",nous l’expédions dans des pays comme le Japon –,we send him to countries like Japan,77,194
3864,axer,v,to center,sa morale privée était axée sur le culte de la famille –,her private morals centered on family worship,69,273
3865,propager,v,"to propagate, spread",vous propagez le malheur des gens au monde entier –,you’re spreading people’s misery througout the world,74,219
3866,rectifier,v,"to rectify, correct",nul n’osa l’interrompre pour rectifier –,nobody dared interrupt her to correct her,83,138
3867,tennis,nmi,tennis,la télévision retransmettait un match de tennis –,the television rebroadcast a tennis match,54,465
3868,avenue,nf,avenue,ils empruntèrent d’abord une grande avenue –,first they took a broad street,73,236
3869,vengeance,nf,revenge,le désir de vengeance est bon pour la santé –,the desire for revenge is healthy,76,199
3870,émouvoir,v,"to move, touch",j’ai été profondément ému par la cérémonie –,I was deeply moved by the ceremony,67,303
3871,hé,intj,hey,"hé, les gars, regardez par ici –","hey, guys, look over here",46,585
3872,génial,adj,"inspired, great, brilliant",j’ai une idée géniale –,I have a brilliant idea,53,471
3873,réduit,nm,"reduced, scaled-down, cut-down, tiny room, hideout",nous avions une équipe très réduite –,we had a team that had been greatly reduced,80,169
3874,alléger,v,"to lighten, alleviate,",il est temps d’alléger les impôts –,it’s time to reduce taxes,73,238
3875,vierge,nadj(f),virgin,la Vierge est célébrée deux fois l’an –,the Virgin is celebrated twice a year,65,324
3876,meuble,nadj(f),piece of furniture,on me cache derrière un meuble –,they hid me behind a piece of furniture,65,321
3877,rapprochement,nm,"bringing together, coming closer, parallel",nous cherchons un rapprochement entre les deux extrêmes –,we’re seeking a consensus between the two extremes,67,298
3878,confession,nf,confession,la confession de mes fautes me permet de recommencer –,confessing my faults allows me to start afresh,75,212
3879,suspens,nm(pl),"suspension, abeyance",trop de questions vont rester en suspens –,too many questions will remain unresolved,82,143
3880,dégradation,nf,"degrading, damaging, erosion; demotion",il vient de subir une nouvelle dégradation –,he has just been demoted again,62,356
3881,vingtième,"det, nm, nf",twentieth,"la chambre obscure, au vingtième étage, cuit à gros feu –","the dark room, on the twentieth floor, is burning intensely",69,276
3882,agenda,nm,"diary, planner",j’écris mes poèmes dans un agenda –,I write my poems in a day planner,82,145
3883,grand-mère,nf,grandmother,elle est allée chez sa grand-mère –,she went to her grandmother’s place,65,321
3884,phare,nm,"lighthouse, headlight",éteignez les phares! restez où vous êtes! –,turn off the lights! stay where you are!,68,287
3885,virtuel,adj,"virtual, potential","c’est pire que l’espace virtuel, le cyberespace –",cyberspace is worse than virtual space,73,228
3886,gagnant,nadj,"winner, winning","j’en sortirai gagnant, finalement –",I will finally end up being the winner,71,255
3887,nettoyer,v,to clean,elle nettoyait la chambre –,she cleaned the room,68,282
3888,diagnostic,nm,diagnosis,comment confirme-t-on le diagnostic de l’Alzheimer? –,how does one confirm a diagnosis of Alzheimer’s?,71,250
3889,poing,nm,"fist, punch",je vais t’envoyer mon poing dans la figure! –,I’m gonna give you a fist in the mug!,65,321
3890,étiquette,nf,"label, ticket, etiquette, sticker, tag",l’étiquette distingue un élément d’information d’un autre –,the tag distinguishes one data item from another,60,377
3891,tante,nf,aunt,j’avais été élevé par ma tante –,I was raised by my aunt,57,416
3892,chemise,nf,"shirt, folder",le col de sa chemise était largement ouvert –,the collar of her shirt was mostly open,59,390
3893,pile,nf,"pile, stack, battery, tails",j’ai retiré les piles du détecteur d’oxyde de carbone –,I removed the batteries from the carbon monoxide detector,63,339
3894,kilo,nm,kilo,j’ai perdu 7 kilos en un an –,I lost 7 kilos in one year,68,288
3895,citoyenneté,nf,citizenship,la citoyenneté nous donne un sens de la communauté –,citizenship gives us a sense of belonging,56,433
3896,douceur,nf,"softness, smoothness, mildness, gentleness, sweetness",nous venons de goûter la douceur de la victoire –,we have just tasted the sweetness of victory,62,351
3897,attester,v,"to attest, confirm",comme l’attesteront les amis qui me connaissent bien –,as those friends who know me well will attest,82,145
3898,attraper,v,"to catch, get, pick up",attention quand même : vous allez attraper un rhume –,now be careful—you’re going to catch a cold,58,402
3899,prestigieux,adj(pl),prestigious,le jeune homme cumule trois diplômes prestigieux –,the young man is earning three prestigious degrees,73,228
3900,ruiner,v,"to ruin, bankrupt oneself",maintenant je suis ruiné. je suis divorcé –,I’m ruined now. I’m divorced,71,249
3901,croix,nf(pl),cross,fais alors un signe de croix –,then make the sign of the cross,60,376
3902,nullement,adv,not in the least,il n’est nullement indispensable –,he’s by no means indispensable,69,275
3903,incorporer,v,"to incorporate, insert, merge",ce texte a été incorporé éventuellement dans le chapitre –,this text was eventually merged into the chapter,75,206
3904,débloquer,v,"to free, unfreeze, unjam, release, unblock",le premier ministre cherchait sans doute à débloquer le projet –,the prime minister clearly sought to unblock the project,75,208
3905,ficher,v,"to file; to make fun of, not care, not give a damn",je me fiche pas mal de ce que tu fais! –,I really don’t give a damn what you do,60,381
3906,censure,nf,censorship,j’ai toujours eu des problèmes de censure –,I always had problems with censorship,71,250
3907,linguistique,nadj(f),"linguistic, linguistics",il est difficile de franchir la barrière linguistique –,it’s difficult to overcome the language barrier,59,387
3908,accompli,adj,accomplished,"mission accomplie, hein? c’est fini –","mission accomplished, eh? it’s over",82,141
3909,terriblement,adv,"terribly, awfully",je suis terriblement navré –,I’m terribly embarrassed,81,157
3910,main-d’æuvre,nf,"manpower, labor, workforce",une main-d’æuvre hautement qualifiée existe dans le Sud-Est asiatique –,highly qualified manpower exists in south-east Asia,60,379
3911,invasion,nf,invasion,personne ne sait exactement combien l’invasion de l’Irak va coûter –,nobody knows exactly how much the invasion of Iraq will cost,68,278
3912,orange,"adji, nf",orange,ils cultivent des oranges –,they grow oranges,76,203
3913,jury,nm,"jury, board of examiners",c’est un jury exclusivement blanc –,it’s an all-white jury,68,278
3914,bæuf,nm,"ox, steer, beef",il est bien possible que ce bæuf ait été engraissé aux hormones –,this cow may have been fattened with hormones,77,193
3915,rallier,v,"to rally, win over, join","on veut faire de l’argent, on veut rallier les gens, faire le party –","we want to make money, we want to gather people, to party",74,219
3916,roue,nf,wheel,"avance doucement, dis-je. les roues se mirent à tourner –","inch slowly forward, I said. the wheels began turning",72,243
3917,barrer,v,"to close, block, bar, cross",les deux autres me barraient la sortie –,the two others blocked my way,68,284
3918,réaffirmer,v,"to reaffirm, reassert",il faut réaffirmer ce droit fondamental –,we must reaffirm this fundamental right,59,382
3919,assigner,v,"to assign, allocate, attach, attribute",deux grandes tâches lui sont assignées –,two great tasks are assigned to her,74,222
3920,souhaitable,adj(f),desirable,une dictature militaire n’est pas souhaitable dans ce pays –,a military dictatorship isn’t desirable in this country,68,276
3921,soupçon,nm,suspicion,elle l’examina avec soupçon –,she examined it with suspicion,72,234
3922,constat,nm,"report, statement",ces associations en sont arrivées à ce constat –,these associations arrived at this agreement,65,319
3923,communisme,nm,communism,nous avons hérité du communisme une destruction massive de l’environnement –,we inherited from communism massive destruction of the environment,71,244
3924,dynamisme,nm,dynamism,quel est le secret de votre dynamisme? –,what’s the secret of your vitality?,77,189
3925,flagrant,adj,"blatant, glaring",c’est une contradiction flagrante –,it’s a blatant contradiction,77,192
3926,paire,nf,pair,une paire de gants nous suffisait –,a pair of gloves was sufficient for us,66,296
3927,loup,nm,wolf,"ce n’était pas un loup, ce n’en était que l’ombre –","it wasn’t a wolf, just the shadow of one",74,219
3928,concerter,v,"to devise, consult",l’occasion de nous concerter avec nos groupes –,the chance to consult together in our groups,80,159
3929,désespérer,v,to despair,il faut désespérer de ce peuple et le subjuguer –,you must lose hope in this people and take them captive,68,280
3930,subit,adj,sudden,une chaleur subite l’envahissait –,a sudden heat overcame him,76,201
3931,diplomate,"nadj(f), nm","diplomat, diplomatic",ils sont accompagnés par un diplomate russe –,they’re accompanied by a Russian diplomat,57,404
3932,joue,nf,cheek,"des larmes coulaient sur mes joues, sans arrêt –",tears rolled down my cheeks continually,55,430
3933,essuyer,v,"to wipe, dry, mop, dust",essuie tes larmes –,wipe away your tears,69,271
3934,exporter,v,to export,le Canada exporte un certain nombre de produits alimentaires –,Canada exports some food products,69,272
3935,étaler,v,"to spread, display, apply",j’ai étalé mon manteau sur votre lit –,I spread out my coat on your bed,69,264
3936,reconduire,v,"to renew, drive back",je te reconduis à l’aéroport –,I’ll drive you back to the airport,79,172
3937,handicap,nm,handicap,mon handicap est très sérieux –,my handicap is very serious,74,212
3938,bonsoir,"intj, nm",good evening,bonsoir cher ami. quel plaisir de vous voir –,"good evening, dear friend. how nice to see you",49,519
3939,casque,nm,helmet,je suis la seule à porter un casque au travail –,I was the only one to wear a helmet at work,70,261
3940,autrui,pro,others,vous ne pouvez pas les louer à autrui –,you’re not allowed to rent them to others,71,242
3941,bousculer,v,"to knock over, knock into",je voulais bousculer les habitudes des gens –,I wanted to shake up people’s habits,74,215
3942,ériger,v,"to erect, set up",Hitler avait érigé un vieux symbole hindou –,Hitler had erected an ancient Hindu symbol,78,177
3943,conversion,nf,conversion,pouvez-vous expliquer votre notion de conversion psychique? –,can you explain your notion of psychic conversion?,58,398
3944,patte,nf,"paw, foot, leg",elles marchaient de côté avec des pattes de crabe –,they walked sideways crab-style,64,318
3945,planifier,v,to plan,"plus nous planifions longtemps d’avance, mieux c’est –","the longer ahead we plan, the better",72,231
3946,transitoire,adj(f),"transient, interim, provisional",il y a installé l’administration transitoire –,there he set up the transitional administration,67,285
3947,tardif,adj,late,je vous prie d’excuser mon arrivée tardive –,I beg you to excuse my late arrival,79,172
3948,prédécesseur,nm,predecessor,il est substantiellement semblable à son prédécesseur –,he’s largely similar to his predecessor,69,267
3949,natal,adj,"native, home",il voulait quitter sa ville natale –,he wanted to leave his hometown,74,212
3950,humour,nm,humour,"sans humour, tu ne survis pas –","without humor, you don’t survive",67,288
3951,défaillance,nf,"fault, failure, breakdown, blackout, weakness",je connaissais mes défaillances et je les regrettais –,I knew my shortcomings and I regretted them,54,447
3952,hélas,intj,alas,"hélas, je ne pourrai pas –","alas, I won’t be able to",71,248
3953,cabine,nf,"hut, cubicle, booth, box, room",elle dort dans une cabine –,she’s sleeping in a cabin,62,348
3954,fardeau,nm,burden,le gouvernement doit alléger le fardeau des entreprises –,the government must lighten the load of companies,62,343
3955,héritier,nm,heir,il n’a pas d’héritiers directs –,he has no direct heirs,69,263
3956,apport,nm,"supply, contribution",cite-moi un seul apport positif de la technologie –,name me one positive contribution from technology,70,252
3957,remboursement,nm,reimbursement,"s’ils veulent un remboursement, je le prendrais sur ta paye –","if they want reimbursement, I’ll take it from your paycheck",67,283
3958,échelon,nm,"rung, step, grade, echelon","j’ai tenté de grimper encore un échelon, pour lui échapper –",I tried to crawl up one more rung to escape him,75,205
3959,fondre,v,"to melt, merge","quel pudding exquis, il fond dans la bouche –",what exquisite pudding—it melts in the mouth,73,228
3960,occurrence,nf,"instance, case, occurrence",nous pourrions compter sur les doigts de la main les occurrences du mot –,we could count on the fingers of one hand the occurrences of the word,67,281
3961,authentique,adj(f),"genuine, authentic",mon objectif premier : rester authentique –,my main objective: to remain authentic,78,172
3962,attentivement,adv,"attentively, carefully, closely",écoute-moi attentivement –,listen to me carefully,65,307
3963,irlandais,nadj(pl),Irish,ma femme est d’origine irlandaise –,my wife is of Irish background,59,372
3964,confortable,adj(f),comfortable,ce canapé n’est pas très confortable –,this sofa is not very comfortable,78,175
3965,au-dessous,adv,underneath,la température descend au-dessous de -40 –,the temperature is falling below,57,396
3966,fonctionnel,adj,functional,"vous savez, tout est fonctionnel –","you know, everything works",46,561
3967,panne,nf,"breakdown, failure",ton téléphone est en panne –,your telephone doesn’t work,68,274
3968,adieu,"intj, nm","goodbye, farewell, adieu",je ne t’aime plus. adieu –,I don’t love you any more. farewell,60,367
3969,entre-temps,"adv, nm(pl)","meanwhile, in the meantime","entre-temps, la population vieillit et augmente –",in the meantime the population is aging and increasing,76,198
3970,insérer,v,to insert,j’insère ma carte dans la machine –,I insert my card into the machine,62,342
3971,confrère,nm,colleague,mes confrères de classe ont bénéficié de ces bourses –,my classmates benefited from those scholarships,74,217
3972,litre,"nm, nf",litre,il vient de boire deux litres de bière d’un coup –,he just drank two litres of beer in one sitting,79,164
3973,suivi,nadj,"follow-up; consistent, continuous",il n’y a pas assez de suivi psychiatrique et sanitaire en prison –,there isn’t enough psychiatric and sanitary follow-up in prison,69,260
3974,variation,nf,"variation, change",les variations peuvent être compensées –,the variations can be compensated,56,413
3975,productif,adj,productive,j’essaie de rendre le gens les moins productifs que possible –,I try to make people the least productive possible,69,267
3976,groupement,nm,"grouping, group, categorization",j’étais dans toutes sortes de groupements –,I was in all kinds of groups,74,210
3977,modernisation,nf,modernization,il va nous amener à poursuivre notre modernisation –,he’s going to push us to pursue our modernization,68,274
3978,déploiement,nm,"deployment, spreading, unfurling, display",il s’agirait du premier déploiement de missiles sol-air –,it would be the first deployment of surface-to-air missiles,70,248
3979,impuissant,nadj,"powerless, helpless",la justice est complètement impuissante –,justice is completely powerless,76,190
3980,restauration,nf,restoration; catering,la restauration emploie beaucoup de jeunes –,catering employs many young people,76,189
3981,haïr,v,"to detest, hate, abhor",j’ai toujours haï la campagne –,I always hated the countryside,57,398
3982,marée,nf,tide,c’est à marée haute qu’il faut venir –,you must come at high tide,72,233
3983,souscrire,v,to subscribe,elle ne souscrit pas complètement à nos principes –,she doesn’t altogether subscribe to our principles,63,329
3984,diable,"intj, nm",devil,vous croyez que je suis le diable? –,you think I’m the devil?,62,335
3985,suffrage,nm,vote,le suffrage est le court moment du souverain –,the popular vote is the beginning of the end for a monarch,67,283
3986,spontané,adj,spontaneous,sois spontanée pour une fois dans ta vie –,be spontaneous for once in your life,69,264
3987,joyeux,nadj(pl),"merry, joyful, happy",je ne regrette pas cette époque très joyeuse de ma vie –,I don’t regret this very joyful time in my life,62,337
3988,concilier,v,to reconcile,j’arriverai à concilier plaisir et nécessité –,I managed to reconcile pleasure and duty,76,194
3989,tristesse,nf,"sadness, gloominess, dreariness",je n’ai jamais pris leur tristesse au sérieux –,I never took their sadness seriously,62,333
3990,asile,nm,"shelter, asylum, hospital",ils veulent m’enfermer à l’asile! –,they want to commit me to an asylum!,70,247
3991,sombrer,v,"to darken; to sink, lapse",je sombrai dans le chaos –,I sank into chaos,75,199
3992,photographe,"nm, nf",photographer,je suis en quelque sorte son photographe non officiel –,I’m somewhat of his unofficial photographer,68,269
3993,libanais,nadj(pl),Lebanese,"mais nous, les Libanais, nous reviendrons –","but we Lebanese, we will return",55,428
3994,archives,nfpl,"archives, records",je suis allée aux archives –,I went to the archives,75,202
3995,honteux,adj(pl),"ashamed, shameful",je trouve cela absolument honteux –,I find that absolutely shameful,71,241
3996,rapporteur,nadj,"telltale, rapporteur",je vous en informe comme rapporteur –,I’m telling you this as a reporter,41,628
3997,dix-neuvième,"det, nm, nf",nineteenth,la ville paraît sortie du dix-neuvième siècle –,the city seemed to come straight out of the nineteenth century,67,282
3998,indemnisation,nf,"indemnification, compensation",jamais une période d’indemnisation n’a été aussi longue –,no period of compensation has ever been this long,55,416
3999,harceler,v,"to harass, plague",la police des mœurs harcèle encore les jeunes –,the vice squad is still harassing the youth,87,97
4000,leadership,nm,leadership,nous devons faire preuve de leadership –,we must show leadership,58,386
4001,cahier,nm,notebook,"d’accord, fermez les cahiers. commençons cet examen –","OK, close your workbooks. let’s begin this exam",65,300
4002,portable,"adj(f), nm","portable, wearable; cell phone",j’achèterai un portable et je t’appellerai –,I’ll buy a cell phone and I’ll call you,70,244
4003,précoce,adj(f),"early, precocious",nous favorisons la détection précoce et la prévention –,we support early detection and prevention,81,149
4004,qualification,nf,qualification,on n’a pas passé les qualifications –,we didn’t pass the qualifying exam,61,344
4005,insulte,nf,insult,"je m’enfuis, poursuivie par ses insultes –","I took off, pursued by her insults",78,171
4006,planer,v,"to glide, soar",un grand oiseau planait –,a large bird was soaring,78,175
4007,stage,nm,"internship, training course",j’ai découvert la secte lors d’un stage d’été en Slovénie –,I found the sect during a summer internship in Slovenia,70,247
4008,dédier,v,to dedicate,ce livre est dédié à ma sæur qui est décédée –,this book is dedicated to my sister who passed away,75,199
4009,carrément,adv,"completely, directly, straight out","ici, on passe carrément par-dessus la tête des syndicats –","here, frankly, we go over the heads of the unions",71,235
4010,exil,nm,exile,"elle mourut dans l’exil, dans la pauvreté –","she died in exile, in poverty",67,278
4011,artisan,nm,"craftsman, self-employed",nous sommes les artisans de notre propre destin –,we are the captains of our own destiny,73,219
4012,rassurant,adj,"reassuring, comforting",c’est rassurant des bruits de cuisine –,kitchen sounds are reassuring,78,169
4013,remède,nm,"cure, remedy","leur herbier fournit des remèdes, des tisanes –","the herbalist provides remedies, herbal teas",71,238
4014,composant,nadj,"component, constituent",c’est une organisation politique avec un forte composante terroriste –,it’s a political organization with a strong terrorist component,50,480
4015,économiquement,adv,economically,ce sont des régions qui actuellement explosent économiquement –,these are regions that are currently exploding with economic activity,73,217
4016,hurler,v,"to scream, yell","tout le monde la cherchait, hurlait son prénom –","everyone was looking for her, yelling her name",63,321
4017,yen,nm,yen,"par ailleurs, le yen doit être soutenu –","elsewhere, the yen must be shored up",50,486
4018,gras,"adj(pl), nm(pl)","fatty, fat, greasy",il y a 20 % de matières grasses dedans –,it has a 20% fat content,72,228
4019,médiatique,adj(f),media,c’est un coup médiatique incroyable pour cette compagnie-là –,it’s an incredible public relations coup for that company,59,373
4020,statue,nf,statue,elevons une statue de moi –,let’s erect a statue of me,67,278
4021,frappe,nf,"strike, striking, stamp, impression, punch",les frappes aériennes ne vont résoudre aucun problème –,air strikes won’t resolve any problems,57,396
4022,industrialiser,v,to industrialize,la France vend surtout aux principaux pays industrialisés –,France sells mostly to the principal industrialized countries,67,278
4023,efficacement,adv,"efficiently, effectively",nous avons toujours travaillé efficacement ensemble –,we have always worked effectively together,70,250
4024,golfe,nm,gulf,les gens du Golfe sont très fiers –,the people of the Gulf are very proud,61,341
4025,ambiance,nf,"atmosphere, mood",il y a une ambiance sympa dans cette ville –,there’s a great atmosphere in this city,68,264
4026,coopérer,v,to cooperate,je pense qu’il va falloir coopérer –,I think we will have to cooperate,70,249
4027,bus,nm(pl),bus,"à Rome, nous avons pris le bus. un bus rouge –","in Rome, we took the bus. a red bus",61,340
4028,septième,"det, nm, nf",seventh,le septième enfant est mort –,the seventh child died,72,227
4029,façade,nf,"front, façade",la façade est formée par le massif –,the facade is formed by the massif,63,321
4030,charmant,adj,charming,c’était une femme tout à fait charmante –,she was an absolutely charming woman,57,394
4031,marginal,nadj,marginal,j’ai jamais pensé que j’étais marginal –,I never thought of myself as marginal,73,217
4032,comptable,nadj(f),"accountant, accountable",le fruit d’une froide évaluation comptable –,the fruit of passionless accounting evaluation,68,270
4033,isolement,nm,"loneliness, isolation, insulation",vous avez été maintenu quatorze ans en isolement –,you were kept fourteen years in isolation,73,221
4034,modérer,v,"to restrain, moderate, reduce",malheureusement la prudence ne modérait pas toujours les élans de son coeur –,"sadly, prudence didn’t always restrain the outbursts of her heart",58,380
4035,volant,"adj, nm",steering wheel,"vas-y, prends le volant –","go ahead, take hold of the steering wheel",71,232
4036,porc,nm,"pig, pork",on a été manger des côtes de porc dans un bistro –,we went to eat pork ribs in a bistro,75,194
4037,appartenance,nf,"membership, belonging",le sentiment d’appartenance doit être entretenu –,the sense of belonging must be maintained,75,197
4038,émeute,nf,"riot, rioting",c’était le point zéro des émeutes de Los Angeles –,it was ground zero for the Los Angeles riots,74,205
4039,constructif,adj,constructive,trouvez une facon constructive de vous améliorer –,find a constructive way to improve yourself,65,302
4040,minime,nadj(f),"minor, minimal",beaucoup de ces différences sont minimes –,many of these differences are minimal,84,118
4041,ralentissement,nm,slowing down,l’économie japonaise est en net ralentissement –,the Japanese economy is clearly slowing down,59,365
4042,mobilisation,nf,mobilization,rapidement la mobilisation se construit dans la communauté éducative –,rapidly mobilization was established in the educational community,60,352
4043,tâcher,v,to endeavor,tâchez donc à faire plus simple –,so try to simplify,72,224
4044,racisme,nm,racism,cette fausse image contribue au racisme –,this false image feeds racism,67,273
4045,mairie,nf,"town hall, city hall",ils se marièrent à la mairie –,they got married at the city hall,67,281
4046,aptitude,nf,ability,ses aptitudes en mathématiques me désespèrent –,his aptitude for mathematics left me in despair,75,200
4047,fumée,nf,smoke,on a senti des odeurs de fumée –,we smelled smoke,67,281
4048,sauvetage,nm,"rescue, salvaging",nos équipes de recherche et de sauvetage sont sur place –,our search and rescue teams are in place,70,241
4049,récession,nf,recession,"si on parle de récession, les gens n’achètent plus –","if there’s talk of a recession, people will stop buying",54,421
4050,convaincant,adj,convincing,tu as été convaincant à la télé aujourd’hui –,you were convincing on TV today,81,145
4051,sou,nm,penny,ils étaient des réfugiés sans le sou –,they were refugees without a single penny,73,213
4052,analyste,"nm, nf",analyst,quand ces personnes sont elles-mêmes devenues analystes? –,when did these people become analysts too?,60,350
4053,prétendu,nadj,"so-called, alleged",il est impossible d’accepter cette prétendue réponse –,it’s impossible to accept this so-called response,75,199
4054,grossier,adj,"unrefined, crude, coarse, rude, rough",excusez-moi. j’ai été grossier –,excuse me. I was rude,71,237
4055,ignorance,nf,ignorance,tu m’as aimé par ignorance! –,you loved me out of ignorance!,68,262
4056,pervers,nadj(pl),"pervert, perverse, perverted","vous aimez les trucs pervers, hein? –","you like perverted stuff, hey?",76,191
4057,sensiblement,adv,"approximately, more or less, noticeably",le gouvernement fédéral a réduit sensiblement sa contribution –,the federal government reduced its contribution sizably,63,321
4058,léguer,v,"to bequeath, hand down, pass on",il aurait dû me léguer la maison tout entière –,he should have bequeathed me the whole house,87,95
4059,prélever,v,"to impose, levy, withdraw, remove",l’argent est prélevé sur les chèques toutes les semaines –,money is debited against the checks every week,70,241
4060,noyer,"nm, v","walnut; to drown, flood, blur, water down","tous trois ont péri noyés, prisonniers du véhicule –","all three of them drowned, trapped in the vehicle",68,268
4061,abbé,nm,"abbot, priest",je vous présente M. l’abbé –,may I introduce the abbey,55,407
4062,détecter,v,to detect,les fuites sont difficiles à détecter –,leaks are difficult to detect,56,403
4063,capter,v,"to pick up, capture, tap",puis ses yeux captèrent un mouvement –,then her eyes caught a motion,77,179
4064,sceptique,nadj(f),"sceptical, sceptic",le monde scientifique reste en majorité sceptique –,the scientific world for the most part remains sceptical,81,146
4065,vôtre,nadj(f),yours,"ça fera deux cafés, le vôtre et celui du monsieur –","that will be two coffees, yours and the gentleman’s",68,261
4066,problématique,nadj(f),problematic; problem,quelle est la problématique environnementale principale? –,what is the principal environmental issue?,61,333
4067,voiler,v,to veil,les femmes doivent se voiler –,women must wear a veil,69,251
4068,nationalité,nf,nationality,il avait la possibilité de choisir la nationalité française –,he had the chance to choose French nationality,61,333
4069,serment,nm,"oath, vow","tu ne peux pas rompre un serment, c’est sacré –",you can’t break an oath – it’s sacred,72,225
4070,envoler,v,"to fly away, fly off, take off","son âme s’envolait, portée par les anges –","his soul flew away, carried by the angels",69,252
4071,pasteur,nm,"minister, clergyman, pastor",elle aime mieux le pasteur que le Jésuite –,she prefers the pastor to the Jesuit,73,216
4072,activer,v,"to activate, speed up, stoke, get moving",il faut activer votre réseau –,you have to activate your network,63,313
4073,chimie,nf,chemistry,je ferais mieux d’étudier ma chimie –,I would do better to study my chemistry,65,292
4074,erroné,adj,erroneous,cette idée est complètement erronée –,this idea is completely false,66,285
4075,fantôme,nm,"ghost, phantom",j’ai encore vu un fantôme dans ma maison –,I saw a ghost in my house again,63,311
4076,naviguer,v,"to navigate, sail",il naviguait sur Internet en quête de sujets scientifiques –,he surfed the Internet looking for science topics,84,114
4077,yougoslave,nadj(f),"Yugoslav, Yugoslavian",la crise yougoslave gêne surtout leurs grands rivaux –,the Yugoslavian crisis bothers their major rivals the most,55,402
4078,explicitement,adv,explicitly,se séparer explicitement de l’amour –,to separate oneself explicitly from love,76,186
4079,alerter,v,"to alert, inform, warn",il ne faudrait pas alerter la population –,we shouldn’t alert the population,75,191
4080,vigilance,nf,"vigilance, watchfulness",le pinot demande une vigilance constante –,pinot demands constant vigilance,76,188
4081,rock,nm,rock music,j’avais souhaité parler du rock de mon adolescence –,I wanted to talk about the rock of my teenage years,61,338
4082,réconciliation,nf,reconciliation,une Europe unie a besoin de cette réconciliation –,a unified Europe needs this reconciliation,68,263
4083,revers,nm(pl),"back, reverse, setback",il y a le revers de la médaille –,there is the other side of the coin,76,185
4084,aviation,nf,aviation,l’aviation israélienne avait mené une série de raids –,the Israeli air force carried out a series of raids,67,275
4085,souplesse,nf,"suppleness, flexibility",je préfère la souplesse d’âme à la souplesse de peau –,I prefer a gentle soul to soft skin,68,264
4086,respectueux,adj(pl),respectful,il est extrêmement respectueux avec les gens –,he is extremely respectful of people,77,172
4087,trahison,nf,"betrayal, treachery, treason","c’était rien, juste une petite trahison –","it was nothing, just a little bit of treason",75,197
4088,débit,nm,"debit, turnover, delivery, rate",le débit était aussi rapide qu’avant –,turnover was as rapid as it was previously,54,422
4089,sursis,nm(pl),"reprieve, deferment",une peine d’emprisonnement avec sursis ne suffirait pas –,jail time with remission of sentence would not be enough,57,383
4090,simultanément,adv,simultaneously,je répondrai donc aux deux questions simultanément –,so I will answer both questions at the same time,66,278
4091,techniquement,adv,technically,je ne te connais pas … techniquement –,I don’t know you … technically,82,129
4092,os,nm(pl),bone,je jette un os à un chien –,I toss a bone to a dog,59,361
4093,cote,nf,"rating, share index, quoted value",l’or a dépassé la cote des $ 380 –,gold rose above a quoted value of $380,75,190
4094,dictionnaire,nm,dictionary,nous avons développé un dictionnaire assez élaboré –,we have developed quite an elaborate dictionary,66,277
4095,symptôme,nm,symptom,les symptômes se sont nettement aggravés –,the symptoms got much worse,74,198
4096,délibérément,adv,deliberately,il marcha délibérément vers la porte –,he strode deliberately towards the door,80,153
4097,écoute,nf,listening,il faut se tenir à l’écoute de tout ce qui se passe –,you have to keep informed about everything that happens,63,310
4098,contingent,nadj,"contingent, draft, quota",c’est le plus fort contingent d’étudiants étrangers –,that’s the strongest contingent of foreign students,73,208
4099,émerger,v,"to emerge, rise up, come out",cette façon de penser émerge presque partout –,this kind of thinking is emerging almost everywhere,66,277
4100,instruire,v,"to teach, educate, inform",ils sauront l’instruire sur leurs anciennes pratiques –,they know how to teach him their ancient practices,68,264
4101,équité,nf,"equity, fairly",il faudra renforcer l’équité en matière d’emploi –,it will be necessary to strengthen equity in the workplace,49,483
4102,inconscient,nadj,"unconscious, thoughtless","après cela, je suis resté inconscient pendant 24 heures –","afterwards, I was unconscious for 24 hours",69,248
4103,chaleureux,adj(pl),warm,c’était quand même un accueil très chaleureux –,yet it was a very warm welcome,82,133
4104,déguiser,v,to disguise,je me déguise en quelqu’un d’autre –,I’m disguised as somebody else,75,191
4105,fièvre,nf,fever,vous êtes brûlante de fièvre –,you’re burning up with fever,64,304
4106,vitre,nf,"pane, window","derrière la vitre, il l’observait, il la jugeait –","from behind the windowpane he watched her, he judged her",60,345
4107,fantastique,nadj(f),"fantastic, terrific, great, weird, eerie",ils ont fait un travail fantastique –,they did a fantastic job,65,288
4108,courbe,nadj(f),"curve, curved",la courbe qu’il spécifie est une spirale –,the curve that it describes is a spiral,59,357
4109,soustraire,v,"to substract, remove, shield, escape from",nul homme ne peut se soustraire au terme de sa vie –,no man can escape from the endpoint of his life,73,206
4110,instable,adj(f),unstable,je regardai avec effroi ces êtres instables –,I watched with fear these unstable beings,75,188
4111,vapeur,"nm, nf","vapor, steam, steamship",j’aperçus au loin une vapeur bleuâtre –,I noticed a blueish vapor in the distance,74,199
4112,beurre,nm,butter,"j’aurais appris à faire du beurre, du fromage –",I would have learned to make butter and cheese,75,191
4113,monument,nm,monument,ce devait être un monument aux morts –,it must have been a monument to the dead,70,237
4114,oral,nadj,oral,ces histoires constituent le folklore oral moderne –,these stories comprise modern oral folklore,61,327
4115,téléviser,v,to televise,la concurrence des journaux télévisés est indéniable –,competition among TV newscasts is undeniable,68,256
4116,consolider,v,"to strengthen, reinforce",la société consolide sa position en matière de propriété intellectuelle –,the company is solidifying its position on intellectual property,62,318
4117,muet,nadj,"mute, silent, dumb",j’ai un fils aussi muet qu’une carpe –,I have a son as mute as a carp,65,290
4118,contrevenant,nadj,"offender, offending",cela évite au contrevenant d’aller en prison –,this prevents the offender from having to go to prison,44,553
4119,offensive,nf,"offensive, offence",la seule défense est une bonne offensive –,the only defence is a good offence,57,380
4120,routine,nf,routine,"les routines, très vite, reprirent leurs droits –",routines quickly gained the upper hand,78,161
4121,coder,v,"to code, encode",chaque langue code une culture déterminée –,each language encodes a particular culture,49,483
4122,gel,nm,"frost, freezing, gel",ils ont besoin d’un gel des frais de scolarité –,they need a freeze in tuition,72,220
4123,rénovation,nf,"renovation, restoration",les travaux de transformation et de rénovation iront également bon train –,transformation and renovation work will proceed together at a good pace,80,145
4124,controverse,nf,controversy,il y a beaucoup de controverses au sujet des châtiments corporels –,there are many controversies about corporal punishment,71,230
4125,médiocre,nadj(f),"mediocre, second-rate","pire encore, il est médiocre et inefficace –","even worse, he is mediocre and inefficient",73,204
4126,filial,adj,filial; branch office,il fallait créer une entreprise filiale –,it was necessary to create a subsidiary company,57,370
4127,relais,nm(pl),"shift, relay",les paroles avaient pris le relais de ses larmes –,words took over from his tears,61,326
4128,opposant,nadj,"opponent, opposing",mais les opposants sont sceptiques –,but the opponents are sceptical,57,376
4129,aval,nm,"downstream, downhill",on parle des avantages en aval –,we’re talking about downstream benefits,70,232
4130,rubrique,nf,"column, heading, rubric",l’émission propose également de nombreuses rubriques –,the broadcast also offers several categories,69,246
4131,préfet,nm,prefect,le préfet ne fera rien pour nous –,the police commissioner will do nothing for us,64,294
4132,provocation,nf,provocation,"c’est de la provocation indue, non souhaitable et injustifiée –","it’s undeserved, undesirable and unjustified provocation",78,161
4133,sommaire,nadj(f),"summary, brief, cursory",l’examen est certes assez sommaire –,the examination is certainly rather cursory,73,211
4134,versant,nm,"hillside, mountainside",voilà succinctement résumé un versant de sa nature –,"there, briefly put, is one side of his nature",45,535
4135,réticence,nf,"reluctance, hesitation",je ne ressens pas de réticence de la part des auteurs français –,I don’t sense any reluctance on behalf of French authors,77,169
4136,grossesse,nf,pregnancy,elle m’avait annoncé sa grossesse –,she told me she was pregnant,76,177
4137,égyptien,nadj,Egyptian,nous avons mangé de la cuisine égyptienne –,we ate Egyptian food,54,403
4138,timbre,nm,to stamp,je regarde un peu mes timbres –,I’m just looking over my stamps,74,197
4139,découper,v,"to carve, cut,",je ne découpe pas les articles –,I don’t cut out articles,74,194
4140,distributeur,nadj,"distributor, machine",les distributeurs quittaient la salle en courant –,the distributors ran out of the room,72,218
4141,élargissement,nm,"widening, letting-out, stretching, broadening",il n’y aura pas d’élargissement de la Communauté –,there will be no expansion of the Community,57,372
4142,dégrader,v,"to degrade, debase, damage, erode",la situation se dégrade depuis 1984 –,the situation has been worsening since 1984,73,203
4143,colonial,nadj,colonial,la Suisse n’a pas de passé colonial –,Switzerland has no colonial history,69,247
4144,pourparler,nm,"talk, discussion, negotiation",on va bientôt participer à ces pourparlers –,we’ll soon participate in these discussions,60,336
4145,incidence,nf,"effect, incidence",les catastrophes ont des incidences économiques importantes –,catastrophes cause important economic consequences,58,357
4146,béton,nm,concrete,les murs étaient en béton –,the walls were of cement,82,128
4147,fiable,adj(f),"reliable, trustworthy","elle est très fiable, croyez-moi –","she’s very trustworthy, believe me",74,197
4148,génocide,nm,genocide,il est également accusé de génocide –,he is also accused of genocide,61,330
4149,vingt-quatre,"det, nmi",twenty four,Air France propose toujours vingt-quatre vols quotidiens –,Air France still offers 24 daily flights,55,393
4150,épouvantable,adj(f),"terrible, appalling, dreadful",c’est un épouvantable malentendu –,it’s a horrible misunderstanding,78,158
4151,indifférent,nadj,"indifferent, unconcerned, unimportant","apparemment, je lui suis complètement indifférente –","apparently, I’m completely unimportant to him",65,280
4152,audacieux,nadj(pl),"daring, audacious, bold",il est temps de prendre des décisions audacieuses –,it’s time to make bold decisions,80,144
4153,poudre,nf,powder,ta copine a besoin de sa poudre magique –,your girlfriend needs her magic powder,75,184
4154,teneur,nf,content,il n’a révélé la teneur exacte de sa conversation –,he didn’t reveal the exact content of his conversation,75,185
4155,inverser,v,"to reverse, invert",l’infirmière s’est trompée. elle a tout inversé –,the nurse was wrong. she got everything backwards,74,196
4156,naval,adj,naval,les chantiers navals fonctionnaient à plein rendement –,the naval shipyards were operating at full capacity,66,274
4157,dérive,nf,drift,j’imagine mal cependant des dérives extrémistes –,I have a hard time imagining extremist tendencies,73,206
4158,mécontent,nadj,"discontented, dissatisfied, displeased",je regrette que vous soyez mécontent mais je ne puis rien y faire –,I’m sorry you’re displeased but I can no longer do anything about it,79,150
4159,vocabulaire,nm,vocabulary,ce n’est pas dans mon vocabulaire –,it’s not in my vocabulary,71,219
4160,stabiliser,v,to stabilize,stabilisez vos déflecteurs arrière –,tighten your rear deflectors,72,212
4161,délégué,nadj,delegate,les délégués de 190 pays se sont retrouvés samedi –,delegates from 190 countries met Saturday,63,301
4162,centrer,v,to center,je centrerai mon intervention sur quatre points précis –,I will center my talk on four specific points,74,198
4163,algérien,nadj,Algerian,je ne suis ni français ni algérien –,I’m neither French nor Algerian,56,376
4164,sympathique,nadj(f),"likeable, nice, pleasant",je vous trouve incroyablement sympathiques –,I find you incredibly likable,72,214
4165,alentour,adv,"around, round about",il n’y avait personne aux alentours immédiats –,there was nobody in the immediate vicinity,73,200
4166,corrompre,v,"to corrupt, bribe",le régime actuel me semble absolument corrompu –,the current regime seems absolutely corrupt to me,77,169
4167,commerçant,nadj,"shopkeeper, merchant, commercial","c’était plein de petits commerçants, d’artisans –","it was full of shopkeepers, artisans",71,227
4168,poitrine,nf,"chest, breast, breasts, bosom","ils avaient mal dans la poitrine, aux oreilles et à la tête –","they had sore chests, ears, and heads",55,396
4169,couronner,v,"to crown, award",ces rencontres ont vraiment été couronnées de succès –,these meetings were crowned with success,76,174
4170,relire,v,"to reread, proofread","il relisait, corrigeait et reprenait le travail du jour –","he reread, corrected, and reviewed the day’s work",63,303
4171,perpétuer,v,"to perpetuate, carry on",ces traditions se perpétuent au Moyen Âge –,these traditions continue through in the Middle Ages,76,176
4172,doctrine,nf,doctrine,il a enseigné des doctrines trompeuses et répugnantes –,he taught deceitful and loathsome doctrine,62,306
4173,compétitif,adj,competitive,l’industrie automobile européenne peut être compétitive –,the European auto industry can be competitive,69,241
4174,majesté,nf,majesty,sa majesté le roi a été salué à son départ –,his majesty the king was saluted on his departure,56,377
4175,mouton,nadj,sheep,les moutons commençaient à se désintéresser de moi –,the sheep stopped showing interest in me,67,262
4176,indifférence,nf,indifference,je dois subir avec indifférence les conséquences –,I must suffer the consequences unflinchingly,63,299
4177,omettre,v,"to leave out, miss out, omit",je n’y omettrai rien –,I won’t leave anything out,80,147
4178,typique,"nadj(f), nf",typical,c’est typique. cela ne m’étonne pas –,it’s typical. that doesn’t surprise me,69,242
4179,concurrentiel,adj,competitive,divers éléments nous procurent cet avantage concurrentiel –,many factors bring us this competitive advantage,70,228
4180,désarmement,nm,"disarmament, disarming",j’ai besoin des codes de désarmement –,I need the deactivation codes,60,335
4181,quotidiennement,adv,"daily, every day",les gangs font la manchette presque quotidiennement –,gangs make the headlines almost every day,74,198
4182,architecture,nf,architecture,l’architecture doit beaucoup aux Arabes –,architecture owes much to the Arabs,68,249
4183,éventualité,nf,"eventuality, possibility",je suis prêt à toute éventualité –,I’m ready for any eventuality,77,167
4184,massacrer,v,"to slaughter, massacre",ils massacraient des indigènes –,they massacred some natives,73,203
4185,réciproque,nadj(f),"mutual, reciprocal, the opposite",j’ai proposé des retraits réciproques dans tous les arrondissements –,I proposed a mutual withdrawal in all of the neighborhoods,76,173
4186,état-major,nm,"staff, staff headquarters",l’état-major entendait écraser la résistance tchétchène –,headquarters intended to crush the Chechen resistance,64,291
4187,attarder,v,to linger,je m’attardais longtemps à ma fenêtre –,I lingered a long while at my window,73,201
4188,englober,v,"to include, encompass, incorporate",mon goût englobe les escargots et les huîtres –,my tastes incorporate escargots and oysters,76,179
4189,grossir,v,to get larger,son ventre grossissait –,her stomach got larger,82,130
4190,séparatiste,nadj(f),separatist,cette démarche pourrait désamorcer les visées séparatistes –,this approach could defuse separatist aims,53,408
4191,surcroît,nm,"extra, additional",la motivation financière venait de surcroît –,financial motivation appeared excessive,68,252
4192,sortant,nadj,outgoing,l’administration américaine sortante se révélant incapable de négocier –,the outgoing American administration proved incapable of negotiation,55,389
4193,plomb,nm,lead,le plomb ordinaire serait trop lourd pour le véhicule –,ordinary lead would be too heavy for the vehicle,73,201
4194,gorge,nf,throat,elle porte la main à sa gorge –,she brings her hand to her throat,57,363
4195,nationaliste,nadj(f),nationalist,qu’est-ce qu’on veut comme nationalistes? –,what do we nationalists want?,57,362
4196,exportateur,nadj,"exportateur, exporting",tous les pays exportateurs profitent de la situation –,all exporting countries are benefiting from the situation,65,274
4197,montre,nf,watch,c’est une vraie course contre la montre –,is a real race against time,68,252
4198,ratifier,v,to ratify,le texte doit désormais être ratifié –,the text must henceforth be ratified,64,283
4199,exploit,nm,exploit,peu de grands exploits s’accomplissent seuls –,few great exploits are accomplished by oneself,78,156
4200,encourageant,adj,encouraging,la situation ne semble guère encourageante –,the situation seems hardly encouraging,77,170
4201,climatique,adj(f),climatic,"les gens parlent du changement climatique, du réchauffement de la planète –","people talk of climate change, of global warming",68,252
4202,aviser,v,"to notice, advise",tu aurais dû nous en aviser –,you should have told us about it,72,207
4203,épidémie,nf,epidemic,l’épidémie de SIDA en Afrique est au pire –,the AIDS epidemic in Africa is the worst,62,304
4204,alarme,nf,alarm,que se passe-t-il? l’alarme s’est déclenchée –,what’s happening? the alarm just went off,60,325
4205,parier,v,to bet,j’espère que tu n’as pas parié beaucoup –,I hope you didn’t bet a lot,58,351
4206,écologique,adj(f),ecological,je crois en la conscience écologique des Français –,I believe in the ecological conscience of the French,63,301
4207,lunette,nf,"telescope, glasses",portez-vous des lunettes ou verres de contact? –,do you wear glasses or contact lenses?,60,333
4208,entourage,nm,"circle, entourage",mon entourage m’encourage à profiter de la vie –,my circle of friends encourages me to take advantage of life,67,253
4209,sphère,nf,sphere,on quittait les sphères du sacré pour entrer dans la politique –,we left more sacred spheres to go into politics,69,241
4210,confidentiel,adj,confidential,"soyez attentif, ce message est confidentiel –","be careful, this message is confidential",73,198
4211,sanctionner,v,"to sanction, punish, approve",la décision a été sanctionnée par le secrétaire général des Nations Unies –,the decision was endorsed by the Secretary General of the United Nations,70,225
4212,recrutement,nm,"recruiting, recruitment",j’ai déclaré un gel du recrutement –,I declared a hiring freeze,64,282
4213,détendre,v,"to release, slacken, loosen, relax","entrez, détendez-vous. prenez un verre de champagne –","come in, relax. have a glass of champagne",65,280
4214,aisé,adj,"easy, well off, well-to-do",beaucoup venaient de familles aisées –,many came from well-to-do families,77,167
4215,toilette,nf,"washing, toilet, lavatory, bathroom, restroom","excusez-moi, je cherchais les toilettes –","excuse me, I was looking for the restrooms",58,345
4216,autobus,nm(pl),bus,je préférais l’autobus au métro –,I preferred the bus to the subway,74,190
4217,défavoriser,v,to put at a disadvantage,il avait à cæur le sort des défavorisés –,he dwelled on the lot of the underprivileged,73,204
4218,résistant,nadj,"robust, sturdy, resistance fighter",les bactéries résistantes disparaissent en quelques jours –,resistant bacteria will disappear in a few days,73,200
4219,admiration,nf,admiration,j’ai de l’admiration pour cet homme –,I have admiration for this man,68,246
4220,acide,nadj(f),acid,j’ai dissous le sang à l’acide –,I dissolved the blood with acid,76,177
4221,banal,adj,"banal, trite, commonplace, ordinary",la situation est devenue presque banale –,the situation has almost become commonplace,69,240
4222,poulet,nm,chicken,il y a du poulet dans le frigo –,there’s some chicken in the fridge,68,245
4223,pêcher,"nm, v","to fish, go fishing; peach tree",on pêchera des tonnes de crevettes! –,we’ll go fishing and catch tons of shrimps!,74,193
4224,brigade,nf,"team, squad, brigade",une brigade de policiers a réussi à rattraper les chiens –,the squad of policemen succeeded in catching the dogs,63,298
4225,trembler,v,"to shiver, tremble, shake, flicker","il sourit toujours, ses joues tremblent –","he always smiles, cheeks trembling",56,373
4226,reçu,nm,"receipt, accepted",il ne voulait pas me faire un reçu –,he didn’t want to give me a receipt,63,292
4227,civiliser,v,to civilze,ce sont des nations civilisées –,these are civilized nations,80,139
4228,relance,nf,"boost, reminder, recovery",la relance économique commence à se faire sentir –,the economic recovery is starting to be felt,62,307
4229,dose,nf,"dose, amount",,,,
4230,loyer,nm,rent,je n’ai pas payé le loyer du mois prochain –,I haven’t paid next month’s rent,61,312
4231,distorsion,nf,distortion,la distorsion peut réduire la durée de cet intervalle –,the distortion can reduce the duration of that interval,45,506
4232,octroyer,v,"to grant, bestow",on continue à octroyer des brevets pour des séquences –,we continue to grant patents for sequences,67,254
4233,arrivant,nm,"arrival, comer",il y a un nouvel arrivant dans le jeu –,there’s a newcomer in the game,86,94
4234,standard,"adji, nm","standard, switchboard",vos cartes sont de type standard? –,your cards are the standard type?,67,256
4235,taxi,nm,taxi,je vais rentrer en taxi –,I’m going to take a taxi home,62,304
4236,limitation,nf,"limitation, restriction, limit",il y a des limitations d’âge –,there are age limitations,65,274
4237,irréversible,adj(f),irreversible,beaucoup de processus sont probablement déjà irréversibles –,many processes are probably already irreversible,76,175
4238,fatal,adj,"fatal, deadly, fateful",une maladie du foie fatale –,a fatal liver disease,72,204
4239,furieux,nadj(pl),"furious, raging, violent",il est furieux contre moi –,he’s furious with me,65,274
4240,verbal,adj,verbal,on ne parle que de beauté verbale –,we only speak of verbal beauty,68,244
4241,contacter,v,"to contact, get in touch with",comment puis-je vous contacter? –,how can I contact you?,63,292
4242,commissariat,nm,police station,le commissariat local a été chargé de l’enquête –,the local police station was given charge of the investigation,67,253
4243,gai,adj,"cheerful, merry, gay","nous étions si beaux, si gais –","we were so beautiful, so cheerful",60,327
4244,confrontation,nf,confrontation,comprendre n’est possible qu’après la confrontation –,understanding is only possible after confrontation,68,245
4245,chier,v,"to sh*t, piss off, get pissed off",elle pissait et chiait partout –,she pissed and crapped everywhere,56,363
4246,atlantique,nadj(f),Atlantic,j’habite dans le Canada atlantique –,I live in Atlantic Canada,59,333
4247,rude,nadj(f),"rough, harsh, hard, tough",l’hiver fut rude. il fut malade deux fois –,the winter was severe. he was sick twice,72,210
4248,panneau,nm,"sign, notice, panel",ils ont fini d’installer les gigantesques panneaux solaires –,they finished installing giant solar panels,73,200
4249,appréciation,nf,"appreciation, assessment, appraisal",les courses à ski exigent une appréciation réfléchie du terrain –,ski races require thoughtful assessment of the terrain,68,246
4250,réflexe,nadj(f),reflex,j’ai gardé des réflexes comme me laver à l’eau froide –,I kept old habits like washing in cold water,77,160
4251,complément,nm,complement,c’était un complément qui lui permettait de vivre –,it was supplementary information that allowed her to live,56,368
4252,initialement,adv,initially,"initialement, cette opération devait être amicale –","at first, this operation was supposed to be friendly",66,265
4253,comédien,nadj,"comedian, comedy",j’ai pensé au métier de comédien –,I thought about the comedian’s craft,60,322
4254,successeur,nm,successor,mon successeur sera comme un lion furieux –,my successor will be like a ferocious lion,68,242
4255,méfiance,nf,"distrust, mistrust, suspicion",il refusait les médicaments toujours par méfiance –,he always refused the medication because of distrust,72,204
4256,replier,v,"to fold, roll up, fold up, withdraw",je repliai la lettre –,I folded up the letter,73,196
4257,vérificateur,nadj,"checker, inspector, auditor",le vérificateur général a lui-même porté ce jugement –,the auditor general himself made this evaluation,46,492
4258,dictateur,nm,dictator,comment négocier avec un dictateur pareil? –,how can you negotiate with a dictator like that?,63,288
4259,prétention,nf,claim,toute prétention contraire n’est absolument pas fondée –,all claims to the contrary are absolutely unfounded,72,210
4260,rédacteur,nm,"editor, writer, drafter, compiler",j’ai d’abord été journaliste rédacteur pour la presse –,first I was an editorial journalist for the press,73,197
4261,avaler,v,to swallow,il a avalé un peu trop d’eau –,he swallowed a little too much water,62,302
4262,extraction,nf,extraction,ce projet d’extraction minière constitue une agréable occasion de développement –,this mineral extraction project constitutes a nice development opportunity,80,142
4263,banquier,nm,banker,tu feras confiance à un banquier des Bahamas? –,you would trust a banker from the Bahamas?,75,178
4264,titulaire,nadj(f),"holder, with tenure, occupant","oui, vous êtes le titulaire –","yes, you’re the incumbent",66,256
4265,stabilisation,nf,stabilisation,la stabilisation du fonds est primordiale –,stabilizing the funds is all-important,71,218
4266,mutuellement,adv,"mutually, one another",ils se sont traités mutuellement de criminels de guerre –,they treated each other like wartime criminals,83,112
4267,légion,nf,legion,la légion remplit vaillamment sa mission –,the legion valiantly fulfilled its mission,77,166
4268,lacune,nf,"gap, deficiency",il y a une lacune énorme dans la formation –,there’s a huge gap in training,63,288
4269,engin,nm,"machine, tool, vehicle, device",l’engin était dissimulé dans une poubelle et a explosé –,the device was concealed in a trash can and exploded,67,248
4270,mépriser,v,"to scorn, look down, spurn, disdain",il méprise l’art et les musées –,he disdains art and museums,60,315
4271,minoritaire,nadj(f),minority,ces gens appartiennent à un groupe minoritaire –,these people belong to a minority group,67,253
4272,idéologique,adj(f),ideological,il faut cesser ce discours idéologique –,this ideological discussion must cease,61,313
4273,cloche,nf,bell,on ententit sonner la cloche de l’église –,we heard the church bells chiming,70,218
4274,compatriote,"nm, nf",compatriot,"comme beaucoup de mes compatriotes, j’ai eu l’occasion de voyager –","like many of my compatriots, I had the chance to travel",63,291
4275,affection,nf,"affection, ailment",l’affection grandit par l’épreuve –,affection grows through difficulties,65,265
4276,sel,nm,salt,il devait faire un régime sans sel –,he had to go on a no-salt diet,70,220
4277,majoritaire,adj(f),majority,la France utilise le système majoritaire dans ses élections nationales –,France uses the majority system in national elections,66,258
4278,redressement,nm,"straightening up, upturn, righting",le redressement d’Air France est un impératif –,straightening out Air France is an urgent necessity,65,269
4279,paradoxe,nm,paradox,nous sommes toujours en présence du paradoxe de la transgression divine –,we’re all a part of the paradox of divine transgression,65,271
4280,chiffrer,v,"to put a figure to, assess, quantify, number",tout ça est chiffré à chaque fois par les ministères –,all of this is quantified each time by the ministers,75,178
4281,catastrophique,adj(f),"catastrophic, disastrous",on a hérité d’une situation catastrophique –,we inherited a catastrophic situation,73,197
4282,magistrat,nm,"magistrate, judge",son père était un magistrat de la cour d’assises –,his father was a judge in the assize court,61,311
4283,extrait,nm,"extract, excerpt",ce qui suit est un extrait du rapport –,what follows is an excerpt from the report,71,213
4284,amant,nm,lover,elle était folle de son amant –,she was crazy about her lover,58,344
4285,farce,nf,"joke, prank, hoax, farce",c’est une vraie farce et c’est honteux –,it’s a real hoax and it’s shameful,84,106
4286,compétitivité,nf,competitiveness,nous avons décidé d’accroître la compétitivité et l’efficacité de nos industries –,we decided to increase the competitiveness and the efficiency of our industries,58,337
4287,enthousiaste,adj(f),enthusiastic,ils m’ont accordé un appui enthousiaste –,they gave me enthusiastic support,79,143
4288,quarantaine,nf,about forty,une quarantaine de filles nous attendaient à la sortie –,some forty girls were waiting for us at the exit,69,231
4289,sous-sol,nm,"basement, lower ground floor, subsoil, underground",il utilisait les parkings en sous-sol –,he used underground parking lots,79,147
4290,rat,"adj(f), nm",rat,il y a un rat dans la cuisine –,there’s a rat in the kitchen,61,302
4291,flot,nm,"floodtide, stream of, flood of",un flot ininterrompu de mots et de larmes –,an uninterrupted flow of words and tears,71,214
4292,mordre,v,"to bite, overlap into",on allait le tuer pour avoir mordu un garde –,it was going to be killed for having bitten a guard,60,316
4293,partiellement,adv,partly,le ciel était partiellement dégagé –,the skies were partly cloudy,62,292
4294,radioactif,adj,radioactive,les particules radioactives tombent avec les gouttes de pluie –,radioactive particles fall with raindrops,65,268
4295,passe,"nm, nf","pass, channel",puis-je utiliser mon passe? –,can I use my pass?,73,190
4296,indépendamment,adv,"independently, irrespective of, regardless of",chaque paquet est traité indépendamment –,each package is processed individually,69,226
4297,location,nf,renting,c’est un meublé mis en location pour quelques mois –,it’s a furnished apartment being rented out for a few months,83,113
4298,naïf,nadj,"naïve, innocent",elle reste extrêmement naïve sur le sujet –,she remains extremely naïve on the topic,69,228
4299,retraité,nadj,retired,les retraités ne peuvent dépenser l’argent –,retired people can’t spend money,61,306
4300,innocence,nf,innocence,vous êtes d’une innocence extrême –,you’re extremely innocent,65,265
4301,bijou,nm,jewel,j’aime bien les bijoux anciens –,I like old jewelry,69,230
4302,messe,nf,mass,"les dimanches, j’allais à la messe –",on Sundays I used to go to mass,63,288
4303,coïncidence,nf,coincidence,est-ce là une coïncidence? –,is that a coincidence?,76,165
4304,torture,nf,torture,"j’ai raconté les tortures, les coups, les viols –","I told them about the torture, the blows, the rapes",70,216
4305,protecteur,nadj,"protective, protector, guardian","sa mère était sa protectrice morale, physique et même matérielle –","his mother was his moral, physical, and even material protector",77,159
4306,rayonnement,nm,radiance,le danger des rayonnements pour l’ homme est réel –,radiation danger for humans is real,67,250
4307,récolte,nf,"harvest, crop",les récoltes de certains agriculteurs sont gelées –,some farmers’ crops are frozen,74,186
4308,valise,nf,suitcase,dépêche-toi de faire les valises –,hurry up and pack your suitcases,57,347
4309,danseur,nm,dancer,"quand elle était jeune, elle était danseuse –","when she was young, she was a dancer",70,219
4310,expertise,nf,expertise,il y a également beaucoup d’expertise –,there is also much expertise,69,232
4311,minier,adj,mining,les dépenses de prospection minière ont augmenté –,costs for mining exploration have risen,71,206
4312,vitrine,nf,"window, display cabinet",la marchandise est en vitrine –,the goods are in the display window,73,190
4313,ébranler,v,"to shake, rattle",le train s’ébranla de nouveau –,the train shook once more,72,203
4314,crâne,"adj(f), nm",skull,son crâne est à moitié couvert par ce bonnet noir –,his skull is half covered by this black bonnet,58,337
4315,anéantir,v,"to annihilate, wipe out, ruin, vanish",vous êtes venus ici pour m’anéantir –,you came here to annihilate me,73,196
4316,vocal,adj,vocal,empreinte vocale inconnue –,unknown voiceprint,48,446
4317,unilatéral,adj,unilateral,c’est un plan de désengagement unilatéral –,it’s a plan for unilateral withdrawal,70,219
4318,combustible,nadj(f),"fuel, combustible",les importations de carburants et de combustibles liquides ont reculé –,imports of gas and liquid fuels retreated,72,197
4319,économiser,v,"to save, save on, conserve",cela permettrait d’économiser beaucoup d’argent –,that would help save lots of money,71,212
4320,tisser,v,to weave,elle tisse des sacs en soie –,she weaves silk pouches,80,136
4321,poule,nf,"hen, chick","je ne suis pas ta poule, ok! –","I’m not your chick, OK!",67,242
4322,punition,nf,punishment,la mort ne doit pas être une punition –,death should not be a punishment,84,108
4323,hésitation,nf,hesitation,je n’ai aucune hésitation à lui parler –,I don’t have any qualms about talking to him,72,199
4324,rentable,adj(f),profitable,cette activité a été rapidement rentable –,this activity quickly became profitable,68,231
4325,loyal,adj,"loyal, faithful",tu as toujours été un ami loyal –,you were always a loyal friend,79,144
4326,renfort,nm,"help, back-up, support",encore quelques minutes. les renforts arrivent –,a few more minutes. the reinforcements are arriving,66,252
4327,cohérence,nf,"coherence, consistency",il faut assurer une cohérence entre les objectifs et les actions –,there must be consistency between the goals and the actions,69,227
4328,souris,nf(pl),mouse,le chat mange la souris –,the cat eats the mouse,62,290
4329,bombarder,v,to bomb,l’aviation gouvernementale bombarde deux villes contrôlées par les rebelles –,the government air forces are bombing two cities controlled by the rebels,69,228
4330,éveiller,v,"to arouse, stimulate, awaken","la nuit, je restais éveillée dans mon lit –",during the night I remained awake in my bed,63,278
4331,semestre,nm,"semester, six-month period",ils faisaient un semestre d’intégration –,they did six months on-the-job training,58,332
4332,croyant,nadj,believer,que le croyant vive sa foi –,may the believer live his faith,73,188
4333,réalisateur,nadj,director,"quand le réalisateur dit «écoutez», vous écoutez –","when the director says “listen”, you listen",59,326
4334,brutalement,adv,brutally,elle referma brutalement la porte –,she slammed the door shut,74,184
4335,lourdement,adv,heavily,il m’examina lourdement de la tête aux pieds –,he gave me a thorough inspection from head to foot,76,165
4336,tente,nf,tent,Fabrice et moi partagions la même tente –,Fabrice and I were sharing the same tent,75,172
4337,goutte,nf,drop,tu transpirais à grosses gouttes –,you were sweating great drops,66,253
4338,poussée,nf,"push, rise, upsurge",une petite poussée dans n’importe quelle direction suffira –,a little push in any direction will be enough,74,183
4339,moine,nm,"monk, friar","il vit modestement, comme un moine –","he lives modestly, like a monk",66,254
4340,modéré,nadj,"moderate, restrained, reasonable",j’espère que vous êtes modéré dans vos habitudes –,I hope you are steady in your habits,63,280
4341,négligeable,adj(f),"negligible, trivial",ça donne une force de frappe non négligeable –,it gives a strike force to be reckoned with,70,212
4342,vice,nm,"fault, defect, vice","ce vice mineur me reste, la familiarité –",I still have one minor vice: being too familiar,71,202
4343,symboliser,v,to symbolize,le papillon symbolisait l’âme –,the butterfly was symbolic of the soul,78,147
4344,substituer,v,to substitute,les insultes ne sauraient se substituer –,the insults can’t be smoothed over,69,220
4345,subtil,adj,"subtle, nice",il faut les coincer de façon subtile –,wedge them together carefully,71,202
4346,commandant,nadj,commander,il s’est autoproclamé commandant en chef de l’organisation –,he named himself chief of the organization,65,261
4347,chuter,v,to fall,la tempête m’a fait chuter –,the storm made me fall,65,263
4348,fidélité,nf,"loyalty, faithfulness, accuracy, reliability",je tiens absolument à la fidélité –,I absolutely value loyalty,70,217
4349,basculer,v,"to topple, fall over, knock off",je crus que la terre avait basculé sous mes pieds –,I thought the earth moved under my feet,75,169
4350,gestionnaire,"adj(f), nm, nf","administrator, administrative",je serai le gestionnaire assigné au dossier –,I will be the administrator assigned to the case,65,258
4351,redoutable,adj(f),"fearsome, formidable",tu as été notre plus redoutable ennemi –,you were our most formidable enemy,69,225
4352,immigrant,nadj,immigrant,nous avons aidé de nouveaux immigrants à s’établir –,we helped new immigrants to get settled,64,264
4353,polémique,nadj(f),"controversial, controversy","c’est vrai que j’aime la polémique, le débat d’idées –","it’s true that I like controversy, debating ideas",62,286
4354,alourdir,v,"to weigh down, make heavy",je sens mes doigts s’alourdir –,I feel my fingers getting heavier,76,161
4355,avancée,nf,"advanced, overhung",reculez. vous empêchez notre avancée –,step back. you’re blocking our way,63,272
4356,sévir,v,"to act ruthlessly, be rife",la violence qui sévit dans ce pays nous inquiète aussi beaucoup –,the violence that is tearing this country apart also troubles us greatly,77,156
4357,jumeau,nadj,twin,les jumeaux ont besoin l’un de l’autre –,the twins need each other,53,376
4358,piéger,v,"to trap, booby-trap",il a été hyper facile à piéger –,it was super-easy to trap him,59,314
4359,confiant,adj,"trusting, confident",vous êtes malgré tout confiant? –,you’re confident in spite of it all?,77,158
4360,pendre,v,to hang down,ses immenses cheveux blonds pendaient jusqu’ à terre –,her extremely thick blond hair hung right down to the ground,59,318
4361,intact,adj,intact,elle le retrouvait intact dans cet hiver nocturne –,she found it intact in this dark winter,71,208
4362,rapidité,nf,"speed, quickness",je ne travaille pas avec la rapidité d’autrefois –,I don’t work as quickly as I used to,61,300
4363,localité,nf,"town, village",ce sont toutes des petites localités –,they are all small localities,56,347
4364,récupération,nf,"recovery, retrieval, salvage",vous aurez besoin d’une récupération lente et salutaire –,you will need a slow and wholesome recovery,71,207
4365,vigoureux,adj(pl),vigorous,ces territoires suscitent une vigoureuse contrebande –,these territories support a vibrant black market,78,150
4366,rentabilité,nf,profitability,la rentabilité n’a cessé de décroître –,profitability didn’t stop decreasing,65,256
4367,delà,adv,"beyond, above, over",mais je n’irai pas au delà –,but I won’t go any farther than that,63,276
4368,incliner,v,"to tilt, tend towards",incline-toi devant moi –,bow before me,63,277
4369,affreux,nadj(pl),"dreadful, awful, horrible",j’ai fait un cauchemar affreux –,I had a horrible nightmare,55,356
4370,révolter,v,"to revolt, rebel, outrage","ils se révolteront avec colère, une colère implacable –","they will rebel with anger, an implacable anger",58,321
4371,conte,nm,tale,"je vis un rêve, un conte de fées, un miracle –","I lived a dream, a fairy tale, a miracle",66,247
4372,évasion,nf,"escape, evasion",il lui parla longuement de l’évasion –,he spoke to her at length about the escape,77,158
4373,repère,nm,"reference, benchmark, landmark","les chrétiens ont besoin de repères, sinon ils sont perdus –","Christians need reference points, otherwise they’re lost",73,188
4374,philosophique,adj(f),philosophical,son travail philosophique porte sur la responsabilité –,his philosophical work focuses on responsability,62,286
4375,arrivé,adj,arrived,des tas de choses étaient arrivées –,many things happened,77,151
4376,ironie,nf,irony,son ironie me fit souffrir mille morts –,the irony of it killed me a thousand times over,72,197
4377,serveur,nm,"waiter, server",je ne suis pas une serveuse de bar –,I’m not a barmaid,70,212
4378,bannir,v,"to banish, ban",la religion est bannie de chez nous –,religion is banished from our house,84,103
4379,insuffisance,nf,"inadequacy, insufficiency",nous voulons corriger les insuffisances actuelles –,we want to correct current inadequacies,76,163
4380,librairie,nf,"bookstore, bookshop","les prix, dans cette librairie, sont très compétitifs –",the prices in this bookstore are very competitive,64,264
4381,parenthèse,nf,"parenthesis, bracket, aside",je dirais en parenthèses que l’histoire présente est opaque –,I would add parenthetically that this story is opaque,64,268
4382,miser,v,"to bet, stake",si vous allez miser pour moi…alors on sera quittes –,if you’re going to bet for me…then we’ll be even,76,158
4383,stupéfiant,nadj,"drug, narcotic; stunning, astounding",on servit un repas stupéfiant –,we served a stunning meal,73,187
4384,boursier,nadj,"grant-holder, scholarship holder; stock","en un an, sa valeur boursière a été divisée par 350 –","in one year, its stock value sunk to 1/350 of its value",55,357
4385,levée,nf,"raising, levying, levee",la Commission européenne a voté la levée de cet embargo –,the European Commission voted to lift this embargo,60,299
4386,déformer,v,"to bend, distort, deform",ils ont déformé les faits –,they have distorted the facts,76,158
4387,menaçant,adj,"threatening, menacing",elle le chasse en le menaçant avec un couteau –,she chased him brandishing a knife,76,164
4388,nord-est,nmi,north-east,le nord-est des Etats-Unis frappé par les pluies verglaçantes –,northeastern U.S. hit by freezing rains,54,363
4389,substitution,nf,"substitution, mix-up",il y a la substitution du dialogue homme/machine au dialogue homme/femme –,there is a substitution of man/machine dialog for man/woman dialogue,57,335
4390,parer,v,"to adorn, put on; to ward off, parry",parez les équipements de sauvetage –,put on the lifesaving equipment,68,228
4391,avantageux,nadj(pl),"profitable, worthwhile, advantageous, attractive",les prix étaient plus avantageux –,the prices were more attractive,71,204
4392,handicaper,v,to handicap,la croissance mondiale risque d’handicaper leurs exportations –,worldwide growth threatens to handicap their exports,74,174
4393,filmer,v,"to film, shoot",c’était filmé pour la télé –,it was filmed for TV,60,297
4394,délinquant,nadj,"delinquent, offender",nous avons réclamé un registre des délinquants sexuels –,we have called for a sexual offenders registry,57,329
4395,perdant,nadj,"losing, loser",je suis le plus grand perdant –,I’m the greatest loser,80,128
4396,altitude,nf,"altitude, height",il a plu à basse altitude –,it was raining at lower altitudes,56,345
4397,imputer,v,"to impute to, attribute to",il est facile d’imputer aux autres sa propre mauvaise volonté –,it’s easy to blame others for one’s own ill will,78,143
4398,plaisanter,v,to joke,"du calme, je plaisante –","take it easy, I’m joking",60,299
4399,poétique,nadj(f),"poetic, poetical, poetics",le français est un langage poétique –,French is a poetic language,56,342
4400,desservir,v,"to clear, go against, harm, serve",nous ne desservons pas adéquatement les auditeurs –,we don’t adequately serve our listening audience,65,257
4401,mensuel,nadj,monthly,il touchait un salaire mensuel de 70.000 francs –,"he earned a monthly salary of 70,000 francs",66,248
4402,connerie,nf,"crap, bullsh*t, stupidity","oui, mec. arrête tes conneries –","yeah, man. stop your bullsh*t",51,394
4403,sanglant,adj,"bloody, cruel, covered in blood",il avait un trou sanglant –,he had a bloody hole,70,211
4404,coude,nm,elbow,j’ai mal au coude –,I have a sore elbow,70,212
4405,ôter,v,"to remove, take away, take off, take out",j’ôtai donc ma veste et mes chaussures –,so I removed my jacket and my shoes,58,316
4406,report,nm,"postponement, deferment",nous sommes contre le report des élections –,we’re against postponing the elections,60,297
4407,créature,nf,creature,tu es la plus belle créature que j’aie jamais vue –,you are the most beautiful creature I have ever seen,57,326
4408,aucunement,adv,"in no way, not in the least, not at all",je ne me sens aucunement coupable –,I don’t feel at all guilty,73,182
4409,globalement,adv,globally,"globalement, la réponse humanitaire a été positive –",the worldwide humanitarian response was positive,62,284
4410,convenable,adj(f),"suitable, appropriate, correct, proper, acceptable",ils ont droit à une retraite convenable –,they have the right to a reasonable retirement,72,192
4411,itinéraire,nadj(f),"itinerary, route",leur itinéraire n’est pas encore fixé –,their itinerary is not yet set,73,180
4412,purger,v,"to purge, bleed, drain",ça va purger son système en une nuit –,this will purge his system in one night,66,239
4413,fâcher,v,"to anger, make angry, get angry",il est sûrement fâché contre moi –,he’s surely upset with me,64,262
4414,repasser,v,"to cross again, retake, show again, iron",si je te dérange je peux repasser –,if I’m disturbing you I can come back another time,69,218
4415,alternatif,adj,"alternate, alternating",le rock alternatif francophone est en train de mourir –,French alternative rock is dying out,63,271
4416,palier,nm,"landing, level, flat",j’allai sur le palier et frappai à sa porte –,I went onto the porch and knocked at her door,70,211
4417,prochainement,adv,"shortly, soon",prévoyez-vous d’autres séries de concert prochainement? –,are you planning other concert series soon?,65,251
4418,réglementaire,adj(f),"regulation, control, statutory",il démantèle la structure réglementaire de la loi actuellement en vigueur –,it dismantles the regulatory structure of the current law,72,189
4419,costume,nm,"suit, costume, dress","voici un très beau costume, en pure laine –","here’s a very beautiful suit, made of pure wool",61,292
4420,thérapie,nf,therapy,mon jardin c’est une thérapie –,my garden is a therapy,61,288
4421,reproche,nm,reproach,ce sont surtout là les reproches des communistes –,that is mostly communist innuendo,65,253
4422,curé,nm,parish priest,je me confesserai au curé –,I will confess to my parish priest,60,302
4423,contrôleur,nm,"inspector, controller",les contrôleurs en grève ont obtenu jeudi soir satisfaction –,the striking controllers reached agreement Thursday night,67,236
4424,soulagement,nm,relief,j’ai besoin du soulagement –,I need relief,71,197
4425,dissoudre,v,"to dissolve, disband, break up",je fis dissoudre dans le lait une poudre somnifère –,I dissolved some sleeping powder in the milk,76,161
4426,avalanche,nf,avalanche,le danger d’avalanches est encore faible –,avalanche danger is still low,45,461
4427,mark,nm,mark,sa monnaie de référence est le mark allemand –,its reference currency is the German mark,48,423
4428,brèche,nf,"breach, gap","c’était une brèche, dans la clôture, une large brèche –",it was a gap in the fence—a large gap,79,136
4429,incitation,nf,"incitement, incentive",il y a eu de l’incitation au piratage –,there was an incentive to engage in piracy,71,200
4430,entraîneur,nm,"coach, trainer",maintenant je travaille avec quelques entraîneurs –,now I work with some trainers,58,315
4431,éditorial,nadj,editorial,pourriez-vous nous parler de vos choix éditoriaux? –,could you talk about your editorial choices?,63,267
4432,conjugal,adj,"conjugal, married",ils vivent dans une relation conjugale –,they live in a conjugal relationship,61,287
4433,pâle,adj(f),pale,"monsieur, vous êtes pâle, vous avez l’air fatigué –","sir, your’re pale, you look tired",52,377
4434,relâcher,v,"to loosen, release, let go",le plus âgé a depuis été relâché –,the oldest one has since been let go,68,222
4435,visa,nm,"visa, stamp",il s’est avéré que le visa était faux –,it turned out that the visa was false,62,280
4436,vingt-cinq,"det, nmi",twenty five,"ils nous envoyaient quinze, vingt, vingt-cinq films de plus –","they sent us fifteen, twenty, twenty-five more films",65,250
4437,péché,nm,sin,pardonnez-moi mon père car j’ai péché –,"forgive me Father, for I have sinned",59,304
4438,gendarme,"nm, nf",policeman,les gendarmes poursuivent leurs investigations –,the policemen are pursuing their investigations,60,294
4439,sécheresse,nf,"dryness, drought","après dix années de sécheresse, il pleut au Sahel –","after ten years, of drought, it’s raining in the Sahel",72,186
4440,score,nm,score,c’est vrai que les bons scores me font plaisir –,it’s true that I enjoy good scores,58,320
4441,goûter,"nm, v","to taste, snack",je goûtai à la confiture –,I tasted the jam,60,294
4442,renier,v,"to disown, repudiate, go back on","tu renies ton passé, notre amour, TA fille –","you’re disowning your past, our love, YOUR daughter",73,184
4443,juridiction,nf,"jurisdiction, court of law",la haute juridiction a mis sa décision en délibéré –,the upper jurisdiction put its decision to debate,63,269
4444,prostitution,nf,prostitution,on légalise la prostitution –,we’re legalizing prostitution,63,263
4445,fiche,nf,"card, sheet, slip, form",mais je dois remplir cette fiche –,but I have to fill out this form,75,168
4446,déséquilibre,nm,imbalance,mon budget personnel est en déséquilibre –,my personal budget is out of balance,68,219
4447,probabilité,nf,"probability, likelihood",t’es-tu intéressé à la théorie des probabilités? –,are you interested in probability theory?,62,279
4448,entraver,v,"to hinder, hamper, get in the way of",son pantalon entravait la liberté de ses mouvements –,his trousers hampered his freedom of movement,72,187
4449,sous-estimer,v,to underestimate,ne sous-estimez pas votre charme –,don’t underestimate your charm,75,165
4450,embargo,nm,embargo,l’OTAN se préparent à décréter un embargo pétrolier –,NATO is preparing to announce an oil embargo,53,368
4451,interdit,nadj,"prohibited, banned",l’entrée était strictement interdite –,entry was strictly forbidden,70,205
4452,brouillard,nm,"fog, mist, haze",peu à peu le brouillard se fait moins épais –,the fog gradually lifted,61,280
4453,syrien,nadj,Syrian,le président syrien avait confirmé cet entretien –,the Syrian president confirmed this interview,53,365
4454,jet,nm,"jet, throw, spray, nozzle",il traversait cet etat dans un jet privé –,he crossed this state in a private jet,67,230
4455,trêve,nf,truce,nous rejetons toute idée de trêve ou de négociation politique –,we reject any idea of a truce or political negotiation,54,353
4456,occupant,nadj,"occupant, occupier, occupying",le parlement négocie avec les occupants –,the parliament is negotiating with the occupants,69,213
4457,ponctuel,adj,punctual,c’est à vous dégoûter d’être toujours ponctuel –,I’m always on time in order to annoy you,76,154
4458,défini,nadj,definite,vous n’avez aucun rôle défini dans ce partenariat –,you have no definite role in this partnership,75,161
4459,détachement,nm,detachment,elle parle de tout avec un détachement singulier –,she talks about everything with remarkable indifference,72,186
4460,manuscrit,adj,"manuscript, handwritten",je jetterai au feu tous mes manuscrits –,I will toss all my manuscripts into the fire,61,286
4461,panier,nm,basket,par terre s’empilaient encore des paniers et des caisses –,still more baskets and boxes were piling up on the ground,69,215
4462,bouton,nm,"button, knob, spot",elle pressa le bouton qui commande l’ouverture de la porte –,she pushed the button that opened the door,62,274
4463,immobile,adj(f),"still, motionless","je restais là, immobile –","I stayed there, motionless",50,404
4464,fermeté,nf,"firmness, solidness, steadiness","la patience, la tolérance et la fermeté sont nécessaires –","patience, tolerance, and firmness are necessary",70,204
4465,véhiculer,v,"to transport, convey",je peux véhiculer ça sans aucun problème –,"I can deliver this by vehicle, no problem",70,207
4466,répliquer,v,to reply,l’orateur répliqua que c’était presque fait –,the speaker responded that it was almost done,75,167
4467,passionnant,adj,"fascinating, exciting",j’aimais tant étudier que je trouvais passionnant d’enseigner –,I loved studying so much that I found teaching exciting,71,197
4468,théologie,nf,theology,"en théologie, on m’enseignait des choses intelligentes –",in theology I was taught intelligent things,54,358
4469,advenir,v,"to happen that, happen to",on ignore ce qu’il est advenu de lui –,we have no idea what has become of him,72,188
4470,immigrer,v,to immigrate,mes grands-parents ont immigré au Canada –,my grandparents immigrated to Canada,62,274
4471,tache,nf,"stain, spot, mark","c’est une tache d’humidité, dis-je –","it’s a humidity stain, I said",61,281
4472,tendresse,nf,"tenderness, fondness",la femme a plus de tendresse que l’homme –,women have more tenderness than men,54,351
4473,privilégié,nadj,privileged,j’ai eu une vie protégée et privilégiée –,I had a protected and privileged life,72,186
4474,slogan,nm,slogan,"quand je l’écoute, un slogan me vient en tête –","while listening to her, I thought of a motto",68,217
4475,fromage,nm,cheese,je n’ai jamais vraiment aimé les fromages –,I have never really liked cheese,67,231
4476,toxique,nadj(f),"toxic, toxin",attention aux produits de jardinage toxiques –,be careful of toxic gardening products,60,292
4477,incapacité,nf,"incompetence, incapability",tout démontre notre incapacité à prendre des décisions collectives –,everything demonstrates our inability to make collective decisions,75,165
4478,pharmaceutique,nadj(f),pharmaceutical,"les compagnies pharmaceutiques sont très, très, très riches –","pharmaceutical companies are very, very, very rich",61,278
4479,parfum,nm,"perfume, scent, fragrance",divers sont les parfums des fleurs –,flowers’ scents vary widely,61,278
4480,antique,nadj(f),"antique, ancient",le château me semblait immense et antique –,the castle seemed immense and ancient to me,68,217
4481,controversé,adj,"much debated, controversial","des problèmes difficiles et controversés, mais tout aussi urgents –",difficult and controversial problems that are nonetheless urgent,69,213
4482,instinct,nm,instinct,tu as tous les mauvais instincts –,you have all the wrong instincts,60,287
4483,barreau,nm,bar,je me suis trouvé derrière les barreaux –,I found myself behind bars,70,202
4484,insupportable,adj(f),intolerable,l’horreur de cette agonie était insupportable –,the horror of this agony was unbearable,68,221
4485,opportun,adj,"timely,",je n’ai pas trouvé le moment opportun –,I didn’t find the right moment,63,263
4486,parquet,nm,"parquet floor, hardwood floor, prosecutor’s office",une autopsie a été ordonnée par le parquet –,the prosecutor ordered an autopsy,55,342
4487,navigation,nf,navigation,la navigation sur le Danube est bloquée depuis 18 mois –,navigation on the Danube has been blocked for 18 months,80,128
4488,contrarier,v,"to annoy, bother, thwart",je les soupçonnais de vouloir me contrarier –,I suspected them of wanting to hassle me,69,212
4489,nouer,v,"to knot, tie","l’estomac noué, j’oubliais la compétition –","my stomach in knots, I forgot the competition",66,235
4490,frustration,nf,frustration,cela ne va pas sans frustration chez moi –,it’s not without frustration on my part,72,182
4491,cinquantaine,nf,about fifty,certains d’entre eux emploient une cinquantaine de salariés –,some of them have about fifty employees,66,234
4492,improviser,v,to improvise,je suis doué pour improviser –,I’m gifted at improvisation,74,171
4493,désespéré,nadj,"desperate, hopeless",j’envoyai un regard désespéré à mon père –,I looked desperately at my father,77,150
4494,auto,"nm, nf",car,des amis venaient nous chercher en auto –,friends came by car to pick us up,62,268
4495,troupeau,nm,"herd, flock","tu fais partie de mon troupeau, à présent. bienvenue –","you’re part of my flock, now. welcome",70,205
4496,gendarmerie,nf,"police force, police station",ils ont aussitôt alerté la gendarmerie –,they immediately warned police headquarters,59,298
4497,génétiquement,adv,genetically,nous consommons des aliments génétiquement modifiés –,we consume genetically modified foods,55,340
4498,analogue,nadj(f),"similar, analogous",la situation est analogue sur le plan mondial –,the situation is similar on a worldwide scale,62,271
4499,venu,nadj,come,il a un sourire ironique et satisfait –,he has an ironic and satisfied smile,73,176
4500,ironique,adj(f),ironic,il a un sourire ironique et satisfait –,he has an ironic and satisfied smile,73,176
4501,sanitaire,nadj(f),"health, sanitary, medical",il n’a pas respecté les règles sanitaires –,he didn’t obey the sanitation rules,60,285
4502,sonore,nadj(f),"sound, resonant, sonorous, voiced",il éclata d’un rire sonore –,he broke into a hearty laugh,65,239
4503,initier,v,"to initiate, introduce",j’ai commencé à m’initier à la Bible –,I started to become familiar with the Bible,73,180
4504,mœurs,nfpl,"morals, customs, habits, manners, ways",il avait des mœurs un peu bizarres –,his morals were somewhat bizarre,66,235
4505,cessez-le-feu,nmi,ceasefire,ces nouvelles violences menacent le fragile cessez-le-feu –,this new violence is threatening the fragile ceasefire,51,385
4506,bénévole,nadj(f),"volunteer, voluntary, unpaid",je félicite le personnel et les bénévoles de l’UNICEF –,I congratulate the UNICEF employees and volunteers,64,249
4507,boue,nf,mud,le trottoir était couvert d’une boue glacée –,the sidewalk was covered with frozen mud,68,217
4508,empereur,nm,emperor,ton empereur te demande ta loyauté –,your emperor demands your loyalty,72,186
4509,dissiper,v,"to dispel, disperse, clear away",le soleil avait dissipé les nuages –,the sun dispersed the clouds,66,235
4510,déclin,nm,"decline, deterioration","leur nombre est en déclin, mais ils sont encore assez nombreux –","their number is declining, but they are still numerous enough",69,206
4511,liquider,v,"to liquidate, sell off, clear",sommes-nous en train de dissiper nos actifs les plus précieux? –,are we liquidating our most precious assets?,73,180
4512,maintenance,nf,"maintenance, servicing",la maintenance des bateaux est moins bien assurée –,upkeep of the boats is less certain,43,474
4513,prévisible,adj(f),"predictable, forseeable",le dénie est la plus prévisible des réponses humaines –,denial is the most predictable of human responses,77,146
4514,pneu,nm,tire,je changerai le pneu –,I’ll change the tire,76,153
4515,fraude,nf,fraud,tu es coupable de fraude –,you’re guilty of fraud,65,243
4516,coton,nm,cotton,l’industrie du coton y est une source majeure de pollution –,the cotton industry is a major source of pollution,72,181
4517,entrevoir,v,"to make out, catch a glimpse of, foresee","pour l’avenir, elle entrevoit des débouchés intéressants –","for the future, she anticipates interesting opportunities",67,226
4518,stipuler,v,"to state, stipulate, specify",les voeux ne stipulent pas le bébé –,the vows don’t stipulate the baby,69,211
4519,remédier,v,"to cure, remedy, put right","pour remédier à cette affaire, il faut du courage –","to resolve this matter, courage will be necessary",63,260
4520,flotter,v,"to float, hang, stream",j’étais équipée pour flotter par-dessus les nuages –,I was outfitted to float above the clouds,64,251
4521,fraction,nf,fraction,tu fais une fraction de ce que tu suis –,you do a fraction of what you follow,65,241
4522,impossibilité,nf,impossibility,c’est une impossibilité physiologique –,it’s a physiological impossibility,68,219
4523,conditionnel,nadj,conditional,le meurtrier pourra demander une libération conditionnelle –,the murderer will be able to request parole,59,296
4524,nuance,nf,"shade, hue, nuance",vous ne pensez pas que c’est une belle nuance de bleu? –,don’t you think it’s a pretty shade of blue?,68,218
4525,improbable,adj(f),"unlikely, improbable",l’unanimité était assez improbable –,unanimity was rather improbable,78,135
4526,enquêteur,nm,"investigator, pollster",les enquêteurs ont nié vendredi avoir torturé le suspect –,on Friday the interrogators denied having tortured the suspect,54,345
4527,conjointement,adv,jointly,nous devons conjointement exercer une pression –,we must exert pressure together,73,175
4528,éclaircir,v,"to brighten up, clear up",le temps éclaircira ce mystère –,time will clear up this mystery,77,143
4529,bordel,nm,"brothel, mess, chaos","un jour, la patronne du bordel m’envoya chez un autre libertin –","one day, the madame of the brothel sent me to another libertine’s place",50,384
4530,impatient,nadj,impatient,je suis impatiente de relever ces défis –,I’m eager to take up these challenges,72,180
4531,versement,nm,payment,"les versements aux hôpitaux publics progressent de 0,7 % –",payments to public hospitals increased by 0.7%,67,224
4532,bosser,v,"to work, bash on",j’avais bossé dessus toute la nuit –,I had been working on it all night,52,369
4533,articuler,v,to articulate,il parlait lentement et articulait avec soin –,he spoke slowly and articulated carefully,72,179
4534,successivement,adv,successively,mes recherches ont successivement porté sur deux domaines –,my research focused sequentially on two areas,75,158
4535,assurément,adv,most certainly,"la thèse se discute, assurément –",the argument is most assuredly being discussed,74,167
4536,provision,nf,"stock, supply",tu as acheté les provisions pour le repas de midi? –,did you buy supplies for lunch?,67,219
4537,amplifier,v,"to amplify, magnify, expand",amplifiez le son –,amplify the sound,73,174
4538,ceinture,nf,"belt, waist",veuillez attacher votre ceinture –,please attach your seatbelt,67,224
4539,intergouvernemental,adj,intergovernmental,l’esprit des accords intergouvernementaux conclus avec les provinces –,the spirit of intergovernmental agreements involving the provinces,53,358
4540,délibération,nf,"deliberation, debate, consideration",lisez la transcription des délibérations –,read the transcript of the debate,56,322
4541,mexicain,nadj,Mexican,j’étais couchée sur la couverture mexicaine –,I was lying down on the Mexican blanket,67,222
4542,seigneur,nm,lord,le Seigneur est mon berger –,the Lord is my shepherd,60,280
4543,saisonnier,adj,seasonal,le tourisme est une industrie saisonnière –,tourism is a seasonal industry,53,354
4544,souterrain,nadj,"underground, underground passage",ils découvraient un corridor souterrain –,they discovered an underground corridor,73,174
4545,merveille,nf,"marvel, wonder",je suis une merveille de la nature –,I’m a wonder of nature,69,207
4546,restituer,v,"to return, restore, refund","en cas de rupture, il ne restituera rien –","in case of breach of contract, he will not refund anything",79,129
4547,démon,nm,"demon, fiend",les démons aussi ont la foi –,devils have faith too,67,218
4548,balancer,v,"to swing, sway",cela plie terriblement et se balance à la moindre brise –,this folds terribly and sways with the slightest breeze,58,297
4549,disponibilité,nf,availability,les objectifs de disponibilité sont des facteurs importants –,goals for availability are important factors,60,284
4550,infiniment,adv,infinitely,votre idée me fait infiniment plaisir –,your idea pleases me infinitely,67,220
4551,acquis,nadj(pl),"acquired, experience",comptez-vous consolider vos acquis en France? –,do you plan to consolidate your acquisitions in France?,67,217
4552,récepteur,nm,"receiver, receiving",il avait négligé de décrocher le récepteur –,he had forgotten to lift up the receiver,45,442
4553,glissement,nm,"sliding, slipping, skidding",des glissements de neige humide pourraient se produire –,wet snowslides could occur,54,341
4554,auditeur,nm,"auditor, listener",mais le choix appartient aux auditeurs –,but the choice belongs to the listener,58,303
4555,indigène,nadj(f),"native, local",il reste à convaincre les indigènes de vendre leurs terres –,the natives still have to be convinced to sell their lands,68,215
4556,chocolat,"adji, nm",chocolate,je t’ai apporté des chocolats –,I brought you some chocolates,74,166
4557,indirectement,adv,indirectly,j’étais impliqué aussi bien directement qu’indirectement –,I was implicated as directly as I was indirectly,75,159
4558,obtention,nf,"obtaining, achievement",l’obtention d’un diplôme est une occasion spéciale –,obtaining a diploma is a special occasion,78,132
4559,grandissant,adj,"growing, increasing",l’insatisfaction grandissante exige une action rapide –,growing dissatisfaction requires a rapid response,82,106
4560,chagrin,"adj, nm","grief, sorrow,",j’en ai eu des moments de chagrin dans ma vie –,I have had moments of sorrow in my life,60,277
4561,prostitué,nadj,prostitute,toutes deux étaient filles de prostituée –,both were daughters of a prostitute,76,153
4562,lumineux,adj(pl),"luminous, illuminated; light","la salle est bruyante, très lumineuse –","the room is noisy, very bright",69,207
4563,soupe,nf,soup,"mange ta soupe, dis-je –","eat your soup, I said",68,209
4564,bravo,"intj, nm","bravo, well done",j’ai de bonnes nouvelles. bravo. vos appels ont porté leurs fruits –,I have good news. congratulations. your appeals worked,53,347
4565,appréhender,v,"to dread, apprehend",15.000 clandestins ont été appréhendés –,"15,000 illegal immigrants were apprehended",77,139
4566,concitoyen,nm,fellow citizen,"mes chers concitoyens, je sais que vous êtes fatigués –","my dear fellow citizens, I know you’re exhausted",65,237
4567,flèche,nf,arrow,cette flèche indique l’ordre de traitement –,this arrow shows the order of processing,73,175
4568,libéralisation,nf,liberalization,la libéralisation économique est désormais quasiment achevée –,economic freedom is henceforth largely achieved,60,284
4569,complot,nm,"plot, conspiracy","je n’aime pas les complots, les mystères –",I don’t like conspiracies or mysteries,77,145
4570,signataire,"nm, nf",signatory,je crois qu’il faut 30 signataires –,I think we need 30 signatures,68,213
4571,ski,nm,"ski, skiing",je fais du ski –,I ski,57,306
4572,douanier,nadj,customs officer,il n’y avait pas de contrôle douanier –,there was no customs check,62,260
4573,syndrome,nm,syndrome,je souffre … du syndrome du manque d’amour –,I suffer from lack-of-love syndrome,71,185
4574,météo,nf,weather forecast,on nous annonçait la météo du lendemain –,the next day’s weather forecast was given to us,57,310
4575,borner,v,"to limit, confine",nous nous bornons à faire notre travail –,we confine ourselves to doing our work,68,208
4576,triompher,v,"to triumph, beat",la démocratie finit toujours par triompher –,democracy always triumphs,65,233
4577,concrétiser,v,to materialise,j’espère vraiment concrétiser ce rêve un jour! –,I really hope to realize this dream one day!,71,183
4578,soumission,nf,submission,le foulard symbolise la soumission à Dieu –,the head scarf symbolizes submission to God,75,159
4579,continuellement,adv,"continually, continuously","je dors continuellement, et j’ai de la fièvre –","I sleep constantly, and I have a fever",78,134
4580,dérober,v,"to steal, hide",on leur déroba leurs valises –,their luggage was stolen,71,184
4581,romancier,nm,novelist,"un romancier raconte toujours une histoire, son histoire –","a novelist always tells a story, his story",60,281
4582,sorcier,nm,"sorcerer, witch",les sorcières aussi tombent malades? –,witches get sick too?,71,188
4583,consigne,nf,"deposit, orders, detention",il rappelle quelques consignes générales –,he recalls some general orders,74,164
4584,harmonie,nf,harmony,nous devons travailler ensemble en parfaite harmonie –,we must work together in perfect harmony,70,192
4585,blond,nadj,"blond, fair-haired",elle avait de jolis cheveux blonds –,she had pretty blonde hair,57,308
4586,pleuvoir,v,to rain,il trouve qu’il pleut tous les jours –,he finds that it rains every day,67,216
4587,déplaire,v,"to displease, be unhappy",tout ce qui est superflu déplaît à Dieu et à la nature –,anything superfluous displeases God and nature,70,190
4588,innombrable,adj(f),"innumerable, countless",son existence résulte d’innombrables morts –,its existence stems from an untold number of deaths,67,216
4589,félicitation,nf,congratulation,nous recevons de nombreuses lettres de félicitations –,we receive many letters of congratulation,61,268
4590,inédit,nadj,"unpublished; original, new",dix-sept films inédits seront en compétition –,seventeen unedited films will be competing,68,207
4591,lance,nf,lance,"ils forgeront des charrues, des lances –","they will make chariots, lances",80,117
4592,désireux,adj(pl),"avid for, anxious to, desirous of",beaucoup seraient désireux de vous rencontrer –,many people would be happy to meet you,77,138
4593,diversifier,v,"to vary, diversify",on a un pays très diversifié –,we have a very diversified country,67,219
4594,vélo,nm,"bike, bicycle",elles se sont amenées hier en vélo –,they arrived here yesterday by bicycle,73,166
4595,fatigue,nf,"tiredness, fatigue",les gens sont peut-être fatigués –,the people are perhaps tired,60,276
4596,instabilité,nf,instability,l’instabilité politique demeure –,political instability remains,66,222
4597,pénaliser,v,"to penalize, punish",on est en train de pénaliser nos travailleurs –,we’re punishing our workers,64,238
4598,comte,nm,count,le mari était comte. l’amant était marquis –,the husband was a count. the lover was a marquis,56,316
4599,amer,"adj, nm",bitter,une surprise amère l’attend –,a bitter surprise awaits her,65,231
4600,orchestre,nm,orchestra,les orchestres ne veulent pas de ma musique –,orchestras don’t want my music,71,184
4601,foncier,adj,"land-related, land, fundamental",le code foncier va permettre cela –,the land-use laws will allow that,61,267
4602,dixième,"det, nm, nf",tenth,on ne comprend pas le dixième de ce que vous dites –,we don’t understand a tenth of what you’re saying,76,146
4603,est,nmi,east,toutes les églises sont tournées vers l’est –,all of the churches have turned their attention eastwards,75,152
4604,envelopper,v,"to wrap, surround, veil",donne-moi quelque chose pour envelopper le petit –,give me something to wrap the infant in,63,252
4605,troublant,adj,disturbing,c’est là quelque chose de très troublant –,something’s very wrong here,78,133
4606,irrégulier,adj,"irregular, uneven",leurs revenus sont incertains et irréguliers –,their income is uncertain and irregular,77,136
4607,fouet,nm,whip,il marchait sous le fouet du maître –,he walked under the whip of the master,74,162
4608,baigner,v,"to bathe, wash, get a bath, go for a swim","je me baignai avec Anne, elle nageait doucement –",I swam with Anne; she was gently swimming,67,214
4609,fixation,nf,"fixation, fixing",le peintre procède alors à une fixation –,the painter then becomes fixated,79,122
4610,encadrement,nm,"training, framing, supervision",le personnel d’encadrement des ateliers est réduit –,supervisory staff in the workshops is reduced,74,157
4611,déménager,v,to move,on a déménagé dans un petit local –,we moved into a little nook,74,157
4612,esthétique,nadj(f),"aesthetics, attractiveness; attractive",je ressens une passion esthétique –,I feel an aesthetic passion,62,259
4613,photographier,v,to photograph,allons nous faire photographier aux îles –,let’s go get photographed in the islands,77,141
4614,insensé,nadj,insane,t’as un comportement insensé –,your behavior is crazy,72,173
4615,moderniser,v,to modernize,nous devons simplement moderniser ce système –,we must simply modernize the system,70,194
4616,expérimental,adj,experimental,"du point de vue expérimental, il est bon de vérifier –","from an experimental standpoint, it’s good to double-check",65,232
4617,incomber,v,to be incumbent upon,ce rôle leur incombe maintenant –,this role falls to them now,62,254
4618,retombée,nf,"fallout, consequences, effects",je n’ai pas eu de mauvaises retombées –,I haven’t had any bad effects,75,153
4619,équivaloir,v,"to be equivalent, amount to",cela équivaut à une taxe sur les malades –,this amounts to a tax on sick people,67,211
4620,différencier,v,to differentiate,je sais différencier un compliment d’une flatterie –,I know the difference between a compliment and flattery,72,175
4621,éventail,nm,"fan, range",le gouvernement finance un éventail d’initiatives de recherche –,the government is financing a range of research initiatives,73,166
4622,solde,"nm, nf",balance; pay; sale,tout est en solde dans Paris –,everything’s on sale in Paris,64,240
4623,gâcher,v,"to waste, spoil",je ne voulais pas gâcher votre fête –,I didn’t want to ruin your party,67,210
4624,régiment,nm,regiment,c’est le meilleur soldat du régiment –,he’s the best soldier in the regiment,75,150
4625,chiite,nadj(f),Shiite,"la conférence devait réunir des leaders chiites, sunnites et kurdes –","the conference was meant to bring together Shiite, Sunni, and Kurdish leaders",49,380
4626,bouleversement,nm,upheaval,le bouleversement est profond autour de nous –,profound upheaval is all around us,75,155
4627,relater,v,"to relate, recount",ils m’ont relaté des histoires cauchemardesques –,they recounted nightmarish stories,78,130
4628,décent,adj,"decent, proper","en surface, elle paraissait décente, prude et tout –","outwards, she appeared proper, prudish, and so on",81,112
4629,éminent,adj,"eminent, distinguished",je souscris volontiers au verdict d’un éminent psychanalyste –,I gladly concur with the verdict of a distinguished psychoanalyst,77,140
4630,instituteur,nm,school teacher,l’instituteur feuilletait un manuel de sociologie –,the teacher paged through a sociology manual,72,173
4631,rayer,v,"to scratch, streak, stripe; to erase, strike out",tu portes une chemise rayée et une cravate rayée –,you’re wearing a striped shirt and a striped necktie,77,136
4632,concrètement,adv,in concrete terms,je vous demande concrètement si vous allez prendre des mesures sérieuses –,I ask you concretely if you are going to take serious measures,68,206
4633,coulisse,nf,"backstage, wings, behind the scenes","car, en coulisse, on négocia –","for, behind the scenes, there were negotiations",77,141
4634,enchaîner,v,"to chain up, connect, string together",tout semble s’enchaîner dans cette sinistre marche des événements –,everything seemed to link together in this sinister sequence of events,72,174
4635,ratification,nf,ratification,le processus de ratification n’est pas mort –,the ratification process is not dead,66,223
4636,emplacement,nm,"site, location",les emplacements de camping sont séparés –,the camping sites are separated,69,196
4637,copier,v,"to copy, reproduce",j’ai copié l’article –,I copied the article,75,154
4638,inculper,v,to charge,les preuves étaient insuffisantes pour l’inculper –,the evidence was insufficient to charge him,58,292
4639,renouveau,nm,renewal,"ce renouveau doit, naturellement, commencer par en haut –",this renewal of course has to come top-down,78,132
4640,néerlandais,nadj(pl),Dutch,la multinationale néerlandaise a annoncé de nouvelles pertes –,the Dutch multinational announced new losses,54,323
4641,intégral,adj,"complete, unabridged",ils constituent un élément intégral de notre histoire –,they constitute an integral part of our history,75,152
4642,spécification,nf,specification,il convient alors de respecter les spécifications supplémentaires –,then it would be appropriate to honour the supplementary specifications,40,482
4643,documentation,nf,"documentation, literature",j’écris aussi des documentations en français –,I also write documentation in French,72,172
4644,logiquement,adv,logically,"logiquement, il fallait que cette vie se termine –","logically, this life had to end",78,129
4645,spectre,nm,"spectrum, ghost",le spectre d’un conflit nucléaire généralisé s’écarte –,the threat of a widespread nuclear conflict is lessening,57,302
4646,harmoniser,v,"to harmonize, harmonize with",il harmonise les règles –,he reconciled the rules,72,173
4647,suédois,nadj(pl),"Swedish, Swede",nous avons même un correspondant suédois –,we even have a Swedish correspondent,58,284
4648,rouvrir,v,to reopen,"quant aux écoles militaires, elles étaient rouvertes sans délai –",the military schools were reopened without delay,68,206
4649,débouché,nm,"prospect, opportunity, opening",il existe de nombreux débouchés dans plusieurs branches –,there are several openings in many branches,68,202
4650,croisé,nadj,twill; alternate; crusader; crossed,nos chemins se sont croisés de façon intéressante –,our paths crossed in an interesting manner,78,127
4651,fléau,nm,"scourge, plague",la pauvreté est un fléau –,poverty is a plague,78,130
4652,traversée,nf,crossing,la traversée avait duré juste trois heures –,it only took three hours to make the crossing,77,140
4653,solaire,adj(f),solar,nous pensons que le système solaire est issu d’une étoile –,we think the solar system emerged from a star,73,164
4654,secrétariat,nm,"secretaryship, secretariat, secretarial offices, secretary’s office",les clés seront au secrétariat –,the keys are at the secretary’s office,73,163
4655,mou,"adj, nm",soft,je devenais froide et molle comme un vieux cadavre –,I became cold and soft like an old cadaver,65,230
4656,venger,v,"to avenge, take revenge",tu t’es vengé. réjouis-toi avant d’oublier –,you got your revenge. enjoy it before you forget,65,230
4657,détenteur,nadj,"holder, possessor, bearer",cette carte plastifiée devrait permettre à son détenteur de voter –,this plastic card should allow the bearer to vote,76,146
4658,basque,nadj(f),Basque,il y avait un couple de jeunes basques aussi qui était venu au Sénégal –,there was also a couple of Basque youths who came to Senegal,55,313
4659,soif,nf,thirst,"si tu as soif, tu bois –","if you’re thirsty, you drink",65,229
4660,accumulation,nf,"accumulation, amassing, storage, stockpiling, build-up",il y a de dangereuses accumulations de neige –,there are dangerous accumulations of snow,62,252
4661,autoritaire,adj(f),authoritarian,c’est un régime extraordinairement autoritaire –,its an extraordinarily authoritative regime,73,163
4662,essor,nm,"expansion, development, flight",cette ville a pris un nouvel essor économique et touristique –,this city has made new strides in the economy and tourism,72,174
4663,obséder,v,"to obsess, haunt",je ne suis pas obsédée du tout par la réussite –,I’m not at all obsessed by success,73,167
4664,intolérable,adj(f),intolerable,leurs conditions de vie deviennent intolérables –,their living conditions are becoming intolerable,80,118
4665,rébellion,nf,rebellion,"la rébellion va éclater, des gouvernments vont tomber! –","rebellion will break out, governments will fall!",58,282
4666,préventif,adj,preventive,les antibiotiques sont utilisés de façon préventive –,the antibiotics are used for prevention,66,219
4667,désignation,nf,designation,une désignation rapide et positive est nécessaire –,a swift and positive designation is necessary,73,167
4668,aimable,adj(f),"pleasant, kind, nice",je voulais juste être aimable –,I just wanted to be likable,62,254
4669,conformité,nf,conformity,on a un problème de conformité au niveau des registres –,we have a consistency problem with the books,66,219
4670,pantalon,nm,"trousers, pants","ôtez votre pantalon et entrez, je vais vous examiner –","take off your pants and come in, I’m going to examine you",57,298
4671,anormal,nadj,abnormal,c’est tout à fait anormal –,it’s completely abnormal,60,264
4672,inhérent,adj,inherent,nous reconnaissons le droit inhérent des autochtones –,we recognize the inherent rights of natives,71,179
4673,réconcilier,v,to reconcile,la mère et le fils se réconcilient –,mother and son reconciled,75,150
4674,réservoir,nm,"tank, reservoir",le réservoir ainsi formé est un immense lac –,the reservoir thus formed is an immense lake,77,135
4675,aveu,nm,confession,je considère votre silence comme un aveu –,I take your silence to be a confession,70,182
4676,emmerder,v,"to bug, bother",je serais bien emmerdé si tu attrapais une pneumonie –,I would be pissed off if you catch a cold,52,341
4677,inondation,nf,"flood, deluge",l’école est fermée pour inondation –,the school is closed due to flooding,63,237
4678,câble,nm,"cable, wire",le câble est bloqué –,the cable is blocked,62,247
4679,poumon,nm,lung,ils respiraient à pleins poumons –,they breathed very deeply,72,169
4680,humble,adj(f),"humble, lowly",veuillez accepter mes humbles excuses –,please accept my humble apologies,68,199
4681,perturbation,nf,"disruption, disturbance",la circulation n’a pas connu d’importantes perturbations –,traffic hasn’t been greatly affected,64,236
4682,brouiller,v,"to mix-up, confuse, scramble",le récit des confessions brouille tout –,the written confession muddles up everything,66,216
4683,illustration,nf,illustration,les illustrations sont originales –,the illustrations are original,69,192
4684,appliqué,adj,"assiduous, industrious, careful","oui, j’étais une élève appliquée –","yes, I was a diligent student",75,148
4685,fermier,nadj,farmer,les fermiers ont des journées très remplies –,farmers have very busy days,72,170
4686,hanter,v,to haunt,tu hantes mes rêves –,you haunt my dreams,74,153
4687,cordon,nm,"cord, string, lead",elle a sectionné le cordon avec ses dents –,she cut the cord with her teeth,74,156
4688,néfaste,adj(f),"harmful, ill-fated",ces polluants sont néfastes pour tous –,these pollutants are harmful to everyone,72,168
4689,lasser,v,"to tire, weary, grow weary",je ne veux pas lasser le public –,I don’t want to make the public weary,67,209
4690,influer,v,"to influence, have an influence on","chaque vie, influe sur les autres –",each life influences others,74,154
4691,présentement,adv,"at present, presently",nous étudions ce besoin présentement –,we’re currently studying this need,52,338
4692,plate-forme,nf,platform,ils restèrent debout sur la plate-forme –,they remained standing on the platform,76,139
4693,stopper,v,"to stop, halt",vous pourriez me stopper avec un seul mot –,you could stop me with one single word,72,169
4694,kurde,nadj(f),"Kurd, Kurdish",la langue kurde est interdite à l’école –,the Kurdish language is forbidden at school,53,328
4695,amusant,nadj,"funny, amusing, entertaining",j’avais trouvé une phrase amusante –,I had found a funny phrase,65,222
4696,tremblement,nm,"shiver, trembling, shaking",il y avait dans sa voix un tremblement –,there was trembling in her voice,66,217
4697,rail,nm,"rail, track",j’ai suivi les rails pour arriver ici –,I followed the tracks to get here,74,154
4698,fondamentalement,adv,"basically, fundamentally, inherently",telle est fondamentalement notre position –,fundamentally that is our position,67,210
4699,lampe,nf,"lamp, light",la scène est éclairée par une lampe à pétrole –,the scene was lit by a kerosene lamp,56,301
4700,triple,nadj(f),triple,t’as vu mon triple saut? je peux le refaire –,did you see my triple jump? I can do it again,76,140
4701,inchangé,adj,unchanged,l’état de la route demeure inchangé –,road conditions remain unchanged,61,255
4702,supplier,v,"to beg, implore","je t’en supplie, ne pars pas –","I beg you, don’t leave",60,268
4703,multiplication,nf,multiplication,j’avais prédit une multiplication de travail pour l’automne –,I predicted an increase in workload for the fall,67,205
4704,camoufler,v,"to cover up, conceal, camouflage",certaines araignées changent leurs couleurs pour se camoufler –,some spiders change colours as camouflage,84,89
4705,cliché,nm,cliché; negative,cette théorie est devenue un vieux cliché freudien –,this theory has become an old Freudian cliché,73,165
4706,diamant,nm,diamond,c’est le plus beau diamant du monde –,it’s the most beautiful diamond in the world,71,180
4707,guerrier,nadj,warrior; warlike,t’as une âme de guerrier –,you have a warrior’s soul,68,198
4708,figer,v,"to clot, coagulate, congeal, set",le pauvre animal resta figé sur place –,the poor animal remained frozen in its tracks,62,249
4709,comique,nadj(f),"comical; comic, comedian",le malentendu serait plutôt comique –,the misunderstanding would be rather comical,73,162
4710,planification,nf,planning,ils doivent payer pour la mauvaise planification –,they have to pay for bad planning,63,240
4711,éloge,nm,praise,je ferai votre éloge –,I will sing your praises,76,143
4712,regroupement,nm,"regrouping, reassembly",ils inventent les regroupements de populations –,they create population regroupings,72,171
4713,odieux,adj(pl),"hateful, odious",ces façons de parler sont odieuses –,these are heinous manners of speaking,74,155
4714,désastreux,adj(pl),disastrous,ce sera un mariage désastreux –,that will be a disastrous marriage,72,172
4715,nocturne,nadj(f),"nocturnal, nocturne",ils ajustèrent leurs lunettes à vision nocturne –,they adjusted their night vision goggles,69,193
4716,configuration,nf,"configuration, layout",la configuration institutionnelle rendrait une partition très difficile –,the institutional configuration would render a partition very difficult,52,342
4717,escompter,v,to discount; to expect,cela n’a pas eu les résultats escomptés –,that didn’t have the expected results,58,281
4718,intensif,nadj,intensive,une telle traduction représente un travail intensif –,a translation like this involves intense work,76,143
4719,scepticisme,nm,scepticism,je vous concède que le scepticisme n’est pas très sexy –,I admit that scepticism isn’t very sexy,80,111
4720,croisière,nf,cruise,on a décidé de faire cette croisière en Mer Rouge –,we decided to take a Red Sea cruise,76,142
4721,plénier,adj,"plenary, full",l’assemblée plénière est tombée d’accord –,the plenary assembly came to agreement,57,285
4722,athlète,"nm, nf",athlete,les athlètes doivent être de bons leaders –,athletes must be good leaders,63,234
4723,poil,nm,"hair, bristle",il est allergique au poil de chat –,he’s allergic to cat hair,59,273
4724,épanouir,v,"to bloom, blossom",elle est très vivante et s’épanouit de plus en plus –,she’s very lively and is blossoming more and more,75,149
4725,minimiser,v,"to minimize, play down",il tend donc à minimiser le problème –,so he tends to minimize the problem,73,160
4726,inévitablement,adv,inevitably,le chômage augmenterait inévitablement –,unemployment would inevitably increase,77,131
4727,informé,nadj,informed,la population doit être mieux informée au sujet –,the population must be better informed on the subject,76,140
4728,islam,nm,Islam,l’Islam est aujourd’hui la deuxième religion de France –,Islam is the second largest religion in France today,57,287
4729,échéant,adj,if need be,c’est moi qui le cas échéant prendrai la décision –,I’m the one who will make the decision if necessary,62,241
4730,murmurer,v,to murmur,elle a murmuré dans mon oreille –,she mumbled into my ear,50,355
4731,implantation,nf,"implanting, setting up, establishment, implantation, installation",quelle est votre stratégie d’implantation? –,what is your installation strategy?,70,185
4732,décerner,v,"to award, give, issue","en science, on ne décerne pas de distinction pour les redécouvertes –",in science nobody receives a prize for rediscovering something,71,173
4733,replacer,v,"to replace, put back",il replaça le paquet dans sa poche –,he returned the package to his pocket,81,106
4734,vêtir,v,"to clothe, dress, put on","c’était un vieil homme, vêtu bourgeoisement –","he was an old man, dressed simply",59,270
4735,trottoir,nm,pavement,"mets-moi sur le trottoir, je me débrouillerai –","put me on the sidewalk, I’ll manage",60,257
4736,vieillard,nm,old man,le vieillard haussa les épaules –,the old man shrugged his shoulders,57,285
4737,fillette,nf,"little girl, girl",certes la fillette semblait précoce –,the little girl certainly seemed precocious,66,211
4738,enchanter,v,"to delight, enchant, rejoice","mais il est enchanté de me voir, hein? –","he’s sure delighted to see me, eh?",57,286
4739,singe,nm,monkey,ils imitent le cri des singes –,they’re imitating the monkeys’ scream,66,209
4740,superficiel,adj,"superficial, shallow","t’es un mec superficiel, un vrai nul –","you’re a shallow guy, a real nobody",72,170
4741,rigide,adj(f),"rigid, stiff",il y a de rigides paramètres en place –,there are fixed parameters in place,76,138
4742,démographique,adj(f),demographic,nous vivons en une époque d’évolution démographique –,we live in an era of demographic evolution,68,197
4743,fourniture,nf,"supply, provision",l’accord prévoit la fourniture de 3 millions de tonnes de pétrole –,the agreement anticipates a supply of 3 million tonnes of oil,71,172
4744,taxer,v,to tax,il est injuste de le taxer de caprice –,it’s injust to tax indiscriminately,71,171
4745,milice,nf,militia,les milices sont responsables de crimes contre l’humanité –,the militias are responsible for crimes against humanity,55,301
4746,foire,nf,fair,"hier, j’étais à la foire aux livres –",yesterday I was at the book fair,76,136
4747,élégant,adj,"elegant, stylish",les pauvres sont désormais plus élégants que les riches –,the poor are henceforth more elegant than the rich,67,206
4748,crème,"adji, nf",cream,son père lui appliqua une crème désinfectante et lui banda la main –,his father applied some disinfectant cream and bandaged his hand,72,166
4749,mentalité,nf,mentality,il faut instaurer une mentalité de gagnant et de bosseur –,we need to establish a winning and hard-working mentality,67,203
4750,charité,nf,charity,beaucoup de laïcs ont plus de charité qu’eux –,many lay clergy have more charity than they do,61,252
4751,borne,nf,"milestone, boundary stone",je vous ai affirmé notre admiration sans bornes –,I have asserted to you our unqualified admiration,66,213
4752,organique,adj(f),organic,une forme de vie organique vient à ma rescousse –,an organic life form came to my rescue,70,179
4753,dévouer,v,"to devote, sacrifice oneself",elle se dévoua à la gloire de son ami –,she devoted herself to the glory of her friend,69,190
4754,hâter,v,"to quicken, hasten",hâte-toi de revenir –,hurry back,65,215
4755,mobilité,nf,mobility,la mobilité de la population a changé –,the mobility of the population has changed,72,169
4756,exclu,"nm, adj",outcast,je ne me suis jamais senti exclu –,I never felt excluded,74,149
4757,boucher,"nm, v","butcher; to fill in, get clogged up",il faudra sans doute boucher des trous –,it will of course be necessary to plug the holes,67,206
4758,bénéfique,adj(f),beneficial,les faits prouvent que le mariage est bénéfique pour les enfants –,the facts prove that marriage is beneficial for children,73,161
4759,commencement,nm,"beginning, start",ce n’est que le commencement et non la fin –,it’s only the beginning and not the end,58,272
4760,licenciement,nm,"dismissal, sacking","on va vous notifier votre licenciement, par courrier –",we will notify you of your dismissal by mail,54,313
4761,chancelier,nm,chancellor,le chancelier doit rencontrer le président du parlement –,the chancellor must meet the speaker of the parliament,54,315
4762,retenue,nf,"deduction; restraint, self-control",je me suis racontée sans aucune retenue –,I talked about myself without any restraint,72,168
4763,visée,nf,"aim, design, sighting",nous n’avons aucune visée sur l’Indochine –,we have no designs for Indochina,81,103
4764,dénonciation,nf,denunciation,la dénonciation ne doit pas être acide ou sarcastique –,the denunciation need not be acerbic or sarcastic,77,129
4765,plaie,nf,wound,il lavera et séchera nos plaies –,he will wash and dry our wounds,75,141
4766,exiler,v,to exile,il se lamentait d’être exilé –,he rued at being exiled,71,171
4767,rocher,nm,"rock, boulder",il a disparu derrière les rochers –,he disappeared behind the rocks,62,237
4768,mortalité,nf,"mortality, death rate",la mortalité par cancer continue à décroître aux Etats-Unis –,cancer deaths continue to decrease in the U.S.,78,122
4769,cruauté,nf,cruelty,c’est tout simplement un acte de cruauté –,it’s simply an act of cruelty,75,146
4770,regrettable,adj(f),"unfortunate, regrettable",la perte d’une vie est toujours regrettable –,the loss of a life is always regrettable,71,168
4771,droguer,v,"to drug, take drugs",je me suis déjà drogué –,I was already high on drugs,80,111
4772,connecter,v,"to connect, go on-line",tous les pays sont connectés à Internet –,all countries are connected to the Internet,50,352
4773,confort,nm,comfort,tout le monde vit dans le confort –,everyone lives in comfort,74,152
4774,compréhensible,adj(f),"comprehensible, understandable",il est compréhensible que le public soit inquiet –,it’s understandable that the public is disturbed,79,119
4775,tube,nm,tube,deux fois déjà le tube a été retiré puis remis –,"twice already the tube was pulled out, then reinserted",66,210
4776,coffre,nm,"trunk, boot, chest",les bagages sont dans le coffre –,the suitcases are in the trunk,64,226
4777,intimider,v,to intimidate,il essayait de m’intimider –,he tried to intimidate me,72,162
4778,huitième,"det, nm, nf",eighth,il a terminé la course huitième –,he finished the race in eighth place,64,223
4779,forger,v,"to forge, contrive, make up",il nous faut forger des concepts inconcevables –,we need to invent inconceivable concepts,73,157
4780,périr,v,to perish,je périrais sans toi –,I would perish without you,70,179
4781,notoire,adj(f),"notorious, well-known",nous détenons en ce moment un meurtrier notoire –,at the moment we have a notorious murderer in custody,89,54
4782,graphique,nadj(f),"graph, graphic",j’aimerais avoir un graphique ici –,I would like to have a graph here,56,288
4783,annulation,nf,"cancellation, annulment",l’annulation est due à la défection de certains partenaires –,the annulment results from the defection of some partners,65,213
4784,acceptation,nf,acceptance,la foi suppose l’acceptation du mystère –,faith requires acceptance of the mystery,72,164
4785,textile,nadj(f),textile,"mère, enfants travaillent dans le textile –",mother and children are working in the textile industry,56,292
4786,hormis,prep,"save, but","hormis vous, personne n’a vu ce gamin –","except for you, nobody saw this kid",76,136
4787,chirurgien,nm,surgeon,les chirurgiens disent qu’il n’a pas souffert –,the surgeons say he didn’t suffer,71,168
4788,orage,nm,"storm, thunderstorm",au loin un orage grondait –,in the distance a storm thundered,64,221
4789,boule,nf,ball,je lui ai offert une boule à neige –,I offered her a snowball,61,248
4790,médiation,nf,"mediation, arbitration",les tentatives américaines de médiation ont continué –,American attempts at negotiation continued,73,155
4791,réprimer,v,"to suppress, repress",vous réprimez ce que vous ressentez –,you’re repressing what you feel,74,150
4792,hall,nm,"foyer, lobby",je l’ai rencontré dans le hall d’un immeuble –,I met him in the foyer of the building,74,150
4793,visuel,adj,visual,mais garde le contact visuel –,but keep visual contact,54,309
4794,semblant,nm,"semblance, pretence",faites semblant d’être désespérée –,pretend to be desperate,68,194
4795,jadis,adv,"formerly, long ago","jadis, nous étions des esclaves –","long ago, we were slaves",62,239
4796,rémunérer,v,"to remunerate, pay",il était rémunéré par une excellente nourriture –,he was paid with excellent food,68,192
4797,fasciner,v,to fascinate,c’est un sujet qui me fascine –,it’s a subject that fascinates me,64,225
4798,dilemme,nm,dilemma,c’est l’éternel dilemme de la carotte et du bâton –,it’s the eternal dilemma of the carrot and the stick,78,123
4799,progressiste,"nm, nf",progressive,on a un système scolaire progressiste –,we have a progressive school system,62,239
4800,ours,"adji, nm(pl)",bear,cet ours polaire doit aller dormir –,this polar bear needs to go to sleep,76,137
4801,décharger,v,to unload,aidez Grégoire à décharger le van –,help Grégoire unload the van,75,139
4802,excéder,v,to exceed,le total ne peut excéder 55 000 francs –,"the total cannot exceed 55,000 francs",73,156
4803,blâmer,v,"to blame, reprimand",il cherche quelqu’un d’autre à blâmer –,he’s looking for someone else to blame,68,189
4804,duc,nm,duke,"un mari outragé, un duc, vient se plaindre –","an outraged husband, a duke, comes to complain",58,268
4805,raciste,nadj(f),racist,je ne tolère aucun comportement raciste à bord –,I don’t tolerate any racist behavior on board,68,186
4806,stress,nm(pl),stress,"le stress, ça rend un peu dingue –",stress makes you a little bit crazy,65,212
4807,inexistant,adj,non-existent,la coopération entre pays voisins était quasiment inexistante –,cooperation between neighboring countries was practically non-existent,76,135
4808,théoriquement,adv,theoretically,l’accès en resterait théoriquement interdit aux femmes seules –,access would theoretically remain forbidden to unaccompanied women,76,136
4809,danois,nadj(pl),"Danish, Dane",le compromis danois aura un statut équivalent –,the Danish compromise will have an equivalent status,58,272
4810,concéder,v,"to grant, concede",le dollar a concédé une partie du terrain gagné –,the dollar lost some of the ground it had gained,70,172
4811,retrancher,v,"to deduct, remove; to entrench",son air passif la retranchait du monde –,his passive attitude removed him from the rest of the world,72,160
4812,renfermer,v,"to contain, shut, lock, enclose","c’est un homme renfermé et primitif, mais profondément loyal –","he’s an uncommunicative, primitive man but deeply loyal",62,234
4813,vieillesse,nf,old age,"ce que jeunesse désire, vieillesse l’a en abondance –","what youth wants, old age has abundantly",66,207
4814,navette,nf,shuttle,les navettes pour l’aéroport? elles sont là –,the airport shuttles? they’re here,58,269
4815,traditionnellement,adv,traditionally,"traditionnellement, le cadre est un manager –","traditionally, the executive is a manager",68,192
4816,batterie,nf,battery; drum set,ces batteries devraient avoir une longue durée de vie –,these batteries should have a long life,70,173
4817,foie,nm,liver,souffrir de problèmes graves au foie –,to suffer from serious liver problems,80,108
4818,gratuitement,adv,"free, gratuitously",il nous a tout donné gratuitement –,he gave us everything for free,77,129
4819,incompréhensible,adj(f),incomprehensible,je trouve cela incompréhensible et ignoble –,I find that unbelievable and disgraceful,76,135
4820,détour,nm,"bend, curve, detour",j’ai fait un détour pour sortir sans passer devant lui –,I went out of my way to avoid passing in front of him,66,204
4821,boulevard,nm,boulevard,nous nous promenions sur les boulevards –,we were walking along the boulevards,64,217
4822,blague,nf,joke,je ne raconte plus de blagues –,I don’t tell jokes any more,57,271
4823,mécontentement,nm,"displeasure, dissatisfaction",les exemples de mécontentement sont nombreux et variés –,examples of dissatisfaction were numerous and wide-ranging,76,135
4824,inaugurer,v,"to unveil, open",il inaugura les fêtes célébrant le centenaire de la Révolution –,he opened the Revolution Centennial celebrations,70,175
4825,repli,nm,"bend, twist, wrinkle, fold, fallback",c’est plutôt la saison d’un repli frileux –,it was instead the time for a chilly retreat,68,187
4826,contrepartie,nf,"counterpart, opposite, alternative",la solitude n’est pas la seule contrepartie de l’amitié –,loneliness isn’t the only alternative to friendship,69,181
4827,proportionnel,adj,proportional,"dans le système proportionnel, chaque vote a la même valeur –","in the proportional system, each vote has the same value",64,214
4828,aboutissement,nm,"outcome, result",je suis l’aboutissement de tous ces instincts –,I’m the outcome of all of these instincts,78,117
4829,triomphe,nm,triumph,tout mariage marque le triomphe de l’espoir sur l’expérience –,every marriage marks a triumph of hope over experience,65,207
4830,libre-échange,nm,free trade,la concurrence et le libre-échange sont liés –,competition and free trade are connected,58,263
4831,sincérité,nf,sincerity,je parle vraiment en toute sincérité –,I’m really talking with complete sincerity,69,178
4832,serre,nf,greenhouse,l’effet de serre est un phénomène naturel –,the greenhouse effect is a natural phenomenon,72,159
4833,doré,adj,golden,la jeunesse étudiante est encore une jeunesse dorée –,student youthfulness is still golden youthfulness,62,236
4834,convoi,nm,"convoy, train",de quel hangar part le convoi? –,the convoy is leaving from which hangar?,59,253
4835,terrien,nadj,"earthling; landowner, countryman",le Terrien est sur le point de vomir –,the Earthling is about to vomit,42,425
4836,psychologie,nf,psychology,il se spécialise en psychologie –,he specialized in psychology,66,199
4837,maltraiter,v,"to manhandle, ill-treat, misuse, slight",vous me forcez vraiment à vous maltraiter –,you’re really forcing me to mistreat you,84,82
4838,puits,nm(pl),"well, shaft, pit",je suis tombé dans un puits abandonné –,I fell into an abandoned pit,74,146
4839,intimité,nf,"privacy, intimacy",il est gêné par l’intimité masculine –,he’s troubled by masculine intimacy,68,187
4840,équation,nf,equation,cette quantité se précise dans une équation –,this amount is figured out in an equation,72,158
4841,humide,adj(f),"moist, damp, humid, wet",il faisait froid et humide dans la cabine –,it was cold and humid in the cabin,61,237
4842,bétail,nm,"livestock, cattle","vos chevaux sont là-bas, avec votre bétail –","your horses are there, with your cattle",79,111
4843,prophète,nm,prophet,demandons aux prophètes comment on devrait appeler ça –,let’s ask the prophets what we should call this,73,152
4844,micro,nm,"mike, micro, microphone",venez donc parler dans le micro –,come and speak into the mike,62,230
4845,gâteau,nadj,cake,qui mange du gâteau d’anniversaire? –,who wants to eat some birthday cake?,68,186
4846,continental,adj,continental,nous avons besoin d’un réseau routier continental –,we need a continental road network,76,132
4847,réitérer,v,"to reiterate, repeat",il a réitéré sa demande aujourd’hui –,he reiterated his request today,67,195
4848,énumérer,v,to enumerate,il est bien inutile d’énumérer les obstacles –,it’s totally useless to enumerate the obstacles,66,198
4849,embauche,nf,"job vacancy, hiring",les embauches ont repris au troisième trimestre –,hiring stepped up in the third quarter,69,179
4850,verdict,nm,verdict,"les jurés, avez-vous rendu votre verdict? –","members of the jury, have you arrived at a verdict?",65,204
4851,dix-neuf,"det, nmi",nineteen,je suis entré chez les Jésuites à dix-neuf ans –,I became a Jesuit at the age of nineteen,58,265
4852,guetter,v,"to watch over, watch out for",tu vas guetter les flics –,you’re going to be on the lookout for the cops,61,241
4853,frustrer,v,to frustrate,j’ai cependant été frustré par un nouvel échec –,I was nonetheless frustrated by a new failure,80,107
4854,anglo-saxon,nadj,Anglo-Saxon,c’est un humour plus anglo-saxon que français –,that humor is more Anglo-Saxon than French,65,204
4855,détente,nf,"release, relaxation, détente, loosening",ce n’est pas un week-end de détente –,it’s not a relaxing weekend,68,182
4856,questionner,v,to question,elle me questionnait sans cesse –,they questioned me continually,73,151
4857,injecter,v,to inject,nous avons injecté de l’argent dans le programme –,we injected money into the program,71,166
4858,préjudice,nm,"loss, harm, damage",avez-vous déjà subi des préjudices? –,have you already suffered any losses?,64,211
4859,couramment,adv,"fluently, commonly",elle parlait couramment deux autres langues aussi –,she also spoke two other languages fluently,77,126
4860,exploration,nf,"exploration, investigation, examination",rien ne vaut l’exploration du terrain –,nothing is worth the exploration of the land,71,166
4861,caresser,v,"to fondle, caress","embrassez-moi et caressez-moi, mon cher époux –","kiss me and hug me, my dear husband",56,280
4862,hymne,"nm, nf","hymn, anthem",j’ai chanté l’hymne national –,I sang the national anthem,79,110
4863,sécuritaire,adj(f),safe,le niveau de décontamination sera totalement sécuritaire –,the contamination level will be perfectly safe,65,203
4864,famine,nf,famine,une grande famine venait de dévaster la Chine –,a great famine devastated China,73,149
4865,écrier,v,"to exclaim, cry out","venez, venez tous, s’écria-t-elle –","come here, everybody, she yelled",47,365
4866,précipitation,nf,"haste, precipitation",la précipitation est rarement une bonne conseillère –,haste is rarely a wise counselor,66,201
4867,caution,nf,"deposit, guarantee, bail",le prévenu doit également régler une caution de 80.000 euros –,"the accused must also post a bail of 80,000 euros",75,139
4868,affectation,nf,"appointment, allocation; show, pretence",il bâilla avec affectation –,he made a show of yawning,71,167
4869,salaud,nadj,bastard,les hommes sont des salauds –,men are pigs,53,308
4870,cave,"adj(f), nm, nf","cellar, basement",il faut descendre dans la cave –,we had to go down into the cellar,65,205
4871,bond,nm,"leap, rebound",la richesse du pays a fait un bond –,the wealth of the country rebounded,68,184
4872,enclin,adj,"enclined, prone",je suis enclin à les laisser pourrir –,I’m inclined to let them rot,85,76
4873,nettoyage,nm,"cleaning, cleansing",j’ai un job spécial de nettoyage : tout le local à bateaux –,I have a special cleaning job: all of the boat docks,71,166
4874,foudre,nf,lightning,vous avez été frappé par la foudre –,you were struck by lightning,74,142
4875,justesse,nf,"accuracy, precision",la question de la justesse se pose –,the question of correctness is relevant here,78,120
4876,rente,nf,"annuity, pension",l’accumulation des rentes est funeste pour le monde occidental –,the accumulation of income is deadly for the West,69,176
4877,hépatite,nf,hepatitis,l’hépatite C est très différente du VIH –,hepatitis C is very different from HIV,44,391
4878,blindé,adj,armoured,la majorité de nos véhicules blindés sont des blindés légers –,most of our armored vehicles are light tanks,67,193
4879,clan,nm,clan,j’ai besoin de savoir à quel clan la personne appartient –,I need to know what clan the person belonged to,72,155
4880,accélération,nf,acceleration,l’accélération de la mondialisation économique –,the acceleration of economic globalization,73,151
4881,garage,nm,garage,allez au garage chercher des voitures –,go to the garage to get some cars,74,141
4882,résolument,adv,resolutely,il faut se tourner résolument vers l’avenir –,you need to be forward-looking,77,124
4883,négociateur,nadj,negotiator,les négociateurs restent pratiquement muets –,the negotiators are practically keeping mum,62,224
4884,romantique,nadj(f),romantic,"les romantiques, justement, désiraient toujours au-delà –",exactly: romanticists always wanted more,65,202
4885,obscurité,nf,darkness,elle commença dans l’obscurité à monter l’escalier –,she started to climb the stairs in the dark,56,278
4886,vulgaire,nadj(f),"vulgar, common, popular",tu es vulgaire –,you’re vulgar,65,205
4887,soixante-dix,"det, nmi",seventy,"quand tu auras soixante-dix ans, tu seras toujours toi –","when you’re seventy years old, you’ll still be yourself",63,222
4888,féroce,adj(f),"ferocious, fierce",son regard était noir et féroce –,his glare was dark and ferocious,75,133
4889,perpétuel,adj,"perpetual, everlasting, never-ending",elle est une tension perpétuelle –,she is highly strung,67,189
4890,militer,v,to militate,nous avons toujours milité contre l’exploitation –,we have always mobilized against exploitation,66,196
4891,jungle,nf,jungle,les rebelles ont opéré depuis la jungle –,the rebels were operating from the jungle,77,126
4892,case,nf,"box, hut, field",je vous laisse choisir la case qui me convient le mieux –,I’ll let you choose the box that will fit me the best,60,243
4893,craquer,v,"to creak, squeak, crackle, give in, strike",les livres neufs craquaient entre les doigts –,the new books were crisp between his fingers,66,200
4894,clarifier,v,to clarify,il faut clarifier ces questions maintenant –,these questions must be clarified now,66,200
4895,crête,nf,"crest, top, ridge",un grand nuage noir emmitoufle la crête des montagnes –,a large black cloud hugged the crest of the mountains,51,321
4896,traite,nf,"trade, draft, stretch, milking",je l’ai lue d’une traite –,I read it in one sitting,80,105
4897,démarrage,nm,"start, moving off",généralement le démarrage d’un livre se passe très bien –,"generally, starting a book goes very well",78,116
4898,oubli,nm,"forgetting, leaving behind, missing",mais certaines choses méritent l’oubli –,some things deserve to be forgotten,72,154
4899,procès-verbal,nm,"minutes, statement",cette intervention ne figure pas dans le procès-verbal –,this speech isn’t included in the transcript,46,373
4900,formalité,nf,formality,"oubliez ces formalités, mon enfant –","forget these formalities, my child",80,106
4901,insensible,adj(f),insensitive,vous êtes insensible à la raison –,you’re unmoved by reason,76,130
4902,distant,adj,"far-off, distant, faraway",il me fit un salut distant –,he waved at me from afar,50,332
4903,émetteur,nm,"transmitter, issuer",on va s’acheter un émetteur et on va se promener dans une van –,we’re going to buy a transmitter and drive around in a van,56,271
4904,montage,nm,"assembly, setting, pitching, putting, editing",tout le montage du film s’est fait en digital –,all of the editing of the film was done digitally,60,244
4905,énergique,adj(f),energetic,je suis très énergique et passionnée –,I’m very energetic and passionate,79,110
4906,claquer,v,"to flap, bang, slam, snap",j’avais envie de claquer violemment la porte derrière lui –,I wanted to slam the door violently behind him,64,208
4907,simplicité,nf,"simplicity, straightforwardness",la simplicité de ces adieux le toucha –,the simplicity of this farewell touched him,66,197
4908,buter,v,"to stumble, trip, run into, prop up, score",elle s’est butée à toutes sortes de délais –,she stumbled into all kinds of delays,60,241
4909,bulle,nf,bubble,ce gouvernement est dans une bulle qui lui cache la réalité –,this government is in a bubble that hides it from reality,73,150
4910,défavorable,adj(f),unfavorable,le climat était trop défavorable –,the climate was too unfavorable,62,225
4911,promoteur,nm,"promoter, instigator, developer",les promoteurs croient que les salles seront remplies –,the promoters think the shows will be sold out,69,174
4912,albanais,nadj(pl),Albanian,des snipers albanais avaient ouvert le feu –,the Albanian snipers had opened fire,53,299
4913,obsession,nf,obsession,je suis devenue son obsession –,I became his obsession,71,159
4914,exciter,v,"to arouse, waken, excite, turn on",je suis très excitée d’aller voter –,I’m very excited to go and vote,62,223
4915,voisinage,nm,neighborhood,tout le voisinage en parle –,the whole neighborhood is talking about it,68,180
4916,savoir-faire,nmi,know-how,mon papa est le roi du savoir-faire! –,my daddy knows how to do everything!,69,172
4917,sévèrement,adv,"severely, harshly",mon père m’aurait sévèrement corrigé –,my father would have severely disciplined me,75,137
4918,écrasant,adj,"crushing, overwhelming",ce sont des pertes écrasantes pour n’importe quel pays –,those would be crushing losses for any country,77,121
4919,vendu,nadj,"sold, bribed",122.000 billets ont été vendus –,"122,000 tickets were sold",81,95
4920,munition,nf,"ammunition, supplies",j’ai acheté toutes les munitions que je voulais –,I bought all the ammunition that I wanted,71,161
4921,capturer,v,"to capture, catch",il faut capturer ce type à tout prix –,this guy must be caught at any price,66,193
4922,compliment,nm,compliment,merci pour le compliment –,thanks for the compliment,69,175
4923,allouer,v,to allocate,cinq minutes sont allouées pour deux questions –,five minutes are allocated for two questions,69,175
4924,scandaliser,v,"to shock, scandalize",chaque Américain devrait aussi être scandalisé –,every American should also be scandalized,75,135
4925,cassette,nf,cassette,la cassette vidéo a été retrouvée –,the video cassette was found,67,185
4926,résident,nm,"foreign national, foreign resident",j’ai rencontré presque tous les résidents –,I met almost all the residents,66,195
4927,empresser,v,"to bustle about, hasten to do",ils se sont empressés d’obéir –,they hastened to obey,72,153
4928,inonder,v,to flood,il faut inonder les jeunes de messages préventifs –,youth must be flooded with preventive messages,74,141
4929,réglementer,v,"to regulate, control",une drogue est plus ou moins réglementée –,a drug is more or less controlled,59,247
4930,sonder,v,"to probe, poll, sound out","je viens sonder, pour une sondation –","I’m here to take a poll, for a poll",77,119
4931,vigilant,adj,"vigilant, watchful",nous devons rester vigilants et critiques –,we must remain vigilant and critical,80,103
4932,rhétorique,nadj(f),"rhetorical, rhetoric",la rhétorique des moralistes latins refleurissait –,the rhetoric of the Latin moralists blossomed anew,74,141
4933,cage,nf,cage,on devrait les mettre en cage et faire payer l’entrée –,we should put them in a cage and make them pay the entrance fee,64,209
4934,réglé,adj,"regular, steady, well-ordered, ruled","si tout est réglé, on peut y aller –","if everything’s set up, we can go",84,80
4935,téléspectateur,nm,TV viewer,il y avait des millions de téléspectateurs –,there were millions of TV viewers,56,267
4936,golf,nm,"golf, golf course",ils jouent au golf ensemble –,they play golf together,70,166
4937,forestier,nadj,"forest, forester",l’industrie forestière est très importante –,the forest industry is very important,69,174
4938,hum,intj,"um, uh","hum, je suis nerveux, seulement –","uh, I’m just nervous",42,411
4939,ravager,v,"to ravage, devastate","la peste ravage Londres, mais Paris est épargnée –","the plague ravages London, but Paris is spared",70,168
4940,réveil,nm,"waking up, awakening, alarm clock","sur ma table de nuit, le réveil indiquait cinq heures –","on my night table, the alarm clock indicated five o’clock",65,197
4941,racial,adj,racial,la préférence raciale joue depuis longtemps dans le recrutement –,racial preference has long figured in recruitment,71,156
4942,ensuivre,v,"to follow, result, ensue",il dit qu’il va s’ensuivre une augmentation du tourisme –,he says that an increase in tourism is going to follow,72,155
4943,relevé,nadj,"statement, list; relieved; put in relief; rolled up","navré, mais vous êtes relevé de vos fonctions –","so sorry, but you’re relieved of your functions",75,136
4944,ajourner,v,"to adjourn, defer, postpone",je suis prête à ajourner le débat –,I’m ready to adjourn the debate,50,325
4945,détérioration,nf,deterioration,la poste vous dédommagera de la détérioration des colis –,the post office will reimburse you for damaged packages,68,182
4946,viable,adj(f),"viable, workable",la négociation est le seul moyen viable de résoudre le conflit –,negotiation is the only viable means to resolve this conflict,68,180
4947,cochon,nadj,pig,on mange comme des cochons –,we’re eating like pigs,64,208
4948,barbare,nadj(f),barbaric; barbarian,je viens de voir les barbares détruire un continent –,I have just seen barbarians destroying a continent,75,134
4949,atroce,adj(f),atrocious,tu as couché avec cet atroce barbu? –,you had sex with that atrocious bearded loser?,72,153
4950,civique,adj(f),civil; civics,les droits civiques sont accordés aux 336.000 Arabes israéliens –,"civil rights are granted to the 336,000 Israeli Arabs",72,152
4951,ancrer,v,to anchor,ces valeurs sont fermement ancrées dans notre héritage –,these values are firmly anchored in our heritage,73,145
4952,raccrocher,v,to hang up,j’ai décidé de raccrocher ma toge –,I decided to hang up my toga,,
4953,cirque,nm,circus; cirque,nous allâmes en excursion au cirque –,we went on an outing to the circus,68,176
4954,législature,nf,legislature,cette nouvelle législature a une occasion unique dans l’histoire –,this new legislature has a unique occasion in history,50,321
4955,audiovisuel,nadj,audio-visual,"depuis cette date, le paysage audiovisuel français a changé –","since that date, the French audiovisual landscape has changed",63,213
4956,confiner,v,to confine,le plasma reste confiné à la surface du solide –,the plasma remains confined to the surface of the solid,78,113
4957,agrandir,v,"to enlarge, extend",cliquez sur l’image pour agrandir la carte –,click on the picture to enlarge the map,74,141
4958,occasionner,v,"to cause, give rise to",le conflit occasionne des pertes énormes –,the conflict is causing enormous losses,75,130
4959,allégement,nm,"lightening, unweighting, reduction",il a effectué un allégement général des impôts –,he implemented overall tax relief,50,318
4960,malin,nadj,"smart, shrewd, cunning","enfin, il faut être malin, très malin –","well, you have to be shrewd, very shrewd",59,240
4961,performant,adj,"productive, efficient",je veux rester performant et ne pas avoir une fin de carrière –,I want to stay productive and not have my career end,67,182
4962,sérénité,nf,"serenity, peacefulness",le temps était d’une sérénité désespérante –,time had a desperate clarity,73,142
4963,cuire,v,"to cook, bake, roast",on dit que le spaghetti est cuit s’il reste collé –,they say that spaghetti is cooked if it sticks together,65,197
4964,raser,v,"to shave, raze",ils avaient tous le crâne rasé –,they all had shaved heads,64,203
4965,ha,intj,oh,ha. ha. très drôle –,ha. ha. very funny,60,232
4966,revivre,v,"to live again, come back life, revive",il lui faut un souvenir pour revivre l’événement –,he needs a souvenir to relive the event,67,185
4967,piano,"adv, nm",piano,elle retournait au piano et recommençait à jouer –,she returned to the piano and resumed playing,61,225
4968,concertation,nf,"meeting, consultation","il faut travailler ensemble plus, en concertation –","we must work together more, in consultation",63,215
4969,vaisseau,nm,"ship, vessel",faites un diagnostic complet du vaisseau –,perform a complete check of the ship,53,294
4970,interaction,nf,interaction,on est en interaction avec les membres de l’équipe des émissions –,we’re interacting with the members of the broadcast team,54,285
4971,pessimiste,nadj(f),pessimistic; pessimist,je ne suis pas aussi pessimiste que lui –,I’m not as pessimistic as he is,70,161
4972,sillage,nm,"wake, slipstream",j’étais dans le sillage de Nicolas Sarkozy –,I was in the wake of Nicolas Sarkozy,77,121
4973,synonyme,nadj(f),synonymous; synonym,la Communauté européenne n’est plus synonyme de l’Europe –,the European Union is no longer synonymous with Europe,78,115
4974,hisser,v,"to hoist, raise up",nous voulons maintenant hisser la barre encore plus haut –,now we want to raise the bar even higher,72,150
4975,agréer,v,"to accept, approve of","veuillez agréer, monsieur, mes salutations distinguées –",sincerely yours,69,168
4976,comble,nadj(f),"despair; summit, overmeasure; roof","comble du malheur, COOL-FM a changé d’orientation –",depths of unhappiness: COOL-FM has changed its orientation,67,182
4977,bosniaque,nadj(f),Bosnian,le gouvernement bosniaque a accepté le plan de paix –,the Bosnian government accepted the peace plan,49,325
4978,insignifiant,adj,"insignificant, unimportant","nous parlions de choses insignifiantes, avec gaieté –",we were merrily talking of insignificant things,74,139
4979,décoller,v,"to take off; to loosen, unstick","s’ils décollent, les otages sont morts –","if they take off, the hostages are dead",68,179
4980,solidaire,adj(f),"interdependent, jointly dependent",on cesse de se sentir responsable et solidaire d’autrui –,we’re ceasing to feel responsible for others and interdependent with them,66,187
4981,ferroviaire,adj(f),"railway, rail",le trafic ferroviaire régional a été interrompu –,regional railway traffic has been interrupted,59,241
4982,dépouiller,v,"to skin, strip away, deprive, analyze",il faut savoir se dépouiller de très belles choses –,you have to know how to rid yourself of very pretty things,72,150
4983,céréale,nf,cereal,les céréales sont le premier solde excédentaire de la France –,cereals are the leading surplus commodity of France,65,197
4984,aménager,v,"to develop, plan, fit, adjust",l’avion aménagé en hôpital volant était attendu mercredi –,the airplane outfitted as a flying hospital was expected Wednesday,77,117
4985,agitation,nf,"agitation, excitement",il semble indifférent à l’agitation dont il est cause –,he seems unaffected by the agitation he has caused,68,172
4986,exode,nm,exodus,je contemple l’énorme exode des campagnards –,I’m pondering the enormous exodus of country-dwellers,72,151
4987,aire,nf,"surface, area",les déchets de l’aire métropolitaine continueront de s’accumuler –,the trash from the metropolitain area will continue to accumulate,71,158
4988,orgueil,nm,pride,"ça flatte ton orgueil de mâle, ça, hein? –","that strokes your male ego, eh?",54,280
4989,socialisme,nm,socialism,c’est le grand défi du socialisme du XXIe siècle –,it’s the grand challenge for socialism in the 21st century,65,195
4990,harmonisation,nf,harmonization,il y aura aussi un régime d’harmonisation des lois environnementales –,there will also be a system for harmonizing environmental laws,64,206
4991,provisoirement,adv,"temporarily, provisionally",je décidai provisoirement de m’en contenter –,I decided to be happy with it for the time being,72,148
4992,cocktail,nm,"cocktail, cocktail party",tu es capable de faire des cocktails assez élaborés? –,are you able to make fairly fancy cocktails?,75,129
4993,moyenne,nf,average,les chercheurs font en moyenne une carrière beaucoup plus courte –,researchers on average have a much shorter career,69,168
4994,rigoler,v,"to laugh,",ça rigole pas au labo! –,no laughing in the lab!,60,231
4995,compression,nf,"compression; cutback, reduction",toutes les compressions ont eu un prix très élevé –,all of the cutbacks have exacted a very heavy price,54,283
4996,réfléchi,adj,"thoughtful, well thought out",nous devrions agir de façon réfléchie et responsable –,we should act in a thoughtful and responsible manner,79,105
4997,expérimenter,v,to experiment,les skieurs peu expérimentés devraient renoncer aux courses –,inexperienced skiers should forego racing,76,124
4998,détériorer,v,to deteriorate,il a laissé nos routes se détériorer et se désintégrer –,he has let our roads deteriorate and disintegrate,69,170
4999,exprès,"adj(pl), adv","deliberately, on purpose, intentionally",je ne le fais pas exprès ou plutôt ce n’est pas conscient –,"I don’t do it on purpose, or rather it’s not conscious",59,242
5000,écrouler,v,"to collapse, tumble","on le trouva mort, écroulé dans les W.C. –","they found him dead, collapsed in the restroom",72,148
